
{
    "id": "00015",
    "seed": 42,
    "repetition": 0,
    "settings": {
        "simulate_catastrophe": false,
        "number_of_nodes": 30,
        "duration": 120000,
        "gossip_delta": 200,
        "failure_delta": 3800,
        "miss_delta": 3800,
        "push_pull": false,
        "pick_strategy": 2,
        "enable_multicast": true,
        "multicast_parameter": 2.5,
        "multicast_max_wait": 7600,
        "expected_first_multicast": 2533
    },
    "result": {
        "start_time": 1500717162677,
        "end_time": 1500717282696,
        "expected_crashes": [
            {
                "delta": 31130,
                "node": "27"
            }
        ],
        "reported_crashes": [
            {
                "delta": 38834,
                "node": "27",
                "reporter": "7"
            },
            {
                "delta": 38860,
                "node": "27",
                "reporter": "16"
            },
            {
                "delta": 39083,
                "node": "27",
                "reporter": "1"
            },
            {
                "delta": 39187,
                "node": "27",
                "reporter": "4"
            },
            {
                "delta": 39279,
                "node": "27",
                "reporter": "2"
            },
            {
                "delta": 39280,
                "node": "27",
                "reporter": "19"
            },
            {
                "delta": 39367,
                "node": "27",
                "reporter": "18"
            },
            {
                "delta": 39379,
                "node": "27",
                "reporter": "10"
            },
            {
                "delta": 39391,
                "node": "27",
                "reporter": "30"
            },
            {
                "delta": 39512,
                "node": "27",
                "reporter": "14"
            },
            {
                "delta": 39535,
                "node": "27",
                "reporter": "3"
            },
            {
                "delta": 39580,
                "node": "27",
                "reporter": "22"
            },
            {
                "delta": 39712,
                "node": "27",
                "reporter": "25"
            },
            {
                "delta": 39712,
                "node": "27",
                "reporter": "9"
            },
            {
                "delta": 39718,
                "node": "27",
                "reporter": "21"
            },
            {
                "delta": 39719,
                "node": "27",
                "reporter": "12"
            },
            {
                "delta": 39802,
                "node": "27",
                "reporter": "15"
            },
            {
                "delta": 39847,
                "node": "27",
                "reporter": "8"
            },
            {
                "delta": 39851,
                "node": "27",
                "reporter": "26"
            },
            {
                "delta": 39954,
                "node": "27",
                "reporter": "17"
            },
            {
                "delta": 39980,
                "node": "27",
                "reporter": "13"
            },
            {
                "delta": 40028,
                "node": "27",
                "reporter": "28"
            },
            {
                "delta": 40083,
                "node": "27",
                "reporter": "11"
            },
            {
                "delta": 40101,
                "node": "27",
                "reporter": "20"
            },
            {
                "delta": 40132,
                "node": "27",
                "reporter": "6"
            },
            {
                "delta": 40141,
                "node": "27",
                "reporter": "23"
            },
            {
                "delta": 40146,
                "node": "27",
                "reporter": "24"
            },
            {
                "delta": 40157,
                "node": "27",
                "reporter": "5"
            },
            {
                "delta": 40200,
                "node": "27",
                "reporter": "29"
            }
        ]
    }
}