
{
    "id": "00012",
    "seed": 42,
    "repetition": 0,
    "settings": {
        "simulate_catastrophe": false,
        "number_of_nodes": 30,
        "duration": 120000,
        "gossip_delta": 200,
        "failure_delta": 3800,
        "miss_delta": 3800,
        "push_pull": false,
        "pick_strategy": 2,
        "enable_multicast": true,
        "multicast_parameter": 1.0,
        "multicast_max_wait": 3800,
        "expected_first_multicast": 1266
    },
    "result": {
        "start_time": 1500716787576,
        "end_time": 1500716907587,
        "expected_crashes": [
            {
                "delta": 31130,
                "node": "27"
            }
        ],
        "reported_crashes": [
            {
                "delta": 38903,
                "node": "27",
                "reporter": "14"
            },
            {
                "delta": 38928,
                "node": "27",
                "reporter": "30"
            },
            {
                "delta": 39123,
                "node": "27",
                "reporter": "11"
            },
            {
                "delta": 39298,
                "node": "27",
                "reporter": "12"
            },
            {
                "delta": 39363,
                "node": "27",
                "reporter": "6"
            },
            {
                "delta": 39373,
                "node": "27",
                "reporter": "26"
            },
            {
                "delta": 39444,
                "node": "27",
                "reporter": "25"
            },
            {
                "delta": 39487,
                "node": "27",
                "reporter": "15"
            },
            {
                "delta": 39492,
                "node": "27",
                "reporter": "18"
            },
            {
                "delta": 39515,
                "node": "27",
                "reporter": "3"
            },
            {
                "delta": 39592,
                "node": "27",
                "reporter": "19"
            },
            {
                "delta": 39593,
                "node": "27",
                "reporter": "7"
            },
            {
                "delta": 39596,
                "node": "27",
                "reporter": "8"
            },
            {
                "delta": 39604,
                "node": "27",
                "reporter": "1"
            },
            {
                "delta": 39655,
                "node": "27",
                "reporter": "17"
            },
            {
                "delta": 39673,
                "node": "27",
                "reporter": "9"
            },
            {
                "delta": 39673,
                "node": "27",
                "reporter": "22"
            },
            {
                "delta": 39742,
                "node": "27",
                "reporter": "20"
            },
            {
                "delta": 39770,
                "node": "27",
                "reporter": "10"
            },
            {
                "delta": 39775,
                "node": "27",
                "reporter": "5"
            },
            {
                "delta": 39779,
                "node": "27",
                "reporter": "21"
            },
            {
                "delta": 39880,
                "node": "27",
                "reporter": "4"
            },
            {
                "delta": 39885,
                "node": "27",
                "reporter": "29"
            },
            {
                "delta": 39941,
                "node": "27",
                "reporter": "2"
            },
            {
                "delta": 39991,
                "node": "27",
                "reporter": "16"
            },
            {
                "delta": 40085,
                "node": "27",
                "reporter": "13"
            },
            {
                "delta": 40095,
                "node": "27",
                "reporter": "24"
            },
            {
                "delta": 40257,
                "node": "27",
                "reporter": "23"
            },
            {
                "delta": 40356,
                "node": "27",
                "reporter": "28"
            }
        ]
    }
}