
{
    "id": "00022",
    "seed": 42,
    "repetition": 0,
    "settings": {
        "simulate_catastrophe": false,
        "number_of_nodes": 30,
        "duration": 120000,
        "gossip_delta": 200,
        "failure_delta": 3800,
        "miss_delta": 3800,
        "push_pull": true,
        "pick_strategy": 1,
        "enable_multicast": true,
        "multicast_parameter": 1.0,
        "multicast_max_wait": 3800,
        "expected_first_multicast": 1266
    },
    "result": {
        "start_time": 1500718037937,
        "end_time": 1500718157946,
        "expected_crashes": [
            {
                "delta": 31130,
                "node": "27"
            }
        ],
        "reported_crashes": [
            {
                "delta": 38820,
                "node": "27",
                "reporter": "25"
            },
            {
                "delta": 39154,
                "node": "27",
                "reporter": "23"
            },
            {
                "delta": 39252,
                "node": "27",
                "reporter": "13"
            },
            {
                "delta": 39254,
                "node": "27",
                "reporter": "20"
            },
            {
                "delta": 39288,
                "node": "27",
                "reporter": "10"
            },
            {
                "delta": 39330,
                "node": "27",
                "reporter": "14"
            },
            {
                "delta": 39343,
                "node": "27",
                "reporter": "1"
            },
            {
                "delta": 39378,
                "node": "27",
                "reporter": "6"
            },
            {
                "delta": 39380,
                "node": "27",
                "reporter": "11"
            },
            {
                "delta": 39385,
                "node": "27",
                "reporter": "15"
            },
            {
                "delta": 39399,
                "node": "27",
                "reporter": "30"
            },
            {
                "delta": 39420,
                "node": "27",
                "reporter": "19"
            },
            {
                "delta": 39421,
                "node": "27",
                "reporter": "16"
            },
            {
                "delta": 39423,
                "node": "27",
                "reporter": "17"
            },
            {
                "delta": 39432,
                "node": "27",
                "reporter": "7"
            },
            {
                "delta": 39448,
                "node": "27",
                "reporter": "5"
            },
            {
                "delta": 39453,
                "node": "27",
                "reporter": "2"
            },
            {
                "delta": 39495,
                "node": "27",
                "reporter": "12"
            },
            {
                "delta": 39505,
                "node": "27",
                "reporter": "8"
            },
            {
                "delta": 39521,
                "node": "27",
                "reporter": "9"
            },
            {
                "delta": 39524,
                "node": "27",
                "reporter": "28"
            },
            {
                "delta": 39526,
                "node": "27",
                "reporter": "4"
            },
            {
                "delta": 39533,
                "node": "27",
                "reporter": "26"
            },
            {
                "delta": 39547,
                "node": "27",
                "reporter": "29"
            },
            {
                "delta": 39578,
                "node": "27",
                "reporter": "21"
            },
            {
                "delta": 39611,
                "node": "27",
                "reporter": "24"
            },
            {
                "delta": 39636,
                "node": "27",
                "reporter": "3"
            },
            {
                "delta": 39642,
                "node": "27",
                "reporter": "22"
            },
            {
                "delta": 39649,
                "node": "27",
                "reporter": "18"
            }
        ]
    }
}