
{
    "id": "00026",
    "seed": 42,
    "repetition": 0,
    "settings": {
        "simulate_catastrophe": false,
        "number_of_nodes": 30,
        "duration": 120000,
        "gossip_delta": 200,
        "failure_delta": 3800,
        "miss_delta": 3800,
        "push_pull": true,
        "pick_strategy": 2,
        "enable_multicast": false,
        "multicast_parameter": null,
        "multicast_max_wait": null,
        "expected_first_multicast": null
    },
    "result": {
        "start_time": 1500718538066,
        "end_time": 1500718658077,
        "expected_crashes": [
            {
                "delta": 31130,
                "node": "27"
            }
        ],
        "reported_crashes": [
            {
                "delta": 34914,
                "node": "27",
                "reporter": "19"
            },
            {
                "delta": 35052,
                "node": "27",
                "reporter": "16"
            },
            {
                "delta": 35053,
                "node": "27",
                "reporter": "26"
            },
            {
                "delta": 35069,
                "node": "27",
                "reporter": "30"
            },
            {
                "delta": 35210,
                "node": "27",
                "reporter": "9"
            },
            {
                "delta": 35266,
                "node": "27",
                "reporter": "11"
            },
            {
                "delta": 35314,
                "node": "27",
                "reporter": "24"
            },
            {
                "delta": 35319,
                "node": "27",
                "reporter": "18"
            },
            {
                "delta": 35329,
                "node": "27",
                "reporter": "4"
            },
            {
                "delta": 35347,
                "node": "27",
                "reporter": "28"
            },
            {
                "delta": 35356,
                "node": "27",
                "reporter": "15"
            },
            {
                "delta": 35371,
                "node": "27",
                "reporter": "1"
            },
            {
                "delta": 35374,
                "node": "27",
                "reporter": "5"
            },
            {
                "delta": 35383,
                "node": "27",
                "reporter": "12"
            },
            {
                "delta": 35412,
                "node": "27",
                "reporter": "6"
            },
            {
                "delta": 35415,
                "node": "27",
                "reporter": "3"
            },
            {
                "delta": 35421,
                "node": "27",
                "reporter": "21"
            },
            {
                "delta": 35441,
                "node": "27",
                "reporter": "25"
            },
            {
                "delta": 35442,
                "node": "27",
                "reporter": "22"
            },
            {
                "delta": 35468,
                "node": "27",
                "reporter": "10"
            },
            {
                "delta": 35468,
                "node": "27",
                "reporter": "8"
            },
            {
                "delta": 35497,
                "node": "27",
                "reporter": "29"
            },
            {
                "delta": 35559,
                "node": "27",
                "reporter": "7"
            },
            {
                "delta": 35596,
                "node": "27",
                "reporter": "13"
            },
            {
                "delta": 35597,
                "node": "27",
                "reporter": "14"
            },
            {
                "delta": 35602,
                "node": "27",
                "reporter": "23"
            },
            {
                "delta": 35671,
                "node": "27",
                "reporter": "17"
            },
            {
                "delta": 35679,
                "node": "27",
                "reporter": "2"
            },
            {
                "delta": 35696,
                "node": "27",
                "reporter": "20"
            }
        ]
    }
}