
{
    "id": "00033",
    "seed": 42,
    "repetition": 0,
    "settings": {
        "simulate_catastrophe": false,
        "number_of_nodes": 30,
        "duration": 120000,
        "gossip_delta": 200,
        "failure_delta": 3400,
        "miss_delta": 3400,
        "push_pull": false,
        "pick_strategy": 0,
        "enable_multicast": true,
        "multicast_parameter": 5.75,
        "multicast_max_wait": 3400,
        "expected_first_multicast": 2266
    },
    "result": {
        "start_time": 1500719413287,
        "end_time": 1500719533297,
        "expected_crashes": [
            {
                "delta": 31130,
                "node": "27"
            }
        ],
        "reported_crashes": [
            {
                "delta": 38230,
                "node": "27",
                "reporter": "18"
            },
            {
                "delta": 38374,
                "node": "27",
                "reporter": "17"
            },
            {
                "delta": 38577,
                "node": "27",
                "reporter": "20"
            },
            {
                "delta": 38579,
                "node": "27",
                "reporter": "23"
            },
            {
                "delta": 38723,
                "node": "27",
                "reporter": "11"
            },
            {
                "delta": 38723,
                "node": "27",
                "reporter": "16"
            },
            {
                "delta": 38766,
                "node": "27",
                "reporter": "1"
            },
            {
                "delta": 38851,
                "node": "27",
                "reporter": "29"
            },
            {
                "delta": 38872,
                "node": "27",
                "reporter": "25"
            },
            {
                "delta": 38940,
                "node": "27",
                "reporter": "24"
            },
            {
                "delta": 38992,
                "node": "27",
                "reporter": "19"
            },
            {
                "delta": 39057,
                "node": "27",
                "reporter": "15"
            },
            {
                "delta": 39099,
                "node": "27",
                "reporter": "3"
            },
            {
                "delta": 39103,
                "node": "27",
                "reporter": "12"
            },
            {
                "delta": 39117,
                "node": "27",
                "reporter": "4"
            },
            {
                "delta": 39139,
                "node": "27",
                "reporter": "2"
            },
            {
                "delta": 39160,
                "node": "27",
                "reporter": "10"
            },
            {
                "delta": 39161,
                "node": "27",
                "reporter": "5"
            },
            {
                "delta": 39215,
                "node": "27",
                "reporter": "8"
            },
            {
                "delta": 39229,
                "node": "27",
                "reporter": "14"
            },
            {
                "delta": 39305,
                "node": "27",
                "reporter": "26"
            },
            {
                "delta": 39366,
                "node": "27",
                "reporter": "13"
            },
            {
                "delta": 39449,
                "node": "27",
                "reporter": "21"
            },
            {
                "delta": 39510,
                "node": "27",
                "reporter": "22"
            },
            {
                "delta": 39535,
                "node": "27",
                "reporter": "7"
            },
            {
                "delta": 39658,
                "node": "27",
                "reporter": "30"
            },
            {
                "delta": 39762,
                "node": "27",
                "reporter": "6"
            },
            {
                "delta": 39833,
                "node": "27",
                "reporter": "28"
            },
            {
                "delta": 40205,
                "node": "27",
                "reporter": "9"
            }
        ]
    }
}