
{
    "id": "00039",
    "seed": 42,
    "repetition": 0,
    "settings": {
        "simulate_catastrophe": false,
        "number_of_nodes": 30,
        "duration": 120000,
        "gossip_delta": 200,
        "failure_delta": 3400,
        "miss_delta": 3400,
        "push_pull": false,
        "pick_strategy": 1,
        "enable_multicast": true,
        "multicast_parameter": 1.0,
        "multicast_max_wait": 6800,
        "expected_first_multicast": 1133
    },
    "result": {
        "start_time": 1500720163486,
        "end_time": 1500720283497,
        "expected_crashes": [
            {
                "delta": 31130,
                "node": "27"
            }
        ],
        "reported_crashes": [
            {
                "delta": 37911,
                "node": "27",
                "reporter": "19"
            },
            {
                "delta": 38167,
                "node": "27",
                "reporter": "24"
            },
            {
                "delta": 38281,
                "node": "27",
                "reporter": "2"
            },
            {
                "delta": 38355,
                "node": "27",
                "reporter": "15"
            },
            {
                "delta": 38383,
                "node": "27",
                "reporter": "12"
            },
            {
                "delta": 38501,
                "node": "27",
                "reporter": "14"
            },
            {
                "delta": 38588,
                "node": "27",
                "reporter": "9"
            },
            {
                "delta": 38593,
                "node": "27",
                "reporter": "28"
            },
            {
                "delta": 38631,
                "node": "27",
                "reporter": "18"
            },
            {
                "delta": 38692,
                "node": "27",
                "reporter": "25"
            },
            {
                "delta": 38735,
                "node": "27",
                "reporter": "3"
            },
            {
                "delta": 38780,
                "node": "27",
                "reporter": "30"
            },
            {
                "delta": 38804,
                "node": "27",
                "reporter": "22"
            },
            {
                "delta": 38813,
                "node": "27",
                "reporter": "1"
            },
            {
                "delta": 38818,
                "node": "27",
                "reporter": "11"
            },
            {
                "delta": 38922,
                "node": "27",
                "reporter": "6"
            },
            {
                "delta": 38955,
                "node": "27",
                "reporter": "10"
            },
            {
                "delta": 38980,
                "node": "27",
                "reporter": "20"
            },
            {
                "delta": 39014,
                "node": "27",
                "reporter": "29"
            },
            {
                "delta": 39049,
                "node": "27",
                "reporter": "26"
            },
            {
                "delta": 39101,
                "node": "27",
                "reporter": "7"
            },
            {
                "delta": 39194,
                "node": "27",
                "reporter": "23"
            },
            {
                "delta": 39239,
                "node": "27",
                "reporter": "21"
            },
            {
                "delta": 39241,
                "node": "27",
                "reporter": "4"
            },
            {
                "delta": 39347,
                "node": "27",
                "reporter": "8"
            },
            {
                "delta": 39359,
                "node": "27",
                "reporter": "17"
            },
            {
                "delta": 39567,
                "node": "27",
                "reporter": "16"
            },
            {
                "delta": 39577,
                "node": "27",
                "reporter": "5"
            },
            {
                "delta": 39778,
                "node": "27",
                "reporter": "13"
            }
        ]
    }
}