
{
    "id": "00046",
    "seed": 42,
    "repetition": 0,
    "settings": {
        "simulate_catastrophe": false,
        "number_of_nodes": 30,
        "duration": 120000,
        "gossip_delta": 200,
        "failure_delta": 3400,
        "miss_delta": 3400,
        "push_pull": true,
        "pick_strategy": 0,
        "enable_multicast": false,
        "multicast_parameter": null,
        "multicast_max_wait": null,
        "expected_first_multicast": null
    },
    "result": {
        "start_time": 1500721038696,
        "end_time": 1500721158706,
        "expected_crashes": [
            {
                "delta": 31130,
                "node": "27"
            }
        ],
        "reported_crashes": [
            {
                "delta": 34787,
                "node": "27",
                "reporter": "13"
            },
            {
                "delta": 34977,
                "node": "27",
                "reporter": "8"
            },
            {
                "delta": 35062,
                "node": "27",
                "reporter": "19"
            },
            {
                "delta": 35108,
                "node": "27",
                "reporter": "24"
            },
            {
                "delta": 35220,
                "node": "27",
                "reporter": "2"
            },
            {
                "delta": 35311,
                "node": "27",
                "reporter": "4"
            },
            {
                "delta": 35315,
                "node": "27",
                "reporter": "11"
            },
            {
                "delta": 35323,
                "node": "27",
                "reporter": "5"
            },
            {
                "delta": 35356,
                "node": "27",
                "reporter": "9"
            },
            {
                "delta": 35364,
                "node": "27",
                "reporter": "10"
            },
            {
                "delta": 35366,
                "node": "27",
                "reporter": "16"
            },
            {
                "delta": 35446,
                "node": "27",
                "reporter": "18"
            },
            {
                "delta": 35478,
                "node": "27",
                "reporter": "30"
            },
            {
                "delta": 35493,
                "node": "27",
                "reporter": "25"
            },
            {
                "delta": 35523,
                "node": "27",
                "reporter": "23"
            },
            {
                "delta": 35553,
                "node": "27",
                "reporter": "22"
            },
            {
                "delta": 35602,
                "node": "27",
                "reporter": "20"
            },
            {
                "delta": 35611,
                "node": "27",
                "reporter": "28"
            },
            {
                "delta": 35636,
                "node": "27",
                "reporter": "26"
            },
            {
                "delta": 35645,
                "node": "27",
                "reporter": "6"
            },
            {
                "delta": 35663,
                "node": "27",
                "reporter": "12"
            },
            {
                "delta": 35690,
                "node": "27",
                "reporter": "7"
            },
            {
                "delta": 35720,
                "node": "27",
                "reporter": "21"
            },
            {
                "delta": 35734,
                "node": "27",
                "reporter": "1"
            },
            {
                "delta": 35737,
                "node": "27",
                "reporter": "17"
            },
            {
                "delta": 35910,
                "node": "27",
                "reporter": "15"
            },
            {
                "delta": 35915,
                "node": "27",
                "reporter": "29"
            },
            {
                "delta": 35924,
                "node": "27",
                "reporter": "3"
            },
            {
                "delta": 36011,
                "node": "27",
                "reporter": "14"
            }
        ]
    }
}