
{
    "id": "00041",
    "seed": 42,
    "repetition": 0,
    "settings": {
        "simulate_catastrophe": false,
        "number_of_nodes": 30,
        "duration": 120000,
        "gossip_delta": 200,
        "failure_delta": 3400,
        "miss_delta": 3400,
        "push_pull": false,
        "pick_strategy": 2,
        "enable_multicast": false,
        "multicast_parameter": null,
        "multicast_max_wait": null,
        "expected_first_multicast": null
    },
    "result": {
        "start_time": 1500720413546,
        "end_time": 1500720533557,
        "expected_crashes": [
            {
                "delta": 31130,
                "node": "27"
            }
        ],
        "reported_crashes": [
            {
                "delta": 34689,
                "node": "27",
                "reporter": "26"
            },
            {
                "delta": 34861,
                "node": "27",
                "reporter": "7"
            },
            {
                "delta": 35014,
                "node": "27",
                "reporter": "10"
            },
            {
                "delta": 35165,
                "node": "27",
                "reporter": "29"
            },
            {
                "delta": 35277,
                "node": "27",
                "reporter": "9"
            },
            {
                "delta": 35380,
                "node": "27",
                "reporter": "6"
            },
            {
                "delta": 35387,
                "node": "27",
                "reporter": "24"
            },
            {
                "delta": 35461,
                "node": "27",
                "reporter": "22"
            },
            {
                "delta": 35516,
                "node": "27",
                "reporter": "16"
            },
            {
                "delta": 35527,
                "node": "27",
                "reporter": "5"
            },
            {
                "delta": 35582,
                "node": "27",
                "reporter": "2"
            },
            {
                "delta": 35591,
                "node": "27",
                "reporter": "14"
            },
            {
                "delta": 35598,
                "node": "27",
                "reporter": "11"
            },
            {
                "delta": 35630,
                "node": "27",
                "reporter": "30"
            },
            {
                "delta": 35674,
                "node": "27",
                "reporter": "12"
            },
            {
                "delta": 35706,
                "node": "27",
                "reporter": "8"
            },
            {
                "delta": 35709,
                "node": "27",
                "reporter": "21"
            },
            {
                "delta": 35715,
                "node": "27",
                "reporter": "3"
            },
            {
                "delta": 35832,
                "node": "27",
                "reporter": "4"
            },
            {
                "delta": 35848,
                "node": "27",
                "reporter": "18"
            },
            {
                "delta": 35894,
                "node": "27",
                "reporter": "1"
            },
            {
                "delta": 35913,
                "node": "27",
                "reporter": "19"
            },
            {
                "delta": 35920,
                "node": "27",
                "reporter": "23"
            },
            {
                "delta": 35938,
                "node": "27",
                "reporter": "13"
            },
            {
                "delta": 35951,
                "node": "27",
                "reporter": "20"
            },
            {
                "delta": 36001,
                "node": "27",
                "reporter": "28"
            },
            {
                "delta": 36003,
                "node": "27",
                "reporter": "25"
            },
            {
                "delta": 36008,
                "node": "27",
                "reporter": "17"
            },
            {
                "delta": 36335,
                "node": "27",
                "reporter": "15"
            }
        ]
    }
}