
{
    "id": "00055",
    "seed": 42,
    "repetition": 0,
    "settings": {
        "simulate_catastrophe": false,
        "number_of_nodes": 30,
        "duration": 120000,
        "gossip_delta": 200,
        "failure_delta": 3400,
        "miss_delta": 3400,
        "push_pull": true,
        "pick_strategy": 1,
        "enable_multicast": true,
        "multicast_parameter": 2.75,
        "multicast_max_wait": 6800,
        "expected_first_multicast": 2266
    },
    "result": {
        "start_time": 1500722163957,
        "end_time": 1500722283967,
        "expected_crashes": [
            {
                "delta": 31130,
                "node": "27"
            }
        ],
        "reported_crashes": [
            {
                "delta": 38086,
                "node": "27",
                "reporter": "8"
            },
            {
                "delta": 38155,
                "node": "27",
                "reporter": "17"
            },
            {
                "delta": 38239,
                "node": "27",
                "reporter": "19"
            },
            {
                "delta": 38281,
                "node": "27",
                "reporter": "12"
            },
            {
                "delta": 38284,
                "node": "27",
                "reporter": "22"
            },
            {
                "delta": 38344,
                "node": "27",
                "reporter": "20"
            },
            {
                "delta": 38385,
                "node": "27",
                "reporter": "7"
            },
            {
                "delta": 38402,
                "node": "27",
                "reporter": "2"
            },
            {
                "delta": 38413,
                "node": "27",
                "reporter": "15"
            },
            {
                "delta": 38454,
                "node": "27",
                "reporter": "26"
            },
            {
                "delta": 38484,
                "node": "27",
                "reporter": "10"
            },
            {
                "delta": 38500,
                "node": "27",
                "reporter": "16"
            },
            {
                "delta": 38514,
                "node": "27",
                "reporter": "14"
            },
            {
                "delta": 38526,
                "node": "27",
                "reporter": "23"
            },
            {
                "delta": 38528,
                "node": "27",
                "reporter": "11"
            },
            {
                "delta": 38535,
                "node": "27",
                "reporter": "28"
            },
            {
                "delta": 38538,
                "node": "27",
                "reporter": "29"
            },
            {
                "delta": 38542,
                "node": "27",
                "reporter": "13"
            },
            {
                "delta": 38559,
                "node": "27",
                "reporter": "18"
            },
            {
                "delta": 38581,
                "node": "27",
                "reporter": "30"
            },
            {
                "delta": 38585,
                "node": "27",
                "reporter": "24"
            },
            {
                "delta": 38608,
                "node": "27",
                "reporter": "1"
            },
            {
                "delta": 38615,
                "node": "27",
                "reporter": "9"
            },
            {
                "delta": 38618,
                "node": "27",
                "reporter": "21"
            },
            {
                "delta": 38648,
                "node": "27",
                "reporter": "6"
            },
            {
                "delta": 38691,
                "node": "27",
                "reporter": "25"
            },
            {
                "delta": 38856,
                "node": "27",
                "reporter": "4"
            },
            {
                "delta": 38870,
                "node": "27",
                "reporter": "3"
            },
            {
                "delta": 38895,
                "node": "27",
                "reporter": "5"
            }
        ]
    }
}