
{
    "id": "00051",
    "seed": 42,
    "repetition": 0,
    "settings": {
        "simulate_catastrophe": false,
        "number_of_nodes": 30,
        "duration": 120000,
        "gossip_delta": 200,
        "failure_delta": 3400,
        "miss_delta": 3400,
        "push_pull": true,
        "pick_strategy": 1,
        "enable_multicast": false,
        "multicast_parameter": null,
        "multicast_max_wait": null,
        "expected_first_multicast": null
    },
    "result": {
        "start_time": 1500721663837,
        "end_time": 1500721783847,
        "expected_crashes": [
            {
                "delta": 31130,
                "node": "27"
            }
        ],
        "reported_crashes": [
            {
                "delta": 34794,
                "node": "27",
                "reporter": "4"
            },
            {
                "delta": 34920,
                "node": "27",
                "reporter": "22"
            },
            {
                "delta": 35059,
                "node": "27",
                "reporter": "9"
            },
            {
                "delta": 35059,
                "node": "27",
                "reporter": "13"
            },
            {
                "delta": 35086,
                "node": "27",
                "reporter": "6"
            },
            {
                "delta": 35111,
                "node": "27",
                "reporter": "2"
            },
            {
                "delta": 35130,
                "node": "27",
                "reporter": "25"
            },
            {
                "delta": 35156,
                "node": "27",
                "reporter": "30"
            },
            {
                "delta": 35175,
                "node": "27",
                "reporter": "10"
            },
            {
                "delta": 35179,
                "node": "27",
                "reporter": "24"
            },
            {
                "delta": 35214,
                "node": "27",
                "reporter": "17"
            },
            {
                "delta": 35214,
                "node": "27",
                "reporter": "8"
            },
            {
                "delta": 35233,
                "node": "27",
                "reporter": "7"
            },
            {
                "delta": 35262,
                "node": "27",
                "reporter": "15"
            },
            {
                "delta": 35282,
                "node": "27",
                "reporter": "29"
            },
            {
                "delta": 35283,
                "node": "27",
                "reporter": "12"
            },
            {
                "delta": 35286,
                "node": "27",
                "reporter": "14"
            },
            {
                "delta": 35293,
                "node": "27",
                "reporter": "5"
            },
            {
                "delta": 35338,
                "node": "27",
                "reporter": "3"
            },
            {
                "delta": 35368,
                "node": "27",
                "reporter": "19"
            },
            {
                "delta": 35385,
                "node": "27",
                "reporter": "23"
            },
            {
                "delta": 35406,
                "node": "27",
                "reporter": "21"
            },
            {
                "delta": 35481,
                "node": "27",
                "reporter": "26"
            },
            {
                "delta": 35497,
                "node": "27",
                "reporter": "18"
            },
            {
                "delta": 35528,
                "node": "27",
                "reporter": "16"
            },
            {
                "delta": 35542,
                "node": "27",
                "reporter": "11"
            },
            {
                "delta": 35593,
                "node": "27",
                "reporter": "28"
            },
            {
                "delta": 35613,
                "node": "27",
                "reporter": "20"
            },
            {
                "delta": 35646,
                "node": "27",
                "reporter": "1"
            }
        ]
    }
}