
{
    "id": "00050",
    "seed": 42,
    "repetition": 0,
    "settings": {
        "simulate_catastrophe": false,
        "number_of_nodes": 30,
        "duration": 120000,
        "gossip_delta": 200,
        "failure_delta": 3400,
        "miss_delta": 3400,
        "push_pull": true,
        "pick_strategy": 0,
        "enable_multicast": true,
        "multicast_parameter": 2.75,
        "multicast_max_wait": 6800,
        "expected_first_multicast": 2266
    },
    "result": {
        "start_time": 1500721538806,
        "end_time": 1500721658817,
        "expected_crashes": [
            {
                "delta": 31130,
                "node": "27"
            }
        ],
        "reported_crashes": [
            {
                "delta": 6826,
                "node": "14",
                "reporter": "30"
            },
            {
                "delta": 6849,
                "node": "14",
                "reporter": "16"
            },
            {
                "delta": 6852,
                "node": "14",
                "reporter": "25"
            },
            {
                "delta": 6852,
                "node": "14",
                "reporter": "2"
            },
            {
                "delta": 6856,
                "node": "14",
                "reporter": "10"
            },
            {
                "delta": 6891,
                "node": "14",
                "reporter": "26"
            },
            {
                "delta": 6901,
                "node": "14",
                "reporter": "22"
            },
            {
                "delta": 6905,
                "node": "14",
                "reporter": "8"
            },
            {
                "delta": 6950,
                "node": "14",
                "reporter": "11"
            },
            {
                "delta": 6959,
                "node": "14",
                "reporter": "27"
            },
            {
                "delta": 6963,
                "node": "14",
                "reporter": "7"
            },
            {
                "delta": 6971,
                "node": "14",
                "reporter": "19"
            },
            {
                "delta": 6973,
                "node": "14",
                "reporter": "20"
            },
            {
                "delta": 6974,
                "node": "14",
                "reporter": "12"
            },
            {
                "delta": 6975,
                "node": "14",
                "reporter": "6"
            },
            {
                "delta": 6976,
                "node": "14",
                "reporter": "1"
            },
            {
                "delta": 6977,
                "node": "14",
                "reporter": "18"
            },
            {
                "delta": 6978,
                "node": "14",
                "reporter": "21"
            },
            {
                "delta": 6978,
                "node": "14",
                "reporter": "9"
            },
            {
                "delta": 7000,
                "node": "14",
                "reporter": "24"
            },
            {
                "delta": 7000,
                "node": "14",
                "reporter": "13"
            },
            {
                "delta": 7002,
                "node": "14",
                "reporter": "17"
            },
            {
                "delta": 7005,
                "node": "14",
                "reporter": "23"
            },
            {
                "delta": 7007,
                "node": "14",
                "reporter": "3"
            },
            {
                "delta": 7012,
                "node": "14",
                "reporter": "5"
            },
            {
                "delta": 7025,
                "node": "14",
                "reporter": "4"
            },
            {
                "delta": 7053,
                "node": "14",
                "reporter": "28"
            },
            {
                "delta": 7063,
                "node": "14",
                "reporter": "29"
            },
            {
                "delta": 7063,
                "node": "14",
                "reporter": "15"
            },
            {
                "delta": 26579,
                "node": "6",
                "reporter": "14"
            },
            {
                "delta": 26579,
                "node": "17",
                "reporter": "14"
            },
            {
                "delta": 26579,
                "node": "19",
                "reporter": "14"
            },
            {
                "delta": 26579,
                "node": "8",
                "reporter": "14"
            },
            {
                "delta": 26579,
                "node": "7",
                "reporter": "14"
            },
            {
                "delta": 26579,
                "node": "23",
                "reporter": "14"
            },
            {
                "delta": 26579,
                "node": "22",
                "reporter": "14"
            },
            {
                "delta": 33136,
                "node": "13",
                "reporter": "14"
            },
            {
                "delta": 33136,
                "node": "21",
                "reporter": "14"
            },
            {
                "delta": 33136,
                "node": "28",
                "reporter": "14"
            },
            {
                "delta": 33136,
                "node": "2",
                "reporter": "14"
            },
            {
                "delta": 33136,
                "node": "4",
                "reporter": "14"
            },
            {
                "delta": 33137,
                "node": "20",
                "reporter": "14"
            },
            {
                "delta": 33137,
                "node": "10",
                "reporter": "14"
            },
            {
                "delta": 33137,
                "node": "3",
                "reporter": "14"
            },
            {
                "delta": 38111,
                "node": "27",
                "reporter": "25"
            },
            {
                "delta": 38356,
                "node": "27",
                "reporter": "30"
            },
            {
                "delta": 38434,
                "node": "27",
                "reporter": "28"
            },
            {
                "delta": 38503,
                "node": "27",
                "reporter": "26"
            },
            {
                "delta": 38548,
                "node": "27",
                "reporter": "18"
            },
            {
                "delta": 38563,
                "node": "27",
                "reporter": "15"
            },
            {
                "delta": 38564,
                "node": "27",
                "reporter": "12"
            },
            {
                "delta": 38593,
                "node": "27",
                "reporter": "20"
            },
            {
                "delta": 38612,
                "node": "27",
                "reporter": "2"
            },
            {
                "delta": 38638,
                "node": "27",
                "reporter": "3"
            },
            {
                "delta": 38678,
                "node": "27",
                "reporter": "23"
            },
            {
                "delta": 38712,
                "node": "27",
                "reporter": "17"
            },
            {
                "delta": 38720,
                "node": "27",
                "reporter": "13"
            },
            {
                "delta": 38748,
                "node": "27",
                "reporter": "16"
            },
            {
                "delta": 38770,
                "node": "27",
                "reporter": "24"
            },
            {
                "delta": 38783,
                "node": "27",
                "reporter": "29"
            },
            {
                "delta": 38785,
                "node": "27",
                "reporter": "6"
            },
            {
                "delta": 38788,
                "node": "27",
                "reporter": "9"
            },
            {
                "delta": 38813,
                "node": "27",
                "reporter": "7"
            },
            {
                "delta": 38816,
                "node": "27",
                "reporter": "1"
            },
            {
                "delta": 38822,
                "node": "27",
                "reporter": "11"
            },
            {
                "delta": 38825,
                "node": "27",
                "reporter": "10"
            },
            {
                "delta": 38830,
                "node": "27",
                "reporter": "19"
            },
            {
                "delta": 38902,
                "node": "27",
                "reporter": "22"
            },
            {
                "delta": 38975,
                "node": "27",
                "reporter": "4"
            },
            {
                "delta": 39006,
                "node": "27",
                "reporter": "8"
            },
            {
                "delta": 39058,
                "node": "27",
                "reporter": "21"
            },
            {
                "delta": 39143,
                "node": "27",
                "reporter": "5"
            },
            {
                "delta": 58045,
                "node": "11",
                "reporter": "14"
            },
            {
                "delta": 58045,
                "node": "12",
                "reporter": "14"
            },
            {
                "delta": 58045,
                "node": "16",
                "reporter": "14"
            },
            {
                "delta": 58045,
                "node": "9",
                "reporter": "14"
            },
            {
                "delta": 58045,
                "node": "5",
                "reporter": "14"
            },
            {
                "delta": 64999,
                "node": "27",
                "reporter": "14"
            }
        ]
    }
}