
{
    "id": "00064",
    "seed": 42,
    "repetition": 0,
    "settings": {
        "simulate_catastrophe": false,
        "number_of_nodes": 30,
        "duration": 120000,
        "gossip_delta": 200,
        "failure_delta": 3000,
        "miss_delta": 3000,
        "push_pull": false,
        "pick_strategy": 0,
        "enable_multicast": true,
        "multicast_parameter": 1.0,
        "multicast_max_wait": 6000,
        "expected_first_multicast": 1000
    },
    "result": {
        "start_time": 1500723289237,
        "end_time": 1500723409249,
        "expected_crashes": [
            {
                "delta": 31130,
                "node": "27"
            }
        ],
        "reported_crashes": [
            {
                "delta": 37395,
                "node": "27",
                "reporter": "23"
            },
            {
                "delta": 37702,
                "node": "27",
                "reporter": "5"
            },
            {
                "delta": 37709,
                "node": "27",
                "reporter": "30"
            },
            {
                "delta": 37820,
                "node": "27",
                "reporter": "22"
            },
            {
                "delta": 37828,
                "node": "27",
                "reporter": "16"
            },
            {
                "delta": 37929,
                "node": "27",
                "reporter": "25"
            },
            {
                "delta": 37977,
                "node": "27",
                "reporter": "6"
            },
            {
                "delta": 38077,
                "node": "27",
                "reporter": "11"
            },
            {
                "delta": 38101,
                "node": "27",
                "reporter": "14"
            },
            {
                "delta": 38105,
                "node": "27",
                "reporter": "1"
            },
            {
                "delta": 38135,
                "node": "27",
                "reporter": "21"
            },
            {
                "delta": 38205,
                "node": "27",
                "reporter": "20"
            },
            {
                "delta": 38244,
                "node": "27",
                "reporter": "8"
            },
            {
                "delta": 38363,
                "node": "27",
                "reporter": "26"
            },
            {
                "delta": 38363,
                "node": "27",
                "reporter": "4"
            },
            {
                "delta": 38368,
                "node": "27",
                "reporter": "13"
            },
            {
                "delta": 38396,
                "node": "27",
                "reporter": "29"
            },
            {
                "delta": 38423,
                "node": "27",
                "reporter": "24"
            },
            {
                "delta": 38443,
                "node": "27",
                "reporter": "7"
            },
            {
                "delta": 38466,
                "node": "27",
                "reporter": "18"
            },
            {
                "delta": 38503,
                "node": "27",
                "reporter": "28"
            },
            {
                "delta": 38527,
                "node": "27",
                "reporter": "19"
            },
            {
                "delta": 38555,
                "node": "27",
                "reporter": "10"
            },
            {
                "delta": 38610,
                "node": "27",
                "reporter": "2"
            },
            {
                "delta": 38621,
                "node": "27",
                "reporter": "17"
            },
            {
                "delta": 38626,
                "node": "27",
                "reporter": "12"
            },
            {
                "delta": 38633,
                "node": "27",
                "reporter": "15"
            },
            {
                "delta": 38778,
                "node": "27",
                "reporter": "3"
            },
            {
                "delta": 38918,
                "node": "27",
                "reporter": "9"
            }
        ]
    }
}