
{
    "id": "00068",
    "seed": 42,
    "repetition": 0,
    "settings": {
        "simulate_catastrophe": false,
        "number_of_nodes": 30,
        "duration": 120000,
        "gossip_delta": 200,
        "failure_delta": 3000,
        "miss_delta": 3000,
        "push_pull": false,
        "pick_strategy": 1,
        "enable_multicast": true,
        "multicast_parameter": 5.75,
        "multicast_max_wait": 3000,
        "expected_first_multicast": 2000
    },
    "result": {
        "start_time": 1500723789356,
        "end_time": 1500723909367,
        "expected_crashes": [
            {
                "delta": 31130,
                "node": "27"
            }
        ],
        "reported_crashes": [
            {
                "delta": 37214,
                "node": "27",
                "reporter": "11"
            },
            {
                "delta": 37235,
                "node": "27",
                "reporter": "10"
            },
            {
                "delta": 37441,
                "node": "27",
                "reporter": "2"
            },
            {
                "delta": 37483,
                "node": "27",
                "reporter": "1"
            },
            {
                "delta": 37560,
                "node": "27",
                "reporter": "25"
            },
            {
                "delta": 37622,
                "node": "27",
                "reporter": "8"
            },
            {
                "delta": 37753,
                "node": "27",
                "reporter": "26"
            },
            {
                "delta": 37780,
                "node": "27",
                "reporter": "12"
            },
            {
                "delta": 37860,
                "node": "27",
                "reporter": "30"
            },
            {
                "delta": 37887,
                "node": "27",
                "reporter": "7"
            },
            {
                "delta": 37888,
                "node": "27",
                "reporter": "9"
            },
            {
                "delta": 37941,
                "node": "27",
                "reporter": "5"
            },
            {
                "delta": 37975,
                "node": "27",
                "reporter": "29"
            },
            {
                "delta": 37978,
                "node": "27",
                "reporter": "16"
            },
            {
                "delta": 38038,
                "node": "27",
                "reporter": "18"
            },
            {
                "delta": 38049,
                "node": "27",
                "reporter": "6"
            },
            {
                "delta": 38074,
                "node": "27",
                "reporter": "14"
            },
            {
                "delta": 38114,
                "node": "27",
                "reporter": "21"
            },
            {
                "delta": 38188,
                "node": "27",
                "reporter": "17"
            },
            {
                "delta": 38192,
                "node": "27",
                "reporter": "28"
            },
            {
                "delta": 38445,
                "node": "27",
                "reporter": "20"
            },
            {
                "delta": 38514,
                "node": "27",
                "reporter": "19"
            },
            {
                "delta": 38538,
                "node": "27",
                "reporter": "22"
            },
            {
                "delta": 38550,
                "node": "27",
                "reporter": "23"
            },
            {
                "delta": 38601,
                "node": "27",
                "reporter": "24"
            },
            {
                "delta": 38606,
                "node": "27",
                "reporter": "13"
            },
            {
                "delta": 38626,
                "node": "27",
                "reporter": "15"
            },
            {
                "delta": 38711,
                "node": "27",
                "reporter": "4"
            },
            {
                "delta": 38955,
                "node": "27",
                "reporter": "3"
            }
        ]
    }
}