
{
    "id": "00069",
    "seed": 42,
    "repetition": 0,
    "settings": {
        "simulate_catastrophe": false,
        "number_of_nodes": 30,
        "duration": 120000,
        "gossip_delta": 200,
        "failure_delta": 3000,
        "miss_delta": 3000,
        "push_pull": false,
        "pick_strategy": 1,
        "enable_multicast": true,
        "multicast_parameter": 1.0,
        "multicast_max_wait": 6000,
        "expected_first_multicast": 1000
    },
    "result": {
        "start_time": 1500723914386,
        "end_time": 1500724034397,
        "expected_crashes": [
            {
                "delta": 31130,
                "node": "27"
            }
        ],
        "reported_crashes": [
            {
                "delta": 37125,
                "node": "27",
                "reporter": "21"
            },
            {
                "delta": 37390,
                "node": "27",
                "reporter": "4"
            },
            {
                "delta": 37618,
                "node": "27",
                "reporter": "20"
            },
            {
                "delta": 37682,
                "node": "27",
                "reporter": "30"
            },
            {
                "delta": 37683,
                "node": "27",
                "reporter": "26"
            },
            {
                "delta": 37685,
                "node": "27",
                "reporter": "13"
            },
            {
                "delta": 37792,
                "node": "27",
                "reporter": "8"
            },
            {
                "delta": 37812,
                "node": "27",
                "reporter": "12"
            },
            {
                "delta": 37886,
                "node": "27",
                "reporter": "7"
            },
            {
                "delta": 37888,
                "node": "27",
                "reporter": "18"
            },
            {
                "delta": 37894,
                "node": "27",
                "reporter": "14"
            },
            {
                "delta": 37931,
                "node": "27",
                "reporter": "5"
            },
            {
                "delta": 37933,
                "node": "27",
                "reporter": "11"
            },
            {
                "delta": 37988,
                "node": "27",
                "reporter": "9"
            },
            {
                "delta": 38097,
                "node": "27",
                "reporter": "16"
            },
            {
                "delta": 38131,
                "node": "27",
                "reporter": "2"
            },
            {
                "delta": 38184,
                "node": "27",
                "reporter": "29"
            },
            {
                "delta": 38192,
                "node": "27",
                "reporter": "28"
            },
            {
                "delta": 38200,
                "node": "27",
                "reporter": "24"
            },
            {
                "delta": 38204,
                "node": "27",
                "reporter": "19"
            },
            {
                "delta": 38205,
                "node": "27",
                "reporter": "15"
            },
            {
                "delta": 38340,
                "node": "27",
                "reporter": "6"
            },
            {
                "delta": 38357,
                "node": "27",
                "reporter": "22"
            },
            {
                "delta": 38407,
                "node": "27",
                "reporter": "17"
            },
            {
                "delta": 38490,
                "node": "27",
                "reporter": "25"
            },
            {
                "delta": 38525,
                "node": "27",
                "reporter": "10"
            },
            {
                "delta": 38744,
                "node": "27",
                "reporter": "3"
            },
            {
                "delta": 38760,
                "node": "27",
                "reporter": "23"
            },
            {
                "delta": 38883,
                "node": "27",
                "reporter": "1"
            }
        ]
    }
}