
{
    "id": "00063",
    "seed": 42,
    "repetition": 0,
    "settings": {
        "simulate_catastrophe": false,
        "number_of_nodes": 30,
        "duration": 120000,
        "gossip_delta": 200,
        "failure_delta": 3000,
        "miss_delta": 3000,
        "push_pull": false,
        "pick_strategy": 0,
        "enable_multicast": true,
        "multicast_parameter": 5.75,
        "multicast_max_wait": 3000,
        "expected_first_multicast": 2000
    },
    "result": {
        "start_time": 1500723164206,
        "end_time": 1500723284217,
        "expected_crashes": [
            {
                "delta": 31130,
                "node": "27"
            }
        ],
        "reported_crashes": [
            {
                "delta": 37256,
                "node": "27",
                "reporter": "10"
            },
            {
                "delta": 37486,
                "node": "27",
                "reporter": "12"
            },
            {
                "delta": 37720,
                "node": "27",
                "reporter": "13"
            },
            {
                "delta": 37771,
                "node": "27",
                "reporter": "2"
            },
            {
                "delta": 37908,
                "node": "27",
                "reporter": "21"
            },
            {
                "delta": 37982,
                "node": "27",
                "reporter": "25"
            },
            {
                "delta": 38006,
                "node": "27",
                "reporter": "8"
            },
            {
                "delta": 38079,
                "node": "27",
                "reporter": "11"
            },
            {
                "delta": 38104,
                "node": "27",
                "reporter": "7"
            },
            {
                "delta": 38191,
                "node": "27",
                "reporter": "16"
            },
            {
                "delta": 38241,
                "node": "27",
                "reporter": "22"
            },
            {
                "delta": 38334,
                "node": "27",
                "reporter": "5"
            },
            {
                "delta": 38451,
                "node": "27",
                "reporter": "30"
            },
            {
                "delta": 38519,
                "node": "27",
                "reporter": "9"
            },
            {
                "delta": 38556,
                "node": "27",
                "reporter": "24"
            },
            {
                "delta": 38604,
                "node": "27",
                "reporter": "20"
            },
            {
                "delta": 38611,
                "node": "27",
                "reporter": "29"
            },
            {
                "delta": 38678,
                "node": "27",
                "reporter": "1"
            },
            {
                "delta": 38753,
                "node": "27",
                "reporter": "14"
            },
            {
                "delta": 38757,
                "node": "27",
                "reporter": "18"
            },
            {
                "delta": 38785,
                "node": "27",
                "reporter": "4"
            },
            {
                "delta": 38834,
                "node": "27",
                "reporter": "23"
            },
            {
                "delta": 38870,
                "node": "27",
                "reporter": "19"
            },
            {
                "delta": 38957,
                "node": "27",
                "reporter": "6"
            },
            {
                "delta": 39036,
                "node": "27",
                "reporter": "15"
            },
            {
                "delta": 39193,
                "node": "27",
                "reporter": "26"
            },
            {
                "delta": 39199,
                "node": "27",
                "reporter": "3"
            },
            {
                "delta": 39394,
                "node": "27",
                "reporter": "17"
            },
            {
                "delta": 39596,
                "node": "27",
                "reporter": "28"
            }
        ]
    }
}