
{
    "id": "00087",
    "seed": 42,
    "repetition": 0,
    "settings": {
        "simulate_catastrophe": false,
        "number_of_nodes": 30,
        "duration": 120000,
        "gossip_delta": 200,
        "failure_delta": 3000,
        "miss_delta": 3000,
        "push_pull": true,
        "pick_strategy": 2,
        "enable_multicast": true,
        "multicast_parameter": 1.0,
        "multicast_max_wait": 3000,
        "expected_first_multicast": 1000
    },
    "result": {
        "start_time": 1500726164936,
        "end_time": 1500726284947,
        "expected_crashes": [
            {
                "delta": 31130,
                "node": "27"
            }
        ],
        "reported_crashes": [
            {
                "delta": 37356,
                "node": "27",
                "reporter": "17"
            },
            {
                "delta": 37504,
                "node": "27",
                "reporter": "23"
            },
            {
                "delta": 37549,
                "node": "27",
                "reporter": "2"
            },
            {
                "delta": 37671,
                "node": "27",
                "reporter": "1"
            },
            {
                "delta": 37714,
                "node": "27",
                "reporter": "13"
            },
            {
                "delta": 37719,
                "node": "27",
                "reporter": "20"
            },
            {
                "delta": 37723,
                "node": "27",
                "reporter": "11"
            },
            {
                "delta": 37727,
                "node": "27",
                "reporter": "30"
            },
            {
                "delta": 37735,
                "node": "27",
                "reporter": "10"
            },
            {
                "delta": 37743,
                "node": "27",
                "reporter": "5"
            },
            {
                "delta": 37820,
                "node": "27",
                "reporter": "25"
            },
            {
                "delta": 37822,
                "node": "27",
                "reporter": "8"
            },
            {
                "delta": 37885,
                "node": "27",
                "reporter": "21"
            },
            {
                "delta": 37913,
                "node": "27",
                "reporter": "6"
            },
            {
                "delta": 37922,
                "node": "27",
                "reporter": "18"
            },
            {
                "delta": 37966,
                "node": "27",
                "reporter": "12"
            },
            {
                "delta": 37988,
                "node": "27",
                "reporter": "16"
            },
            {
                "delta": 38001,
                "node": "27",
                "reporter": "4"
            },
            {
                "delta": 38033,
                "node": "27",
                "reporter": "3"
            },
            {
                "delta": 38047,
                "node": "27",
                "reporter": "14"
            },
            {
                "delta": 38103,
                "node": "27",
                "reporter": "15"
            },
            {
                "delta": 38108,
                "node": "27",
                "reporter": "22"
            },
            {
                "delta": 38157,
                "node": "27",
                "reporter": "28"
            },
            {
                "delta": 38162,
                "node": "27",
                "reporter": "9"
            },
            {
                "delta": 38233,
                "node": "27",
                "reporter": "29"
            },
            {
                "delta": 38263,
                "node": "27",
                "reporter": "24"
            },
            {
                "delta": 38291,
                "node": "27",
                "reporter": "26"
            },
            {
                "delta": 38325,
                "node": "27",
                "reporter": "19"
            },
            {
                "delta": 38328,
                "node": "27",
                "reporter": "7"
            }
        ]
    }
}