
{
    "id": "00094",
    "seed": 42,
    "repetition": 0,
    "settings": {
        "simulate_catastrophe": false,
        "number_of_nodes": 30,
        "duration": 120000,
        "gossip_delta": 200,
        "failure_delta": 2600,
        "miss_delta": 2600,
        "push_pull": false,
        "pick_strategy": 0,
        "enable_multicast": true,
        "multicast_parameter": 1.0,
        "multicast_max_wait": 5200,
        "expected_first_multicast": 866
    },
    "result": {
        "start_time": 1500727040156,
        "end_time": 1500727160167,
        "expected_crashes": [
            {
                "delta": 31130,
                "node": "27"
            }
        ],
        "reported_crashes": [
            {
                "delta": 36469,
                "node": "27",
                "reporter": "1"
            },
            {
                "delta": 36809,
                "node": "27",
                "reporter": "19"
            },
            {
                "delta": 36890,
                "node": "27",
                "reporter": "22"
            },
            {
                "delta": 37029,
                "node": "27",
                "reporter": "16"
            },
            {
                "delta": 37071,
                "node": "27",
                "reporter": "4"
            },
            {
                "delta": 37082,
                "node": "27",
                "reporter": "9"
            },
            {
                "delta": 37207,
                "node": "27",
                "reporter": "7"
            },
            {
                "delta": 37246,
                "node": "27",
                "reporter": "21"
            },
            {
                "delta": 37292,
                "node": "27",
                "reporter": "8"
            },
            {
                "delta": 37296,
                "node": "27",
                "reporter": "30"
            },
            {
                "delta": 37397,
                "node": "27",
                "reporter": "17"
            },
            {
                "delta": 37494,
                "node": "27",
                "reporter": "5"
            },
            {
                "delta": 37506,
                "node": "27",
                "reporter": "14"
            },
            {
                "delta": 37544,
                "node": "27",
                "reporter": "11"
            },
            {
                "delta": 37558,
                "node": "27",
                "reporter": "10"
            },
            {
                "delta": 37603,
                "node": "27",
                "reporter": "28"
            },
            {
                "delta": 37610,
                "node": "27",
                "reporter": "20"
            },
            {
                "delta": 37624,
                "node": "27",
                "reporter": "12"
            },
            {
                "delta": 37628,
                "node": "27",
                "reporter": "13"
            },
            {
                "delta": 37633,
                "node": "27",
                "reporter": "15"
            },
            {
                "delta": 37646,
                "node": "27",
                "reporter": "18"
            },
            {
                "delta": 37660,
                "node": "27",
                "reporter": "25"
            },
            {
                "delta": 37811,
                "node": "27",
                "reporter": "24"
            },
            {
                "delta": 37932,
                "node": "27",
                "reporter": "26"
            },
            {
                "delta": 37954,
                "node": "27",
                "reporter": "6"
            },
            {
                "delta": 37962,
                "node": "27",
                "reporter": "23"
            },
            {
                "delta": 38135,
                "node": "27",
                "reporter": "3"
            },
            {
                "delta": 38173,
                "node": "27",
                "reporter": "2"
            },
            {
                "delta": 38237,
                "node": "27",
                "reporter": "29"
            }
        ]
    }
}