
{
    "id": "00098",
    "seed": 42,
    "repetition": 0,
    "settings": {
        "simulate_catastrophe": false,
        "number_of_nodes": 30,
        "duration": 120000,
        "gossip_delta": 200,
        "failure_delta": 2600,
        "miss_delta": 2600,
        "push_pull": false,
        "pick_strategy": 1,
        "enable_multicast": true,
        "multicast_parameter": 1.0,
        "multicast_max_wait": 2600,
        "expected_first_multicast": 1733
    },
    "result": {
        "start_time": 1500727540276,
        "end_time": 1500727660295,
        "expected_crashes": [
            {
                "delta": 31130,
                "node": "27"
            }
        ],
        "reported_crashes": [
            {
                "delta": 36516,
                "node": "27",
                "reporter": "14"
            },
            {
                "delta": 36671,
                "node": "27",
                "reporter": "9"
            },
            {
                "delta": 36991,
                "node": "27",
                "reporter": "13"
            },
            {
                "delta": 37002,
                "node": "27",
                "reporter": "4"
            },
            {
                "delta": 37100,
                "node": "27",
                "reporter": "22"
            },
            {
                "delta": 37312,
                "node": "27",
                "reporter": "25"
            },
            {
                "delta": 37323,
                "node": "27",
                "reporter": "6"
            },
            {
                "delta": 37387,
                "node": "27",
                "reporter": "7"
            },
            {
                "delta": 37416,
                "node": "27",
                "reporter": "29"
            },
            {
                "delta": 37441,
                "node": "27",
                "reporter": "26"
            },
            {
                "delta": 37536,
                "node": "27",
                "reporter": "10"
            },
            {
                "delta": 37657,
                "node": "27",
                "reporter": "1"
            },
            {
                "delta": 37662,
                "node": "27",
                "reporter": "2"
            },
            {
                "delta": 37708,
                "node": "27",
                "reporter": "11"
            },
            {
                "delta": 37791,
                "node": "27",
                "reporter": "23"
            },
            {
                "delta": 37811,
                "node": "27",
                "reporter": "8"
            },
            {
                "delta": 37820,
                "node": "27",
                "reporter": "28"
            },
            {
                "delta": 37822,
                "node": "27",
                "reporter": "17"
            },
            {
                "delta": 37918,
                "node": "27",
                "reporter": "30"
            },
            {
                "delta": 37996,
                "node": "27",
                "reporter": "3"
            },
            {
                "delta": 38012,
                "node": "27",
                "reporter": "15"
            },
            {
                "delta": 38025,
                "node": "27",
                "reporter": "19"
            },
            {
                "delta": 38181,
                "node": "27",
                "reporter": "18"
            },
            {
                "delta": 38206,
                "node": "27",
                "reporter": "24"
            },
            {
                "delta": 38313,
                "node": "27",
                "reporter": "5"
            },
            {
                "delta": 38353,
                "node": "27",
                "reporter": "21"
            },
            {
                "delta": 38395,
                "node": "27",
                "reporter": "20"
            },
            {
                "delta": 38564,
                "node": "27",
                "reporter": "12"
            },
            {
                "delta": 39587,
                "node": "27",
                "reporter": "16"
            }
        ]
    }
}