
{
    "id": "00095",
    "seed": 42,
    "repetition": 0,
    "settings": {
        "simulate_catastrophe": false,
        "number_of_nodes": 30,
        "duration": 120000,
        "gossip_delta": 200,
        "failure_delta": 2600,
        "miss_delta": 2600,
        "push_pull": false,
        "pick_strategy": 0,
        "enable_multicast": true,
        "multicast_parameter": 1.0,
        "multicast_max_wait": 5200,
        "expected_first_multicast": 1733
    },
    "result": {
        "start_time": 1500727165187,
        "end_time": 1500727285197,
        "expected_crashes": [
            {
                "delta": 31130,
                "node": "27"
            }
        ],
        "reported_crashes": [
            {
                "delta": 36427,
                "node": "27",
                "reporter": "13"
            },
            {
                "delta": 36495,
                "node": "27",
                "reporter": "10"
            },
            {
                "delta": 36707,
                "node": "27",
                "reporter": "16"
            },
            {
                "delta": 36780,
                "node": "27",
                "reporter": "4"
            },
            {
                "delta": 36873,
                "node": "27",
                "reporter": "12"
            },
            {
                "delta": 36894,
                "node": "27",
                "reporter": "21"
            },
            {
                "delta": 36945,
                "node": "27",
                "reporter": "2"
            },
            {
                "delta": 36969,
                "node": "27",
                "reporter": "20"
            },
            {
                "delta": 37085,
                "node": "27",
                "reporter": "7"
            },
            {
                "delta": 37110,
                "node": "27",
                "reporter": "25"
            },
            {
                "delta": 37130,
                "node": "27",
                "reporter": "23"
            },
            {
                "delta": 37132,
                "node": "27",
                "reporter": "5"
            },
            {
                "delta": 37185,
                "node": "27",
                "reporter": "17"
            },
            {
                "delta": 37307,
                "node": "27",
                "reporter": "14"
            },
            {
                "delta": 37308,
                "node": "27",
                "reporter": "22"
            },
            {
                "delta": 37328,
                "node": "27",
                "reporter": "1"
            },
            {
                "delta": 37330,
                "node": "27",
                "reporter": "24"
            },
            {
                "delta": 37364,
                "node": "27",
                "reporter": "3"
            },
            {
                "delta": 37382,
                "node": "27",
                "reporter": "11"
            },
            {
                "delta": 37407,
                "node": "27",
                "reporter": "18"
            },
            {
                "delta": 37466,
                "node": "27",
                "reporter": "29"
            },
            {
                "delta": 37505,
                "node": "27",
                "reporter": "19"
            },
            {
                "delta": 37623,
                "node": "27",
                "reporter": "15"
            },
            {
                "delta": 37736,
                "node": "27",
                "reporter": "28"
            },
            {
                "delta": 37742,
                "node": "27",
                "reporter": "6"
            },
            {
                "delta": 37760,
                "node": "27",
                "reporter": "26"
            },
            {
                "delta": 37862,
                "node": "27",
                "reporter": "8"
            },
            {
                "delta": 38231,
                "node": "27",
                "reporter": "9"
            },
            {
                "delta": 38564,
                "node": "27",
                "reporter": "30"
            }
        ]
    }
}