
{
    "id": "00092",
    "seed": 42,
    "repetition": 0,
    "settings": {
        "simulate_catastrophe": false,
        "number_of_nodes": 30,
        "duration": 120000,
        "gossip_delta": 200,
        "failure_delta": 2600,
        "miss_delta": 2600,
        "push_pull": false,
        "pick_strategy": 0,
        "enable_multicast": true,
        "multicast_parameter": 1.0,
        "multicast_max_wait": 2600,
        "expected_first_multicast": 866
    },
    "result": {
        "start_time": 1500726790086,
        "end_time": 1500726910097,
        "expected_crashes": [
            {
                "delta": 31130,
                "node": "27"
            }
        ],
        "reported_crashes": [
            {
                "delta": 36324,
                "node": "27",
                "reporter": "12"
            },
            {
                "delta": 36650,
                "node": "27",
                "reporter": "1"
            },
            {
                "delta": 36754,
                "node": "27",
                "reporter": "23"
            },
            {
                "delta": 36946,
                "node": "27",
                "reporter": "17"
            },
            {
                "delta": 37044,
                "node": "27",
                "reporter": "3"
            },
            {
                "delta": 37134,
                "node": "27",
                "reporter": "5"
            },
            {
                "delta": 37153,
                "node": "27",
                "reporter": "9"
            },
            {
                "delta": 37203,
                "node": "27",
                "reporter": "8"
            },
            {
                "delta": 37216,
                "node": "27",
                "reporter": "28"
            },
            {
                "delta": 37239,
                "node": "27",
                "reporter": "16"
            },
            {
                "delta": 37302,
                "node": "27",
                "reporter": "24"
            },
            {
                "delta": 37303,
                "node": "27",
                "reporter": "11"
            },
            {
                "delta": 37345,
                "node": "27",
                "reporter": "26"
            },
            {
                "delta": 37351,
                "node": "27",
                "reporter": "25"
            },
            {
                "delta": 37386,
                "node": "27",
                "reporter": "19"
            },
            {
                "delta": 37524,
                "node": "27",
                "reporter": "15"
            },
            {
                "delta": 37527,
                "node": "27",
                "reporter": "14"
            },
            {
                "delta": 37534,
                "node": "27",
                "reporter": "21"
            },
            {
                "delta": 37544,
                "node": "27",
                "reporter": "6"
            },
            {
                "delta": 37548,
                "node": "27",
                "reporter": "22"
            },
            {
                "delta": 37566,
                "node": "27",
                "reporter": "10"
            },
            {
                "delta": 37621,
                "node": "27",
                "reporter": "4"
            },
            {
                "delta": 37653,
                "node": "27",
                "reporter": "18"
            },
            {
                "delta": 37710,
                "node": "27",
                "reporter": "7"
            },
            {
                "delta": 37723,
                "node": "27",
                "reporter": "2"
            },
            {
                "delta": 37761,
                "node": "27",
                "reporter": "20"
            },
            {
                "delta": 37797,
                "node": "27",
                "reporter": "13"
            },
            {
                "delta": 37833,
                "node": "27",
                "reporter": "29"
            },
            {
                "delta": 37936,
                "node": "27",
                "reporter": "30"
            }
        ]
    }
}