
{
    "id": "00106",
    "seed": 42,
    "repetition": 0,
    "settings": {
        "simulate_catastrophe": false,
        "number_of_nodes": 30,
        "duration": 120000,
        "gossip_delta": 200,
        "failure_delta": 2600,
        "miss_delta": 2600,
        "push_pull": true,
        "pick_strategy": 0,
        "enable_multicast": false,
        "multicast_parameter": null,
        "multicast_max_wait": null,
        "expected_first_multicast": null
    },
    "result": {
        "start_time": 1500728540516,
        "end_time": 1500728660527,
        "expected_crashes": [
            {
                "delta": 31130,
                "node": "27"
            }
        ],
        "reported_crashes": [
            {
                "delta": 33962,
                "node": "27",
                "reporter": "5"
            },
            {
                "delta": 34126,
                "node": "27",
                "reporter": "16"
            },
            {
                "delta": 34152,
                "node": "27",
                "reporter": "30"
            },
            {
                "delta": 34240,
                "node": "27",
                "reporter": "18"
            },
            {
                "delta": 34353,
                "node": "27",
                "reporter": "11"
            },
            {
                "delta": 34356,
                "node": "27",
                "reporter": "4"
            },
            {
                "delta": 34373,
                "node": "27",
                "reporter": "2"
            },
            {
                "delta": 34393,
                "node": "27",
                "reporter": "6"
            },
            {
                "delta": 34403,
                "node": "27",
                "reporter": "12"
            },
            {
                "delta": 34415,
                "node": "27",
                "reporter": "14"
            },
            {
                "delta": 34421,
                "node": "27",
                "reporter": "10"
            },
            {
                "delta": 34483,
                "node": "27",
                "reporter": "21"
            },
            {
                "delta": 34484,
                "node": "27",
                "reporter": "19"
            },
            {
                "delta": 34486,
                "node": "27",
                "reporter": "29"
            },
            {
                "delta": 34496,
                "node": "27",
                "reporter": "7"
            },
            {
                "delta": 34521,
                "node": "27",
                "reporter": "22"
            },
            {
                "delta": 34526,
                "node": "27",
                "reporter": "3"
            },
            {
                "delta": 34541,
                "node": "27",
                "reporter": "28"
            },
            {
                "delta": 34571,
                "node": "27",
                "reporter": "25"
            },
            {
                "delta": 34574,
                "node": "27",
                "reporter": "24"
            },
            {
                "delta": 34621,
                "node": "27",
                "reporter": "8"
            },
            {
                "delta": 34658,
                "node": "27",
                "reporter": "15"
            },
            {
                "delta": 34664,
                "node": "27",
                "reporter": "1"
            },
            {
                "delta": 34674,
                "node": "27",
                "reporter": "20"
            },
            {
                "delta": 34683,
                "node": "27",
                "reporter": "13"
            },
            {
                "delta": 34690,
                "node": "27",
                "reporter": "17"
            },
            {
                "delta": 34691,
                "node": "27",
                "reporter": "26"
            },
            {
                "delta": 34762,
                "node": "27",
                "reporter": "23"
            },
            {
                "delta": 34902,
                "node": "27",
                "reporter": "9"
            }
        ]
    }
}