
{
    "id": "00108",
    "seed": 42,
    "repetition": 0,
    "settings": {
        "simulate_catastrophe": false,
        "number_of_nodes": 30,
        "duration": 120000,
        "gossip_delta": 200,
        "failure_delta": 2600,
        "miss_delta": 2600,
        "push_pull": true,
        "pick_strategy": 0,
        "enable_multicast": true,
        "multicast_parameter": 1.0,
        "multicast_max_wait": 2600,
        "expected_first_multicast": 1733
    },
    "result": {
        "start_time": 1500728790576,
        "end_time": 1500728910587,
        "expected_crashes": [
            {
                "delta": 31130,
                "node": "27"
            }
        ],
        "reported_crashes": [
            {
                "delta": 36434,
                "node": "27",
                "reporter": "6"
            },
            {
                "delta": 36603,
                "node": "27",
                "reporter": "23"
            },
            {
                "delta": 36638,
                "node": "27",
                "reporter": "25"
            },
            {
                "delta": 36657,
                "node": "27",
                "reporter": "28"
            },
            {
                "delta": 36751,
                "node": "27",
                "reporter": "8"
            },
            {
                "delta": 36765,
                "node": "27",
                "reporter": "19"
            },
            {
                "delta": 36832,
                "node": "27",
                "reporter": "17"
            },
            {
                "delta": 36873,
                "node": "27",
                "reporter": "21"
            },
            {
                "delta": 36919,
                "node": "27",
                "reporter": "18"
            },
            {
                "delta": 36923,
                "node": "27",
                "reporter": "30"
            },
            {
                "delta": 36928,
                "node": "27",
                "reporter": "15"
            },
            {
                "delta": 36934,
                "node": "27",
                "reporter": "1"
            },
            {
                "delta": 36946,
                "node": "27",
                "reporter": "7"
            },
            {
                "delta": 36983,
                "node": "27",
                "reporter": "26"
            },
            {
                "delta": 36985,
                "node": "27",
                "reporter": "24"
            },
            {
                "delta": 36986,
                "node": "27",
                "reporter": "16"
            },
            {
                "delta": 37033,
                "node": "27",
                "reporter": "2"
            },
            {
                "delta": 37034,
                "node": "27",
                "reporter": "20"
            },
            {
                "delta": 37064,
                "node": "27",
                "reporter": "11"
            },
            {
                "delta": 37085,
                "node": "27",
                "reporter": "4"
            },
            {
                "delta": 37120,
                "node": "27",
                "reporter": "22"
            },
            {
                "delta": 37131,
                "node": "27",
                "reporter": "5"
            },
            {
                "delta": 37183,
                "node": "27",
                "reporter": "10"
            },
            {
                "delta": 37203,
                "node": "27",
                "reporter": "12"
            },
            {
                "delta": 37211,
                "node": "27",
                "reporter": "9"
            },
            {
                "delta": 37243,
                "node": "27",
                "reporter": "13"
            },
            {
                "delta": 37246,
                "node": "27",
                "reporter": "3"
            },
            {
                "delta": 37255,
                "node": "27",
                "reporter": "29"
            },
            {
                "delta": 37285,
                "node": "27",
                "reporter": "14"
            }
        ]
    }
}