
{
    "id": "00100",
    "seed": 42,
    "repetition": 0,
    "settings": {
        "simulate_catastrophe": false,
        "number_of_nodes": 30,
        "duration": 120000,
        "gossip_delta": 200,
        "failure_delta": 2600,
        "miss_delta": 2600,
        "push_pull": false,
        "pick_strategy": 1,
        "enable_multicast": true,
        "multicast_parameter": 1.0,
        "multicast_max_wait": 5200,
        "expected_first_multicast": 1733
    },
    "result": {
        "start_time": 1500727790336,
        "end_time": 1500727910347,
        "expected_crashes": [
            {
                "delta": 31130,
                "node": "27"
            }
        ],
        "reported_crashes": [
            {
                "delta": 36555,
                "node": "27",
                "reporter": "17"
            },
            {
                "delta": 36771,
                "node": "27",
                "reporter": "28"
            },
            {
                "delta": 36911,
                "node": "27",
                "reporter": "2"
            },
            {
                "delta": 37070,
                "node": "27",
                "reporter": "11"
            },
            {
                "delta": 37119,
                "node": "27",
                "reporter": "24"
            },
            {
                "delta": 37241,
                "node": "27",
                "reporter": "26"
            },
            {
                "delta": 37266,
                "node": "27",
                "reporter": "3"
            },
            {
                "delta": 37342,
                "node": "27",
                "reporter": "5"
            },
            {
                "delta": 37374,
                "node": "27",
                "reporter": "6"
            },
            {
                "delta": 37449,
                "node": "27",
                "reporter": "22"
            },
            {
                "delta": 37495,
                "node": "27",
                "reporter": "10"
            },
            {
                "delta": 37581,
                "node": "27",
                "reporter": "1"
            },
            {
                "delta": 37587,
                "node": "27",
                "reporter": "16"
            },
            {
                "delta": 37602,
                "node": "27",
                "reporter": "15"
            },
            {
                "delta": 37616,
                "node": "27",
                "reporter": "29"
            },
            {
                "delta": 37623,
                "node": "27",
                "reporter": "18"
            },
            {
                "delta": 37715,
                "node": "27",
                "reporter": "19"
            },
            {
                "delta": 37720,
                "node": "27",
                "reporter": "25"
            },
            {
                "delta": 37764,
                "node": "27",
                "reporter": "23"
            },
            {
                "delta": 37800,
                "node": "27",
                "reporter": "30"
            },
            {
                "delta": 37816,
                "node": "27",
                "reporter": "14"
            },
            {
                "delta": 37874,
                "node": "27",
                "reporter": "20"
            },
            {
                "delta": 38016,
                "node": "27",
                "reporter": "7"
            },
            {
                "delta": 38044,
                "node": "27",
                "reporter": "12"
            },
            {
                "delta": 38142,
                "node": "27",
                "reporter": "9"
            },
            {
                "delta": 38168,
                "node": "27",
                "reporter": "13"
            },
            {
                "delta": 38361,
                "node": "27",
                "reporter": "8"
            },
            {
                "delta": 38583,
                "node": "27",
                "reporter": "21"
            },
            {
                "delta": 38603,
                "node": "27",
                "reporter": "4"
            }
        ]
    }
}