
{
    "id": "00102",
    "seed": 42,
    "repetition": 0,
    "settings": {
        "simulate_catastrophe": false,
        "number_of_nodes": 30,
        "duration": 120000,
        "gossip_delta": 200,
        "failure_delta": 2600,
        "miss_delta": 2600,
        "push_pull": false,
        "pick_strategy": 2,
        "enable_multicast": true,
        "multicast_parameter": 1.0,
        "multicast_max_wait": 2600,
        "expected_first_multicast": 866
    },
    "result": {
        "start_time": 1500728040397,
        "end_time": 1500728160407,
        "expected_crashes": [
            {
                "delta": 31130,
                "node": "27"
            }
        ],
        "reported_crashes": [
            {
                "delta": 36514,
                "node": "27",
                "reporter": "6"
            },
            {
                "delta": 36776,
                "node": "27",
                "reporter": "23"
            },
            {
                "delta": 37045,
                "node": "27",
                "reporter": "1"
            },
            {
                "delta": 37053,
                "node": "27",
                "reporter": "4"
            },
            {
                "delta": 37085,
                "node": "27",
                "reporter": "7"
            },
            {
                "delta": 37155,
                "node": "27",
                "reporter": "14"
            },
            {
                "delta": 37185,
                "node": "27",
                "reporter": "29"
            },
            {
                "delta": 37274,
                "node": "27",
                "reporter": "10"
            },
            {
                "delta": 37320,
                "node": "27",
                "reporter": "8"
            },
            {
                "delta": 37320,
                "node": "27",
                "reporter": "24"
            },
            {
                "delta": 37481,
                "node": "27",
                "reporter": "5"
            },
            {
                "delta": 37519,
                "node": "27",
                "reporter": "22"
            },
            {
                "delta": 37530,
                "node": "27",
                "reporter": "11"
            },
            {
                "delta": 37532,
                "node": "27",
                "reporter": "21"
            },
            {
                "delta": 37580,
                "node": "27",
                "reporter": "30"
            },
            {
                "delta": 37595,
                "node": "27",
                "reporter": "13"
            },
            {
                "delta": 37602,
                "node": "27",
                "reporter": "20"
            },
            {
                "delta": 37710,
                "node": "27",
                "reporter": "26"
            },
            {
                "delta": 37731,
                "node": "27",
                "reporter": "2"
            },
            {
                "delta": 37776,
                "node": "27",
                "reporter": "3"
            },
            {
                "delta": 37845,
                "node": "27",
                "reporter": "12"
            },
            {
                "delta": 37923,
                "node": "27",
                "reporter": "19"
            },
            {
                "delta": 37959,
                "node": "27",
                "reporter": "28"
            },
            {
                "delta": 37977,
                "node": "27",
                "reporter": "16"
            },
            {
                "delta": 38021,
                "node": "27",
                "reporter": "15"
            },
            {
                "delta": 38027,
                "node": "27",
                "reporter": "17"
            },
            {
                "delta": 38131,
                "node": "27",
                "reporter": "9"
            },
            {
                "delta": 38229,
                "node": "27",
                "reporter": "25"
            },
            {
                "delta": 38293,
                "node": "27",
                "reporter": "18"
            }
        ]
    }
}