
{
    "id": "00109",
    "seed": 42,
    "repetition": 0,
    "settings": {
        "simulate_catastrophe": false,
        "number_of_nodes": 30,
        "duration": 120000,
        "gossip_delta": 200,
        "failure_delta": 2600,
        "miss_delta": 2600,
        "push_pull": true,
        "pick_strategy": 0,
        "enable_multicast": true,
        "multicast_parameter": 1.0,
        "multicast_max_wait": 5200,
        "expected_first_multicast": 866
    },
    "result": {
        "start_time": 1500728915606,
        "end_time": 1500729035617,
        "expected_crashes": [
            {
                "delta": 31130,
                "node": "27"
            }
        ],
        "reported_crashes": [
            {
                "delta": 36534,
                "node": "27",
                "reporter": "1"
            },
            {
                "delta": 36558,
                "node": "27",
                "reporter": "15"
            },
            {
                "delta": 36615,
                "node": "27",
                "reporter": "23"
            },
            {
                "delta": 36674,
                "node": "27",
                "reporter": "14"
            },
            {
                "delta": 36691,
                "node": "27",
                "reporter": "8"
            },
            {
                "delta": 36713,
                "node": "27",
                "reporter": "26"
            },
            {
                "delta": 36763,
                "node": "27",
                "reporter": "9"
            },
            {
                "delta": 36768,
                "node": "27",
                "reporter": "25"
            },
            {
                "delta": 36774,
                "node": "27",
                "reporter": "20"
            },
            {
                "delta": 36854,
                "node": "27",
                "reporter": "6"
            },
            {
                "delta": 36888,
                "node": "27",
                "reporter": "28"
            },
            {
                "delta": 36891,
                "node": "27",
                "reporter": "5"
            },
            {
                "delta": 36912,
                "node": "27",
                "reporter": "30"
            },
            {
                "delta": 36923,
                "node": "27",
                "reporter": "10"
            },
            {
                "delta": 36923,
                "node": "27",
                "reporter": "11"
            },
            {
                "delta": 36927,
                "node": "27",
                "reporter": "7"
            },
            {
                "delta": 36936,
                "node": "27",
                "reporter": "24"
            },
            {
                "delta": 36982,
                "node": "27",
                "reporter": "17"
            },
            {
                "delta": 37036,
                "node": "27",
                "reporter": "4"
            },
            {
                "delta": 37037,
                "node": "27",
                "reporter": "16"
            },
            {
                "delta": 37043,
                "node": "27",
                "reporter": "2"
            },
            {
                "delta": 37082,
                "node": "27",
                "reporter": "12"
            },
            {
                "delta": 37098,
                "node": "27",
                "reporter": "18"
            },
            {
                "delta": 37116,
                "node": "27",
                "reporter": "3"
            },
            {
                "delta": 37129,
                "node": "27",
                "reporter": "22"
            },
            {
                "delta": 37166,
                "node": "27",
                "reporter": "29"
            },
            {
                "delta": 37213,
                "node": "27",
                "reporter": "21"
            },
            {
                "delta": 37272,
                "node": "27",
                "reporter": "13"
            },
            {
                "delta": 37474,
                "node": "27",
                "reporter": "19"
            }
        ]
    }
}