
{
    "id": "00117",
    "seed": 42,
    "repetition": 0,
    "settings": {
        "simulate_catastrophe": false,
        "number_of_nodes": 30,
        "duration": 120000,
        "gossip_delta": 200,
        "failure_delta": 2600,
        "miss_delta": 2600,
        "push_pull": true,
        "pick_strategy": 2,
        "enable_multicast": true,
        "multicast_parameter": 1.0,
        "multicast_max_wait": 2600,
        "expected_first_multicast": 866
    },
    "result": {
        "start_time": 1500729915846,
        "end_time": 1500730035857,
        "expected_crashes": [
            {
                "delta": 31130,
                "node": "27"
            }
        ],
        "reported_crashes": [
            {
                "delta": 36373,
                "node": "27",
                "reporter": "21"
            },
            {
                "delta": 36581,
                "node": "27",
                "reporter": "29"
            },
            {
                "delta": 36703,
                "node": "27",
                "reporter": "2"
            },
            {
                "delta": 36707,
                "node": "27",
                "reporter": "16"
            },
            {
                "delta": 36767,
                "node": "27",
                "reporter": "24"
            },
            {
                "delta": 36806,
                "node": "27",
                "reporter": "15"
            },
            {
                "delta": 36834,
                "node": "27",
                "reporter": "19"
            },
            {
                "delta": 36907,
                "node": "27",
                "reporter": "23"
            },
            {
                "delta": 36909,
                "node": "27",
                "reporter": "17"
            },
            {
                "delta": 36951,
                "node": "27",
                "reporter": "20"
            },
            {
                "delta": 36966,
                "node": "27",
                "reporter": "10"
            },
            {
                "delta": 36980,
                "node": "27",
                "reporter": "13"
            },
            {
                "delta": 36987,
                "node": "27",
                "reporter": "28"
            },
            {
                "delta": 36990,
                "node": "27",
                "reporter": "11"
            },
            {
                "delta": 36999,
                "node": "27",
                "reporter": "3"
            },
            {
                "delta": 37003,
                "node": "27",
                "reporter": "12"
            },
            {
                "delta": 37008,
                "node": "27",
                "reporter": "5"
            },
            {
                "delta": 37066,
                "node": "27",
                "reporter": "14"
            },
            {
                "delta": 37067,
                "node": "27",
                "reporter": "25"
            },
            {
                "delta": 37082,
                "node": "27",
                "reporter": "26"
            },
            {
                "delta": 37114,
                "node": "27",
                "reporter": "6"
            },
            {
                "delta": 37133,
                "node": "27",
                "reporter": "30"
            },
            {
                "delta": 37141,
                "node": "27",
                "reporter": "8"
            },
            {
                "delta": 37176,
                "node": "27",
                "reporter": "4"
            },
            {
                "delta": 37183,
                "node": "27",
                "reporter": "9"
            },
            {
                "delta": 37207,
                "node": "27",
                "reporter": "22"
            },
            {
                "delta": 37207,
                "node": "27",
                "reporter": "7"
            },
            {
                "delta": 37213,
                "node": "27",
                "reporter": "1"
            },
            {
                "delta": 37427,
                "node": "27",
                "reporter": "18"
            }
        ]
    }
}