
{
    "id": "00119",
    "seed": 42,
    "repetition": 0,
    "settings": {
        "simulate_catastrophe": false,
        "number_of_nodes": 30,
        "duration": 120000,
        "gossip_delta": 200,
        "failure_delta": 2600,
        "miss_delta": 2600,
        "push_pull": true,
        "pick_strategy": 2,
        "enable_multicast": true,
        "multicast_parameter": 1.0,
        "multicast_max_wait": 5200,
        "expected_first_multicast": 866
    },
    "result": {
        "start_time": 1500730165906,
        "end_time": 1500730285917,
        "expected_crashes": [
            {
                "delta": 31130,
                "node": "27"
            }
        ],
        "reported_crashes": [
            {
                "delta": 36507,
                "node": "27",
                "reporter": "22"
            },
            {
                "delta": 36624,
                "node": "27",
                "reporter": "26"
            },
            {
                "delta": 36733,
                "node": "27",
                "reporter": "30"
            },
            {
                "delta": 36791,
                "node": "27",
                "reporter": "8"
            },
            {
                "delta": 36840,
                "node": "27",
                "reporter": "16"
            },
            {
                "delta": 36929,
                "node": "27",
                "reporter": "5"
            },
            {
                "delta": 36937,
                "node": "27",
                "reporter": "4"
            },
            {
                "delta": 36964,
                "node": "27",
                "reporter": "10"
            },
            {
                "delta": 36998,
                "node": "27",
                "reporter": "25"
            },
            {
                "delta": 37009,
                "node": "27",
                "reporter": "3"
            },
            {
                "delta": 37026,
                "node": "27",
                "reporter": "12"
            },
            {
                "delta": 37085,
                "node": "27",
                "reporter": "24"
            },
            {
                "delta": 37116,
                "node": "27",
                "reporter": "19"
            },
            {
                "delta": 37185,
                "node": "27",
                "reporter": "23"
            },
            {
                "delta": 37192,
                "node": "27",
                "reporter": "21"
            },
            {
                "delta": 37226,
                "node": "27",
                "reporter": "28"
            },
            {
                "delta": 37228,
                "node": "27",
                "reporter": "11"
            },
            {
                "delta": 37248,
                "node": "27",
                "reporter": "18"
            },
            {
                "delta": 37252,
                "node": "27",
                "reporter": "13"
            },
            {
                "delta": 37264,
                "node": "27",
                "reporter": "2"
            },
            {
                "delta": 37274,
                "node": "27",
                "reporter": "9"
            },
            {
                "delta": 37293,
                "node": "27",
                "reporter": "15"
            },
            {
                "delta": 37307,
                "node": "27",
                "reporter": "7"
            },
            {
                "delta": 37322,
                "node": "27",
                "reporter": "29"
            },
            {
                "delta": 37334,
                "node": "27",
                "reporter": "1"
            },
            {
                "delta": 37415,
                "node": "27",
                "reporter": "20"
            },
            {
                "delta": 37496,
                "node": "27",
                "reporter": "14"
            },
            {
                "delta": 37504,
                "node": "27",
                "reporter": "6"
            },
            {
                "delta": 37539,
                "node": "27",
                "reporter": "17"
            }
        ]
    }
}