
{
    "id": "00118",
    "seed": 42,
    "repetition": 0,
    "settings": {
        "simulate_catastrophe": false,
        "number_of_nodes": 30,
        "duration": 120000,
        "gossip_delta": 200,
        "failure_delta": 2600,
        "miss_delta": 2600,
        "push_pull": true,
        "pick_strategy": 2,
        "enable_multicast": true,
        "multicast_parameter": 1.0,
        "multicast_max_wait": 2600,
        "expected_first_multicast": 1733
    },
    "result": {
        "start_time": 1500730040876,
        "end_time": 1500730160887,
        "expected_crashes": [
            {
                "delta": 31130,
                "node": "27"
            }
        ],
        "reported_crashes": [
            {
                "delta": 36498,
                "node": "27",
                "reporter": "25"
            },
            {
                "delta": 36789,
                "node": "27",
                "reporter": "5"
            },
            {
                "delta": 36868,
                "node": "27",
                "reporter": "10"
            },
            {
                "delta": 36928,
                "node": "27",
                "reporter": "4"
            },
            {
                "delta": 36983,
                "node": "27",
                "reporter": "20"
            },
            {
                "delta": 37024,
                "node": "27",
                "reporter": "2"
            },
            {
                "delta": 37027,
                "node": "27",
                "reporter": "18"
            },
            {
                "delta": 37038,
                "node": "27",
                "reporter": "16"
            },
            {
                "delta": 37047,
                "node": "27",
                "reporter": "22"
            },
            {
                "delta": 37109,
                "node": "27",
                "reporter": "3"
            },
            {
                "delta": 37117,
                "node": "27",
                "reporter": "28"
            },
            {
                "delta": 37143,
                "node": "27",
                "reporter": "26"
            },
            {
                "delta": 37172,
                "node": "27",
                "reporter": "1"
            },
            {
                "delta": 37184,
                "node": "27",
                "reporter": "9"
            },
            {
                "delta": 37213,
                "node": "27",
                "reporter": "30"
            },
            {
                "delta": 37215,
                "node": "27",
                "reporter": "19"
            },
            {
                "delta": 37234,
                "node": "27",
                "reporter": "6"
            },
            {
                "delta": 37236,
                "node": "27",
                "reporter": "23"
            },
            {
                "delta": 37261,
                "node": "27",
                "reporter": "8"
            },
            {
                "delta": 37291,
                "node": "27",
                "reporter": "13"
            },
            {
                "delta": 37293,
                "node": "27",
                "reporter": "21"
            },
            {
                "delta": 37314,
                "node": "27",
                "reporter": "12"
            },
            {
                "delta": 37321,
                "node": "27",
                "reporter": "17"
            },
            {
                "delta": 37338,
                "node": "27",
                "reporter": "11"
            },
            {
                "delta": 37377,
                "node": "27",
                "reporter": "15"
            },
            {
                "delta": 37410,
                "node": "27",
                "reporter": "7"
            },
            {
                "delta": 37420,
                "node": "27",
                "reporter": "29"
            },
            {
                "delta": 37495,
                "node": "27",
                "reporter": "24"
            },
            {
                "delta": 37535,
                "node": "27",
                "reporter": "14"
            }
        ]
    }
}