
{
    "id": "00124",
    "seed": 42,
    "repetition": 0,
    "settings": {
        "simulate_catastrophe": false,
        "number_of_nodes": 30,
        "duration": 120000,
        "gossip_delta": 200,
        "failure_delta": 2200,
        "miss_delta": 2200,
        "push_pull": false,
        "pick_strategy": 0,
        "enable_multicast": true,
        "multicast_parameter": 1.0,
        "multicast_max_wait": 4400,
        "expected_first_multicast": 733
    },
    "result": {
        "start_time": 1500730791056,
        "end_time": 1500730911067,
        "expected_crashes": [
            {
                "delta": 31130,
                "node": "27"
            }
        ],
        "reported_crashes": [
            {
                "delta": 35808,
                "node": "27",
                "reporter": "3"
            },
            {
                "delta": 35920,
                "node": "27",
                "reporter": "8"
            },
            {
                "delta": 36122,
                "node": "27",
                "reporter": "5"
            },
            {
                "delta": 36134,
                "node": "27",
                "reporter": "2"
            },
            {
                "delta": 36362,
                "node": "27",
                "reporter": "1"
            },
            {
                "delta": 36387,
                "node": "27",
                "reporter": "7"
            },
            {
                "delta": 36414,
                "node": "27",
                "reporter": "6"
            },
            {
                "delta": 36423,
                "node": "27",
                "reporter": "30"
            },
            {
                "delta": 36505,
                "node": "27",
                "reporter": "19"
            },
            {
                "delta": 36521,
                "node": "27",
                "reporter": "20"
            },
            {
                "delta": 36574,
                "node": "27",
                "reporter": "13"
            },
            {
                "delta": 36683,
                "node": "27",
                "reporter": "11"
            },
            {
                "delta": 36715,
                "node": "27",
                "reporter": "10"
            },
            {
                "delta": 36726,
                "node": "27",
                "reporter": "16"
            },
            {
                "delta": 36740,
                "node": "27",
                "reporter": "17"
            },
            {
                "delta": 36748,
                "node": "27",
                "reporter": "4"
            },
            {
                "delta": 36857,
                "node": "27",
                "reporter": "22"
            },
            {
                "delta": 36872,
                "node": "27",
                "reporter": "21"
            },
            {
                "delta": 36923,
                "node": "27",
                "reporter": "9"
            },
            {
                "delta": 37013,
                "node": "27",
                "reporter": "28"
            },
            {
                "delta": 37132,
                "node": "27",
                "reporter": "29"
            },
            {
                "delta": 37132,
                "node": "27",
                "reporter": "12"
            },
            {
                "delta": 37156,
                "node": "27",
                "reporter": "14"
            },
            {
                "delta": 37214,
                "node": "27",
                "reporter": "26"
            },
            {
                "delta": 37222,
                "node": "27",
                "reporter": "24"
            },
            {
                "delta": 37225,
                "node": "27",
                "reporter": "15"
            },
            {
                "delta": 37435,
                "node": "27",
                "reporter": "23"
            },
            {
                "delta": 37517,
                "node": "27",
                "reporter": "18"
            },
            {
                "delta": 37667,
                "node": "27",
                "reporter": "25"
            }
        ]
    }
}