
{
    "id": "00127",
    "seed": 42,
    "repetition": 0,
    "settings": {
        "simulate_catastrophe": false,
        "number_of_nodes": 30,
        "duration": 120000,
        "gossip_delta": 200,
        "failure_delta": 2200,
        "miss_delta": 2200,
        "push_pull": false,
        "pick_strategy": 1,
        "enable_multicast": true,
        "multicast_parameter": 1.0,
        "multicast_max_wait": 2200,
        "expected_first_multicast": 733
    },
    "result": {
        "start_time": 1500731166156,
        "end_time": 1500731286168,
        "expected_crashes": [
            {
                "delta": 31130,
                "node": "27"
            }
        ],
        "reported_crashes": [
            {
                "delta": 21866,
                "node": "27",
                "reporter": "14"
            },
            {
                "delta": 22174,
                "node": "27",
                "reporter": "20"
            },
            {
                "delta": 22233,
                "node": "27",
                "reporter": "30"
            },
            {
                "delta": 22314,
                "node": "27",
                "reporter": "2"
            },
            {
                "delta": 22342,
                "node": "27",
                "reporter": "29"
            },
            {
                "delta": 22533,
                "node": "27",
                "reporter": "9"
            },
            {
                "delta": 22535,
                "node": "27",
                "reporter": "15"
            },
            {
                "delta": 22593,
                "node": "27",
                "reporter": "28"
            },
            {
                "delta": 22624,
                "node": "27",
                "reporter": "19"
            },
            {
                "delta": 22661,
                "node": "27",
                "reporter": "1"
            },
            {
                "delta": 22725,
                "node": "27",
                "reporter": "13"
            },
            {
                "delta": 22734,
                "node": "27",
                "reporter": "11"
            },
            {
                "delta": 22761,
                "node": "27",
                "reporter": "24"
            },
            {
                "delta": 22800,
                "node": "27",
                "reporter": "8"
            },
            {
                "delta": 22856,
                "node": "27",
                "reporter": "16"
            },
            {
                "delta": 22866,
                "node": "27",
                "reporter": "22"
            },
            {
                "delta": 22931,
                "node": "27",
                "reporter": "17"
            },
            {
                "delta": 22935,
                "node": "27",
                "reporter": "10"
            },
            {
                "delta": 22982,
                "node": "27",
                "reporter": "21"
            },
            {
                "delta": 22997,
                "node": "27",
                "reporter": "4"
            },
            {
                "delta": 23008,
                "node": "27",
                "reporter": "18"
            },
            {
                "delta": 23032,
                "node": "27",
                "reporter": "5"
            },
            {
                "delta": 23046,
                "node": "27",
                "reporter": "7"
            },
            {
                "delta": 23074,
                "node": "27",
                "reporter": "12"
            },
            {
                "delta": 23107,
                "node": "27",
                "reporter": "25"
            },
            {
                "delta": 23175,
                "node": "27",
                "reporter": "26"
            },
            {
                "delta": 23275,
                "node": "27",
                "reporter": "6"
            },
            {
                "delta": 23281,
                "node": "27",
                "reporter": "3"
            },
            {
                "delta": 23375,
                "node": "27",
                "reporter": "23"
            },
            {
                "delta": 24313,
                "node": "19",
                "reporter": "27"
            },
            {
                "delta": 24742,
                "node": "16",
                "reporter": "27"
            },
            {
                "delta": 24831,
                "node": "4",
                "reporter": "27"
            },
            {
                "delta": 24835,
                "node": "29",
                "reporter": "27"
            },
            {
                "delta": 24835,
                "node": "15",
                "reporter": "27"
            },
            {
                "delta": 24835,
                "node": "30",
                "reporter": "27"
            },
            {
                "delta": 24951,
                "node": "10",
                "reporter": "27"
            },
            {
                "delta": 25171,
                "node": "6",
                "reporter": "27"
            },
            {
                "delta": 25172,
                "node": "8",
                "reporter": "27"
            },
            {
                "delta": 25173,
                "node": "2",
                "reporter": "27"
            },
            {
                "delta": 25173,
                "node": "20",
                "reporter": "27"
            },
            {
                "delta": 25173,
                "node": "21",
                "reporter": "27"
            },
            {
                "delta": 25174,
                "node": "9",
                "reporter": "27"
            },
            {
                "delta": 25174,
                "node": "5",
                "reporter": "27"
            },
            {
                "delta": 25472,
                "node": "23",
                "reporter": "27"
            },
            {
                "delta": 25472,
                "node": "1",
                "reporter": "27"
            },
            {
                "delta": 25473,
                "node": "24",
                "reporter": "27"
            },
            {
                "delta": 25473,
                "node": "18",
                "reporter": "27"
            },
            {
                "delta": 25473,
                "node": "12",
                "reporter": "27"
            },
            {
                "delta": 25474,
                "node": "14",
                "reporter": "27"
            },
            {
                "delta": 25474,
                "node": "26",
                "reporter": "27"
            },
            {
                "delta": 25474,
                "node": "17",
                "reporter": "27"
            },
            {
                "delta": 25475,
                "node": "7",
                "reporter": "27"
            },
            {
                "delta": 25476,
                "node": "22",
                "reporter": "27"
            },
            {
                "delta": 25476,
                "node": "13",
                "reporter": "27"
            },
            {
                "delta": 25477,
                "node": "28",
                "reporter": "27"
            },
            {
                "delta": 25477,
                "node": "11",
                "reporter": "27"
            },
            {
                "delta": 25479,
                "node": "3",
                "reporter": "27"
            },
            {
                "delta": 25601,
                "node": "25",
                "reporter": "27"
            }
        ]
    }
}