
{
    "id": "00138",
    "seed": 42,
    "repetition": 0,
    "settings": {
        "simulate_catastrophe": false,
        "number_of_nodes": 30,
        "duration": 120000,
        "gossip_delta": 200,
        "failure_delta": 2200,
        "miss_delta": 2200,
        "push_pull": true,
        "pick_strategy": 0,
        "enable_multicast": true,
        "multicast_parameter": 1.0,
        "multicast_max_wait": 2200,
        "expected_first_multicast": 1466
    },
    "result": {
        "start_time": 1500732541477,
        "end_time": 1500732661487,
        "expected_crashes": [
            {
                "delta": 31130,
                "node": "27"
            }
        ],
        "reported_crashes": [
            {
                "delta": 35620,
                "node": "27",
                "reporter": "8"
            },
            {
                "delta": 35639,
                "node": "27",
                "reporter": "9"
            },
            {
                "delta": 35735,
                "node": "27",
                "reporter": "22"
            },
            {
                "delta": 35806,
                "node": "27",
                "reporter": "16"
            },
            {
                "delta": 35810,
                "node": "27",
                "reporter": "13"
            },
            {
                "delta": 35860,
                "node": "27",
                "reporter": "2"
            },
            {
                "delta": 35924,
                "node": "27",
                "reporter": "7"
            },
            {
                "delta": 35933,
                "node": "27",
                "reporter": "15"
            },
            {
                "delta": 36042,
                "node": "27",
                "reporter": "10"
            },
            {
                "delta": 36051,
                "node": "27",
                "reporter": "4"
            },
            {
                "delta": 36092,
                "node": "27",
                "reporter": "6"
            },
            {
                "delta": 36095,
                "node": "27",
                "reporter": "17"
            },
            {
                "delta": 36101,
                "node": "27",
                "reporter": "18"
            },
            {
                "delta": 36134,
                "node": "27",
                "reporter": "28"
            },
            {
                "delta": 36154,
                "node": "27",
                "reporter": "19"
            },
            {
                "delta": 36173,
                "node": "27",
                "reporter": "29"
            },
            {
                "delta": 36221,
                "node": "27",
                "reporter": "12"
            },
            {
                "delta": 36221,
                "node": "27",
                "reporter": "26"
            },
            {
                "delta": 36261,
                "node": "27",
                "reporter": "21"
            },
            {
                "delta": 36281,
                "node": "27",
                "reporter": "24"
            },
            {
                "delta": 36285,
                "node": "27",
                "reporter": "14"
            },
            {
                "delta": 36321,
                "node": "27",
                "reporter": "5"
            },
            {
                "delta": 36367,
                "node": "27",
                "reporter": "23"
            },
            {
                "delta": 36384,
                "node": "27",
                "reporter": "11"
            },
            {
                "delta": 36391,
                "node": "27",
                "reporter": "30"
            },
            {
                "delta": 36421,
                "node": "27",
                "reporter": "1"
            },
            {
                "delta": 36446,
                "node": "27",
                "reporter": "25"
            },
            {
                "delta": 36548,
                "node": "27",
                "reporter": "20"
            },
            {
                "delta": 36622,
                "node": "27",
                "reporter": "3"
            }
        ]
    }
}