
{
    "id": "00132",
    "seed": 42,
    "repetition": 0,
    "settings": {
        "simulate_catastrophe": false,
        "number_of_nodes": 30,
        "duration": 120000,
        "gossip_delta": 200,
        "failure_delta": 2200,
        "miss_delta": 2200,
        "push_pull": false,
        "pick_strategy": 2,
        "enable_multicast": true,
        "multicast_parameter": 1.0,
        "multicast_max_wait": 2200,
        "expected_first_multicast": 733
    },
    "result": {
        "start_time": 1500731791297,
        "end_time": 1500731911306,
        "expected_crashes": [
            {
                "delta": 31130,
                "node": "27"
            }
        ],
        "reported_crashes": [
            {
                "delta": 35500,
                "node": "27",
                "reporter": "9"
            },
            {
                "delta": 35809,
                "node": "27",
                "reporter": "20"
            },
            {
                "delta": 35864,
                "node": "27",
                "reporter": "19"
            },
            {
                "delta": 35910,
                "node": "27",
                "reporter": "11"
            },
            {
                "delta": 35931,
                "node": "27",
                "reporter": "2"
            },
            {
                "delta": 36087,
                "node": "27",
                "reporter": "18"
            },
            {
                "delta": 36101,
                "node": "27",
                "reporter": "21"
            },
            {
                "delta": 36245,
                "node": "27",
                "reporter": "5"
            },
            {
                "delta": 36247,
                "node": "27",
                "reporter": "3"
            },
            {
                "delta": 36291,
                "node": "27",
                "reporter": "30"
            },
            {
                "delta": 36332,
                "node": "27",
                "reporter": "24"
            },
            {
                "delta": 36336,
                "node": "27",
                "reporter": "22"
            },
            {
                "delta": 36356,
                "node": "27",
                "reporter": "16"
            },
            {
                "delta": 36373,
                "node": "27",
                "reporter": "10"
            },
            {
                "delta": 36386,
                "node": "27",
                "reporter": "25"
            },
            {
                "delta": 36390,
                "node": "27",
                "reporter": "17"
            },
            {
                "delta": 36429,
                "node": "27",
                "reporter": "8"
            },
            {
                "delta": 36503,
                "node": "27",
                "reporter": "6"
            },
            {
                "delta": 36518,
                "node": "27",
                "reporter": "13"
            },
            {
                "delta": 36524,
                "node": "27",
                "reporter": "14"
            },
            {
                "delta": 36565,
                "node": "27",
                "reporter": "1"
            },
            {
                "delta": 36582,
                "node": "27",
                "reporter": "28"
            },
            {
                "delta": 36712,
                "node": "27",
                "reporter": "4"
            },
            {
                "delta": 36714,
                "node": "27",
                "reporter": "7"
            },
            {
                "delta": 36718,
                "node": "27",
                "reporter": "29"
            },
            {
                "delta": 36741,
                "node": "27",
                "reporter": "26"
            },
            {
                "delta": 36823,
                "node": "27",
                "reporter": "15"
            },
            {
                "delta": 36842,
                "node": "27",
                "reporter": "12"
            },
            {
                "delta": 37140,
                "node": "27",
                "reporter": "23"
            }
        ]
    }
}