
{
    "id": "00148",
    "seed": 42,
    "repetition": 0,
    "settings": {
        "simulate_catastrophe": false,
        "number_of_nodes": 30,
        "duration": 120000,
        "gossip_delta": 200,
        "failure_delta": 2200,
        "miss_delta": 2200,
        "push_pull": true,
        "pick_strategy": 2,
        "enable_multicast": true,
        "multicast_parameter": 1.0,
        "multicast_max_wait": 2200,
        "expected_first_multicast": 1466
    },
    "result": {
        "start_time": 1500733791776,
        "end_time": 1500733911786,
        "expected_crashes": [
            {
                "delta": 31130,
                "node": "27"
            }
        ],
        "reported_crashes": [
            {
                "delta": 35568,
                "node": "27",
                "reporter": "25"
            },
            {
                "delta": 35602,
                "node": "27",
                "reporter": "9"
            },
            {
                "delta": 35913,
                "node": "27",
                "reporter": "13"
            },
            {
                "delta": 35935,
                "node": "27",
                "reporter": "23"
            },
            {
                "delta": 35970,
                "node": "27",
                "reporter": "15"
            },
            {
                "delta": 36031,
                "node": "27",
                "reporter": "7"
            },
            {
                "delta": 36034,
                "node": "27",
                "reporter": "6"
            },
            {
                "delta": 36125,
                "node": "27",
                "reporter": "5"
            },
            {
                "delta": 36135,
                "node": "27",
                "reporter": "20"
            },
            {
                "delta": 36137,
                "node": "27",
                "reporter": "16"
            },
            {
                "delta": 36147,
                "node": "27",
                "reporter": "22"
            },
            {
                "delta": 36155,
                "node": "27",
                "reporter": "19"
            },
            {
                "delta": 36163,
                "node": "27",
                "reporter": "4"
            },
            {
                "delta": 36214,
                "node": "27",
                "reporter": "10"
            },
            {
                "delta": 36219,
                "node": "27",
                "reporter": "11"
            },
            {
                "delta": 36234,
                "node": "27",
                "reporter": "21"
            },
            {
                "delta": 36243,
                "node": "27",
                "reporter": "2"
            },
            {
                "delta": 36249,
                "node": "27",
                "reporter": "17"
            },
            {
                "delta": 36252,
                "node": "27",
                "reporter": "8"
            },
            {
                "delta": 36293,
                "node": "27",
                "reporter": "12"
            },
            {
                "delta": 36305,
                "node": "27",
                "reporter": "29"
            },
            {
                "delta": 36306,
                "node": "27",
                "reporter": "3"
            },
            {
                "delta": 36313,
                "node": "27",
                "reporter": "30"
            },
            {
                "delta": 36384,
                "node": "27",
                "reporter": "28"
            },
            {
                "delta": 36452,
                "node": "27",
                "reporter": "1"
            },
            {
                "delta": 36453,
                "node": "27",
                "reporter": "24"
            },
            {
                "delta": 36497,
                "node": "27",
                "reporter": "14"
            },
            {
                "delta": 36503,
                "node": "27",
                "reporter": "26"
            },
            {
                "delta": 36600,
                "node": "27",
                "reporter": "18"
            }
        ]
    }
}