
{
    "id": "00147",
    "seed": 42,
    "repetition": 0,
    "settings": {
        "simulate_catastrophe": false,
        "number_of_nodes": 30,
        "duration": 120000,
        "gossip_delta": 200,
        "failure_delta": 2200,
        "miss_delta": 2200,
        "push_pull": true,
        "pick_strategy": 2,
        "enable_multicast": true,
        "multicast_parameter": 1.0,
        "multicast_max_wait": 2200,
        "expected_first_multicast": 733
    },
    "result": {
        "start_time": 1500733666746,
        "end_time": 1500733786756,
        "expected_crashes": [
            {
                "delta": 31130,
                "node": "27"
            }
        ],
        "reported_crashes": [
            {
                "delta": 35682,
                "node": "27",
                "reporter": "25"
            },
            {
                "delta": 35754,
                "node": "27",
                "reporter": "26"
            },
            {
                "delta": 35860,
                "node": "27",
                "reporter": "18"
            },
            {
                "delta": 35908,
                "node": "27",
                "reporter": "10"
            },
            {
                "delta": 35954,
                "node": "27",
                "reporter": "28"
            },
            {
                "delta": 35970,
                "node": "27",
                "reporter": "9"
            },
            {
                "delta": 36022,
                "node": "27",
                "reporter": "1"
            },
            {
                "delta": 36054,
                "node": "27",
                "reporter": "6"
            },
            {
                "delta": 36063,
                "node": "27",
                "reporter": "8"
            },
            {
                "delta": 36097,
                "node": "27",
                "reporter": "14"
            },
            {
                "delta": 36103,
                "node": "27",
                "reporter": "24"
            },
            {
                "delta": 36138,
                "node": "27",
                "reporter": "7"
            },
            {
                "delta": 36140,
                "node": "27",
                "reporter": "15"
            },
            {
                "delta": 36155,
                "node": "27",
                "reporter": "19"
            },
            {
                "delta": 36164,
                "node": "27",
                "reporter": "30"
            },
            {
                "delta": 36172,
                "node": "27",
                "reporter": "23"
            },
            {
                "delta": 36173,
                "node": "27",
                "reporter": "21"
            },
            {
                "delta": 36194,
                "node": "27",
                "reporter": "29"
            },
            {
                "delta": 36233,
                "node": "27",
                "reporter": "12"
            },
            {
                "delta": 36298,
                "node": "27",
                "reporter": "16"
            },
            {
                "delta": 36318,
                "node": "27",
                "reporter": "20"
            },
            {
                "delta": 36333,
                "node": "27",
                "reporter": "13"
            },
            {
                "delta": 36345,
                "node": "27",
                "reporter": "5"
            },
            {
                "delta": 36362,
                "node": "27",
                "reporter": "2"
            },
            {
                "delta": 36396,
                "node": "27",
                "reporter": "22"
            },
            {
                "delta": 36451,
                "node": "27",
                "reporter": "11"
            },
            {
                "delta": 36468,
                "node": "27",
                "reporter": "17"
            },
            {
                "delta": 36485,
                "node": "27",
                "reporter": "3"
            },
            {
                "delta": 36503,
                "node": "27",
                "reporter": "4"
            }
        ]
    }
}