
{
    "id": "00140",
    "seed": 42,
    "repetition": 0,
    "settings": {
        "simulate_catastrophe": false,
        "number_of_nodes": 30,
        "duration": 120000,
        "gossip_delta": 200,
        "failure_delta": 2200,
        "miss_delta": 2200,
        "push_pull": true,
        "pick_strategy": 0,
        "enable_multicast": true,
        "multicast_parameter": 1.0,
        "multicast_max_wait": 4400,
        "expected_first_multicast": 1466
    },
    "result": {
        "start_time": 1500732791536,
        "end_time": 1500732911546,
        "expected_crashes": [
            {
                "delta": 31130,
                "node": "27"
            }
        ],
        "reported_crashes": [
            {
                "delta": 35784,
                "node": "27",
                "reporter": "15"
            },
            {
                "delta": 35975,
                "node": "27",
                "reporter": "19"
            },
            {
                "delta": 36114,
                "node": "27",
                "reporter": "29"
            },
            {
                "delta": 36173,
                "node": "27",
                "reporter": "6"
            },
            {
                "delta": 36182,
                "node": "27",
                "reporter": "21"
            },
            {
                "delta": 36203,
                "node": "27",
                "reporter": "13"
            },
            {
                "delta": 36316,
                "node": "27",
                "reporter": "14"
            },
            {
                "delta": 36327,
                "node": "27",
                "reporter": "16"
            },
            {
                "delta": 36377,
                "node": "27",
                "reporter": "23"
            },
            {
                "delta": 36384,
                "node": "27",
                "reporter": "17"
            },
            {
                "delta": 36411,
                "node": "27",
                "reporter": "26"
            },
            {
                "delta": 36432,
                "node": "27",
                "reporter": "30"
            },
            {
                "delta": 36436,
                "node": "27",
                "reporter": "22"
            },
            {
                "delta": 36456,
                "node": "27",
                "reporter": "11"
            },
            {
                "delta": 36461,
                "node": "27",
                "reporter": "8"
            },
            {
                "delta": 36462,
                "node": "27",
                "reporter": "12"
            },
            {
                "delta": 36551,
                "node": "27",
                "reporter": "1"
            },
            {
                "delta": 36552,
                "node": "27",
                "reporter": "4"
            },
            {
                "delta": 36558,
                "node": "27",
                "reporter": "18"
            },
            {
                "delta": 36565,
                "node": "27",
                "reporter": "7"
            },
            {
                "delta": 36597,
                "node": "27",
                "reporter": "25"
            },
            {
                "delta": 36620,
                "node": "27",
                "reporter": "20"
            },
            {
                "delta": 36640,
                "node": "27",
                "reporter": "9"
            },
            {
                "delta": 36703,
                "node": "27",
                "reporter": "3"
            },
            {
                "delta": 36724,
                "node": "27",
                "reporter": "10"
            },
            {
                "delta": 36724,
                "node": "27",
                "reporter": "28"
            },
            {
                "delta": 36791,
                "node": "27",
                "reporter": "24"
            },
            {
                "delta": 36811,
                "node": "27",
                "reporter": "2"
            },
            {
                "delta": 36841,
                "node": "27",
                "reporter": "5"
            }
        ]
    }
}