
{
    "id": "00159",
    "seed": 42,
    "repetition": 0,
    "settings": {
        "simulate_catastrophe": false,
        "number_of_nodes": 30,
        "duration": 120000,
        "gossip_delta": 200,
        "failure_delta": 1800,
        "miss_delta": 1800,
        "push_pull": false,
        "pick_strategy": 1,
        "enable_multicast": true,
        "multicast_parameter": 1.0,
        "multicast_max_wait": 3600,
        "expected_first_multicast": 600
    },
    "result": {
        "start_time": 1500735167086,
        "end_time": 1500735287097,
        "expected_crashes": [
            {
                "delta": 31130,
                "node": "27"
            }
        ],
        "reported_crashes": [
            {
                "delta": 25546,
                "node": "7",
                "reporter": "17"
            },
            {
                "delta": 25694,
                "node": "7",
                "reporter": "2"
            },
            {
                "delta": 25855,
                "node": "7",
                "reporter": "6"
            },
            {
                "delta": 25983,
                "node": "7",
                "reporter": "8"
            },
            {
                "delta": 26044,
                "node": "7",
                "reporter": "1"
            },
            {
                "delta": 26055,
                "node": "7",
                "reporter": "12"
            },
            {
                "delta": 26187,
                "node": "7",
                "reporter": "22"
            },
            {
                "delta": 26242,
                "node": "7",
                "reporter": "27"
            },
            {
                "delta": 26244,
                "node": "7",
                "reporter": "10"
            },
            {
                "delta": 26333,
                "node": "7",
                "reporter": "4"
            },
            {
                "delta": 26337,
                "node": "7",
                "reporter": "14"
            },
            {
                "delta": 26388,
                "node": "7",
                "reporter": "5"
            },
            {
                "delta": 26395,
                "node": "7",
                "reporter": "26"
            },
            {
                "delta": 26465,
                "node": "7",
                "reporter": "30"
            },
            {
                "delta": 26594,
                "node": "7",
                "reporter": "20"
            },
            {
                "delta": 26733,
                "node": "7",
                "reporter": "11"
            },
            {
                "delta": 26764,
                "node": "7",
                "reporter": "24"
            },
            {
                "delta": 26795,
                "node": "7",
                "reporter": "3"
            },
            {
                "delta": 26824,
                "node": "7",
                "reporter": "21"
            },
            {
                "delta": 26876,
                "node": "7",
                "reporter": "19"
            },
            {
                "delta": 26912,
                "node": "7",
                "reporter": "13"
            },
            {
                "delta": 26943,
                "node": "7",
                "reporter": "23"
            },
            {
                "delta": 26980,
                "node": "7",
                "reporter": "15"
            },
            {
                "delta": 27089,
                "node": "7",
                "reporter": "25"
            },
            {
                "delta": 27234,
                "node": "7",
                "reporter": "18"
            },
            {
                "delta": 27306,
                "node": "7",
                "reporter": "29"
            },
            {
                "delta": 27437,
                "node": "7",
                "reporter": "28"
            },
            {
                "delta": 27831,
                "node": "7",
                "reporter": "9"
            },
            {
                "delta": 27948,
                "node": "7",
                "reporter": "16"
            },
            {
                "delta": 28058,
                "node": "20",
                "reporter": "7"
            },
            {
                "delta": 28068,
                "node": "3",
                "reporter": "7"
            },
            {
                "delta": 28238,
                "node": "28",
                "reporter": "7"
            },
            {
                "delta": 28368,
                "node": "17",
                "reporter": "7"
            },
            {
                "delta": 28368,
                "node": "21",
                "reporter": "7"
            },
            {
                "delta": 28368,
                "node": "9",
                "reporter": "7"
            },
            {
                "delta": 28368,
                "node": "5",
                "reporter": "7"
            },
            {
                "delta": 28688,
                "node": "23",
                "reporter": "7"
            },
            {
                "delta": 28688,
                "node": "1",
                "reporter": "7"
            },
            {
                "delta": 28688,
                "node": "18",
                "reporter": "7"
            },
            {
                "delta": 28688,
                "node": "30",
                "reporter": "7"
            },
            {
                "delta": 28689,
                "node": "22",
                "reporter": "7"
            },
            {
                "delta": 28689,
                "node": "27",
                "reporter": "7"
            },
            {
                "delta": 28689,
                "node": "10",
                "reporter": "7"
            },
            {
                "delta": 28798,
                "node": "6",
                "reporter": "7"
            },
            {
                "delta": 28798,
                "node": "19",
                "reporter": "7"
            },
            {
                "delta": 28798,
                "node": "8",
                "reporter": "7"
            },
            {
                "delta": 28818,
                "node": "24",
                "reporter": "7"
            },
            {
                "delta": 28818,
                "node": "2",
                "reporter": "7"
            },
            {
                "delta": 28818,
                "node": "4",
                "reporter": "7"
            },
            {
                "delta": 28818,
                "node": "12",
                "reporter": "7"
            },
            {
                "delta": 28818,
                "node": "16",
                "reporter": "7"
            },
            {
                "delta": 28819,
                "node": "14",
                "reporter": "7"
            },
            {
                "delta": 28819,
                "node": "29",
                "reporter": "7"
            },
            {
                "delta": 28819,
                "node": "15",
                "reporter": "7"
            },
            {
                "delta": 28819,
                "node": "26",
                "reporter": "7"
            },
            {
                "delta": 28819,
                "node": "13",
                "reporter": "7"
            },
            {
                "delta": 28819,
                "node": "11",
                "reporter": "7"
            },
            {
                "delta": 28819,
                "node": "25",
                "reporter": "7"
            },
            {
                "delta": 34874,
                "node": "27",
                "reporter": "1"
            },
            {
                "delta": 35074,
                "node": "27",
                "reporter": "2"
            },
            {
                "delta": 35314,
                "node": "27",
                "reporter": "24"
            },
            {
                "delta": 35433,
                "node": "27",
                "reporter": "8"
            },
            {
                "delta": 35494,
                "node": "27",
                "reporter": "11"
            },
            {
                "delta": 35573,
                "node": "27",
                "reporter": "4"
            },
            {
                "delta": 35576,
                "node": "27",
                "reporter": "28"
            },
            {
                "delta": 35578,
                "node": "27",
                "reporter": "16"
            },
            {
                "delta": 35592,
                "node": "27",
                "reporter": "9"
            },
            {
                "delta": 35735,
                "node": "27",
                "reporter": "17"
            },
            {
                "delta": 35764,
                "node": "27",
                "reporter": "20"
            },
            {
                "delta": 35789,
                "node": "27",
                "reporter": "15"
            },
            {
                "delta": 35804,
                "node": "27",
                "reporter": "18"
            },
            {
                "delta": 35944,
                "node": "27",
                "reporter": "10"
            },
            {
                "delta": 35956,
                "node": "27",
                "reporter": "6"
            },
            {
                "delta": 35969,
                "node": "27",
                "reporter": "25"
            },
            {
                "delta": 35995,
                "node": "27",
                "reporter": "30"
            },
            {
                "delta": 36002,
                "node": "27",
                "reporter": "23"
            },
            {
                "delta": 36016,
                "node": "27",
                "reporter": "19"
            },
            {
                "delta": 36044,
                "node": "27",
                "reporter": "12"
            },
            {
                "delta": 36054,
                "node": "27",
                "reporter": "21"
            },
            {
                "delta": 36128,
                "node": "27",
                "reporter": "5"
            },
            {
                "delta": 36148,
                "node": "27",
                "reporter": "22"
            },
            {
                "delta": 36175,
                "node": "27",
                "reporter": "26"
            },
            {
                "delta": 36192,
                "node": "27",
                "reporter": "13"
            },
            {
                "delta": 36226,
                "node": "27",
                "reporter": "29"
            },
            {
                "delta": 36238,
                "node": "27",
                "reporter": "14"
            },
            {
                "delta": 37295,
                "node": "27",
                "reporter": "3"
            }
        ]
    }
}