
{
    "id": "00150",
    "seed": 42,
    "repetition": 0,
    "settings": {
        "simulate_catastrophe": false,
        "number_of_nodes": 30,
        "duration": 120000,
        "gossip_delta": 200,
        "failure_delta": 2200,
        "miss_delta": 2200,
        "push_pull": true,
        "pick_strategy": 2,
        "enable_multicast": true,
        "multicast_parameter": 1.0,
        "multicast_max_wait": 4400,
        "expected_first_multicast": 1466
    },
    "result": {
        "start_time": 1500734041836,
        "end_time": 1500734161847,
        "expected_crashes": [
            {
                "delta": 31130,
                "node": "27"
            }
        ],
        "reported_crashes": [
            {
                "delta": 35634,
                "node": "27",
                "reporter": "2"
            },
            {
                "delta": 35813,
                "node": "27",
                "reporter": "4"
            },
            {
                "delta": 35816,
                "node": "27",
                "reporter": "19"
            },
            {
                "delta": 35907,
                "node": "27",
                "reporter": "7"
            },
            {
                "delta": 35958,
                "node": "27",
                "reporter": "11"
            },
            {
                "delta": 36054,
                "node": "27",
                "reporter": "30"
            },
            {
                "delta": 36097,
                "node": "27",
                "reporter": "5"
            },
            {
                "delta": 36103,
                "node": "27",
                "reporter": "13"
            },
            {
                "delta": 36135,
                "node": "27",
                "reporter": "28"
            },
            {
                "delta": 36201,
                "node": "27",
                "reporter": "15"
            },
            {
                "delta": 36232,
                "node": "27",
                "reporter": "17"
            },
            {
                "delta": 36277,
                "node": "27",
                "reporter": "14"
            },
            {
                "delta": 36284,
                "node": "27",
                "reporter": "10"
            },
            {
                "delta": 36288,
                "node": "27",
                "reporter": "16"
            },
            {
                "delta": 36305,
                "node": "27",
                "reporter": "3"
            },
            {
                "delta": 36332,
                "node": "27",
                "reporter": "29"
            },
            {
                "delta": 36352,
                "node": "27",
                "reporter": "18"
            },
            {
                "delta": 36373,
                "node": "27",
                "reporter": "1"
            },
            {
                "delta": 36394,
                "node": "27",
                "reporter": "21"
            },
            {
                "delta": 36408,
                "node": "27",
                "reporter": "22"
            },
            {
                "delta": 36415,
                "node": "27",
                "reporter": "12"
            },
            {
                "delta": 36425,
                "node": "27",
                "reporter": "26"
            },
            {
                "delta": 36473,
                "node": "27",
                "reporter": "24"
            },
            {
                "delta": 36547,
                "node": "27",
                "reporter": "23"
            },
            {
                "delta": 36548,
                "node": "27",
                "reporter": "25"
            },
            {
                "delta": 36584,
                "node": "27",
                "reporter": "6"
            },
            {
                "delta": 36598,
                "node": "27",
                "reporter": "20"
            },
            {
                "delta": 36651,
                "node": "27",
                "reporter": "9"
            },
            {
                "delta": 36712,
                "node": "27",
                "reporter": "8"
            }
        ]
    }
}