
{
    "id": "00163",
    "seed": 42,
    "repetition": 0,
    "settings": {
        "simulate_catastrophe": false,
        "number_of_nodes": 30,
        "duration": 120000,
        "gossip_delta": 200,
        "failure_delta": 1800,
        "miss_delta": 1800,
        "push_pull": false,
        "pick_strategy": 2,
        "enable_multicast": true,
        "multicast_parameter": 30.0,
        "multicast_max_wait": 1800,
        "expected_first_multicast": 1200
    },
    "result": {
        "start_time": 1500735667217,
        "end_time": 1500735787227,
        "expected_crashes": [
            {
                "delta": 31130,
                "node": "27"
            }
        ],
        "reported_crashes": [
            {
                "delta": 27982,
                "node": "14",
                "reporter": "2"
            },
            {
                "delta": 28245,
                "node": "14",
                "reporter": "29"
            },
            {
                "delta": 28352,
                "node": "14",
                "reporter": "27"
            },
            {
                "delta": 28450,
                "node": "14",
                "reporter": "25"
            },
            {
                "delta": 28451,
                "node": "14",
                "reporter": "9"
            },
            {
                "delta": 28623,
                "node": "14",
                "reporter": "3"
            },
            {
                "delta": 28653,
                "node": "14",
                "reporter": "17"
            },
            {
                "delta": 28698,
                "node": "14",
                "reporter": "5"
            },
            {
                "delta": 28700,
                "node": "14",
                "reporter": "4"
            },
            {
                "delta": 28723,
                "node": "14",
                "reporter": "26"
            },
            {
                "delta": 28821,
                "node": "14",
                "reporter": "30"
            },
            {
                "delta": 28859,
                "node": "14",
                "reporter": "15"
            },
            {
                "delta": 28868,
                "node": "14",
                "reporter": "16"
            },
            {
                "delta": 28948,
                "node": "14",
                "reporter": "18"
            },
            {
                "delta": 29030,
                "node": "14",
                "reporter": "24"
            },
            {
                "delta": 29043,
                "node": "14",
                "reporter": "10"
            },
            {
                "delta": 29075,
                "node": "14",
                "reporter": "12"
            },
            {
                "delta": 29107,
                "node": "14",
                "reporter": "7"
            },
            {
                "delta": 29108,
                "node": "14",
                "reporter": "13"
            },
            {
                "delta": 29142,
                "node": "14",
                "reporter": "20"
            },
            {
                "delta": 29175,
                "node": "14",
                "reporter": "21"
            },
            {
                "delta": 29291,
                "node": "14",
                "reporter": "8"
            },
            {
                "delta": 29293,
                "node": "14",
                "reporter": "1"
            },
            {
                "delta": 29294,
                "node": "14",
                "reporter": "28"
            },
            {
                "delta": 29316,
                "node": "14",
                "reporter": "11"
            },
            {
                "delta": 29420,
                "node": "14",
                "reporter": "22"
            },
            {
                "delta": 29474,
                "node": "14",
                "reporter": "6"
            },
            {
                "delta": 29515,
                "node": "14",
                "reporter": "19"
            },
            {
                "delta": 29711,
                "node": "14",
                "reporter": "23"
            },
            {
                "delta": 30267,
                "node": "13",
                "reporter": "14"
            },
            {
                "delta": 30527,
                "node": "8",
                "reporter": "14"
            },
            {
                "delta": 30567,
                "node": "5",
                "reporter": "14"
            },
            {
                "delta": 30616,
                "node": "12",
                "reporter": "14"
            },
            {
                "delta": 30616,
                "node": "16",
                "reporter": "14"
            },
            {
                "delta": 30656,
                "node": "22",
                "reporter": "14"
            },
            {
                "delta": 30676,
                "node": "30",
                "reporter": "14"
            },
            {
                "delta": 30676,
                "node": "7",
                "reporter": "14"
            },
            {
                "delta": 30767,
                "node": "24",
                "reporter": "14"
            },
            {
                "delta": 30767,
                "node": "29",
                "reporter": "14"
            },
            {
                "delta": 30767,
                "node": "28",
                "reporter": "14"
            },
            {
                "delta": 30767,
                "node": "3",
                "reporter": "14"
            },
            {
                "delta": 30816,
                "node": "1",
                "reporter": "14"
            },
            {
                "delta": 30867,
                "node": "15",
                "reporter": "14"
            },
            {
                "delta": 30867,
                "node": "26",
                "reporter": "14"
            },
            {
                "delta": 30867,
                "node": "21",
                "reporter": "14"
            },
            {
                "delta": 30867,
                "node": "25",
                "reporter": "14"
            },
            {
                "delta": 31087,
                "node": "6",
                "reporter": "14"
            },
            {
                "delta": 31087,
                "node": "4",
                "reporter": "14"
            },
            {
                "delta": 31087,
                "node": "2",
                "reporter": "14"
            },
            {
                "delta": 31087,
                "node": "10",
                "reporter": "14"
            },
            {
                "delta": 31197,
                "node": "19",
                "reporter": "14"
            },
            {
                "delta": 31206,
                "node": "20",
                "reporter": "14"
            },
            {
                "delta": 31207,
                "node": "17",
                "reporter": "14"
            },
            {
                "delta": 31207,
                "node": "11",
                "reporter": "14"
            },
            {
                "delta": 31397,
                "node": "23",
                "reporter": "14"
            },
            {
                "delta": 31397,
                "node": "18",
                "reporter": "14"
            },
            {
                "delta": 31397,
                "node": "27",
                "reporter": "14"
            },
            {
                "delta": 31398,
                "node": "9",
                "reporter": "14"
            },
            {
                "delta": 34751,
                "node": "27",
                "reporter": "9"
            },
            {
                "delta": 34988,
                "node": "27",
                "reporter": "13"
            },
            {
                "delta": 35107,
                "node": "27",
                "reporter": "7"
            },
            {
                "delta": 35194,
                "node": "27",
                "reporter": "28"
            },
            {
                "delta": 35313,
                "node": "27",
                "reporter": "21"
            },
            {
                "delta": 35320,
                "node": "27",
                "reporter": "15"
            },
            {
                "delta": 35402,
                "node": "27",
                "reporter": "3"
            },
            {
                "delta": 35488,
                "node": "27",
                "reporter": "16"
            },
            {
                "delta": 35501,
                "node": "27",
                "reporter": "4"
            },
            {
                "delta": 35503,
                "node": "27",
                "reporter": "8"
            },
            {
                "delta": 35558,
                "node": "27",
                "reporter": "25"
            },
            {
                "delta": 35579,
                "node": "27",
                "reporter": "23"
            },
            {
                "delta": 35594,
                "node": "27",
                "reporter": "29"
            },
            {
                "delta": 35633,
                "node": "27",
                "reporter": "5"
            },
            {
                "delta": 35672,
                "node": "27",
                "reporter": "2"
            },
            {
                "delta": 35729,
                "node": "27",
                "reporter": "24"
            },
            {
                "delta": 35783,
                "node": "27",
                "reporter": "26"
            },
            {
                "delta": 35791,
                "node": "27",
                "reporter": "30"
            },
            {
                "delta": 35824,
                "node": "27",
                "reporter": "1"
            },
            {
                "delta": 35833,
                "node": "27",
                "reporter": "12"
            },
            {
                "delta": 35844,
                "node": "27",
                "reporter": "6"
            },
            {
                "delta": 35943,
                "node": "27",
                "reporter": "17"
            },
            {
                "delta": 36016,
                "node": "27",
                "reporter": "22"
            },
            {
                "delta": 36032,
                "node": "27",
                "reporter": "20"
            },
            {
                "delta": 36123,
                "node": "27",
                "reporter": "10"
            },
            {
                "delta": 36308,
                "node": "27",
                "reporter": "18"
            },
            {
                "delta": 36336,
                "node": "27",
                "reporter": "19"
            },
            {
                "delta": 36396,
                "node": "27",
                "reporter": "11"
            },
            {
                "delta": 45760,
                "node": "16",
                "reporter": "4"
            },
            {
                "delta": 46020,
                "node": "16",
                "reporter": "24"
            },
            {
                "delta": 46052,
                "node": "16",
                "reporter": "2"
            },
            {
                "delta": 46063,
                "node": "16",
                "reporter": "1"
            },
            {
                "delta": 46212,
                "node": "16",
                "reporter": "9"
            },
            {
                "delta": 46218,
                "node": "16",
                "reporter": "12"
            },
            {
                "delta": 46236,
                "node": "16",
                "reporter": "7"
            },
            {
                "delta": 46253,
                "node": "16",
                "reporter": "26"
            },
            {
                "delta": 46436,
                "node": "16",
                "reporter": "22"
            },
            {
                "delta": 46442,
                "node": "16",
                "reporter": "30"
            },
            {
                "delta": 46452,
                "node": "16",
                "reporter": "3"
            },
            {
                "delta": 46463,
                "node": "16",
                "reporter": "8"
            },
            {
                "delta": 46513,
                "node": "16",
                "reporter": "17"
            },
            {
                "delta": 46514,
                "node": "16",
                "reporter": "10"
            },
            {
                "delta": 46525,
                "node": "16",
                "reporter": "29"
            },
            {
                "delta": 46625,
                "node": "16",
                "reporter": "11"
            },
            {
                "delta": 46643,
                "node": "16",
                "reporter": "28"
            },
            {
                "delta": 46653,
                "node": "16",
                "reporter": "21"
            },
            {
                "delta": 46668,
                "node": "16",
                "reporter": "25"
            },
            {
                "delta": 46719,
                "node": "16",
                "reporter": "15"
            },
            {
                "delta": 46823,
                "node": "16",
                "reporter": "20"
            },
            {
                "delta": 46885,
                "node": "16",
                "reporter": "19"
            },
            {
                "delta": 46888,
                "node": "16",
                "reporter": "5"
            },
            {
                "delta": 46948,
                "node": "16",
                "reporter": "13"
            },
            {
                "delta": 46998,
                "node": "16",
                "reporter": "23"
            },
            {
                "delta": 47028,
                "node": "16",
                "reporter": "18"
            },
            {
                "delta": 47265,
                "node": "16",
                "reporter": "6"
            },
            {
                "delta": 48087,
                "node": "10",
                "reporter": "16"
            },
            {
                "delta": 48248,
                "node": "13",
                "reporter": "16"
            },
            {
                "delta": 48407,
                "node": "19",
                "reporter": "16"
            },
            {
                "delta": 48577,
                "node": "23",
                "reporter": "16"
            },
            {
                "delta": 48577,
                "node": "17",
                "reporter": "16"
            },
            {
                "delta": 48738,
                "node": "6",
                "reporter": "16"
            },
            {
                "delta": 48738,
                "node": "8",
                "reporter": "16"
            },
            {
                "delta": 48738,
                "node": "1",
                "reporter": "16"
            },
            {
                "delta": 48738,
                "node": "24",
                "reporter": "16"
            },
            {
                "delta": 48738,
                "node": "20",
                "reporter": "16"
            },
            {
                "delta": 48738,
                "node": "18",
                "reporter": "16"
            },
            {
                "delta": 48739,
                "node": "2",
                "reporter": "16"
            },
            {
                "delta": 48739,
                "node": "4",
                "reporter": "16"
            },
            {
                "delta": 48739,
                "node": "12",
                "reporter": "16"
            },
            {
                "delta": 48739,
                "node": "29",
                "reporter": "16"
            },
            {
                "delta": 48759,
                "node": "15",
                "reporter": "16"
            },
            {
                "delta": 48760,
                "node": "26",
                "reporter": "16"
            },
            {
                "delta": 48760,
                "node": "30",
                "reporter": "16"
            },
            {
                "delta": 48760,
                "node": "7",
                "reporter": "16"
            },
            {
                "delta": 48760,
                "node": "22",
                "reporter": "16"
            },
            {
                "delta": 48760,
                "node": "21",
                "reporter": "16"
            },
            {
                "delta": 48760,
                "node": "28",
                "reporter": "16"
            },
            {
                "delta": 48760,
                "node": "3",
                "reporter": "16"
            },
            {
                "delta": 48760,
                "node": "11",
                "reporter": "16"
            },
            {
                "delta": 48760,
                "node": "25",
                "reporter": "16"
            },
            {
                "delta": 48760,
                "node": "9",
                "reporter": "16"
            },
            {
                "delta": 48760,
                "node": "5",
                "reporter": "16"
            },
            {
                "delta": 54403,
                "node": "10",
                "reporter": "17"
            },
            {
                "delta": 54500,
                "node": "10",
                "reporter": "15"
            },
            {
                "delta": 54699,
                "node": "10",
                "reporter": "25"
            },
            {
                "delta": 54706,
                "node": "10",
                "reporter": "7"
            },
            {
                "delta": 54846,
                "node": "10",
                "reporter": "22"
            },
            {
                "delta": 54934,
                "node": "10",
                "reporter": "12"
            },
            {
                "delta": 55072,
                "node": "10",
                "reporter": "30"
            },
            {
                "delta": 55131,
                "node": "10",
                "reporter": "8"
            },
            {
                "delta": 55168,
                "node": "10",
                "reporter": "18"
            },
            {
                "delta": 55172,
                "node": "10",
                "reporter": "3"
            },
            {
                "delta": 55172,
                "node": "10",
                "reporter": "24"
            },
            {
                "delta": 55275,
                "node": "10",
                "reporter": "19"
            },
            {
                "delta": 55278,
                "node": "10",
                "reporter": "13"
            },
            {
                "delta": 55282,
                "node": "10",
                "reporter": "2"
            },
            {
                "delta": 55332,
                "node": "10",
                "reporter": "21"
            },
            {
                "delta": 55333,
                "node": "10",
                "reporter": "28"
            },
            {
                "delta": 55375,
                "node": "10",
                "reporter": "29"
            },
            {
                "delta": 55433,
                "node": "10",
                "reporter": "26"
            },
            {
                "delta": 55473,
                "node": "10",
                "reporter": "20"
            },
            {
                "delta": 55552,
                "node": "10",
                "reporter": "9"
            },
            {
                "delta": 55598,
                "node": "10",
                "reporter": "5"
            },
            {
                "delta": 55635,
                "node": "10",
                "reporter": "11"
            },
            {
                "delta": 55660,
                "node": "10",
                "reporter": "4"
            },
            {
                "delta": 55664,
                "node": "10",
                "reporter": "1"
            },
            {
                "delta": 55664,
                "node": "10",
                "reporter": "6"
            },
            {
                "delta": 55898,
                "node": "10",
                "reporter": "23"
            },
            {
                "delta": 56684,
                "node": "11",
                "reporter": "10"
            },
            {
                "delta": 56754,
                "node": "12",
                "reporter": "10"
            },
            {
                "delta": 56754,
                "node": "9",
                "reporter": "10"
            },
            {
                "delta": 56804,
                "node": "19",
                "reporter": "10"
            },
            {
                "delta": 56804,
                "node": "8",
                "reporter": "10"
            },
            {
                "delta": 56804,
                "node": "28",
                "reporter": "10"
            },
            {
                "delta": 56804,
                "node": "2",
                "reporter": "10"
            },
            {
                "delta": 56804,
                "node": "13",
                "reporter": "10"
            },
            {
                "delta": 56804,
                "node": "5",
                "reporter": "10"
            },
            {
                "delta": 56936,
                "node": "6",
                "reporter": "10"
            },
            {
                "delta": 56936,
                "node": "17",
                "reporter": "10"
            },
            {
                "delta": 56936,
                "node": "21",
                "reporter": "10"
            },
            {
                "delta": 56936,
                "node": "25",
                "reporter": "10"
            },
            {
                "delta": 56966,
                "node": "24",
                "reporter": "10"
            },
            {
                "delta": 56966,
                "node": "20",
                "reporter": "10"
            },
            {
                "delta": 56994,
                "node": "23",
                "reporter": "10"
            },
            {
                "delta": 56994,
                "node": "15",
                "reporter": "10"
            },
            {
                "delta": 56994,
                "node": "7",
                "reporter": "10"
            },
            {
                "delta": 57064,
                "node": "18",
                "reporter": "10"
            },
            {
                "delta": 57064,
                "node": "29",
                "reporter": "10"
            },
            {
                "delta": 57064,
                "node": "26",
                "reporter": "10"
            },
            {
                "delta": 57064,
                "node": "30",
                "reporter": "10"
            },
            {
                "delta": 57064,
                "node": "3",
                "reporter": "10"
            },
            {
                "delta": 57344,
                "node": "1",
                "reporter": "10"
            },
            {
                "delta": 57344,
                "node": "4",
                "reporter": "10"
            },
            {
                "delta": 57344,
                "node": "22",
                "reporter": "10"
            }
        ]
    }
}