
{
    "id": "00166",
    "seed": 42,
    "repetition": 0,
    "settings": {
        "simulate_catastrophe": false,
        "number_of_nodes": 30,
        "duration": 120000,
        "gossip_delta": 200,
        "failure_delta": 1800,
        "miss_delta": 1800,
        "push_pull": true,
        "pick_strategy": 0,
        "enable_multicast": false,
        "multicast_parameter": null,
        "multicast_max_wait": null,
        "expected_first_multicast": null
    },
    "result": {
        "start_time": 1500736042306,
        "end_time": 1500736162316,
        "expected_crashes": [
            {
                "delta": 31130,
                "node": "27"
            }
        ],
        "reported_crashes": [
            {
                "delta": 33083,
                "node": "27",
                "reporter": "17"
            },
            {
                "delta": 33131,
                "node": "27",
                "reporter": "18"
            },
            {
                "delta": 33299,
                "node": "27",
                "reporter": "11"
            },
            {
                "delta": 33356,
                "node": "27",
                "reporter": "1"
            },
            {
                "delta": 33414,
                "node": "27",
                "reporter": "3"
            },
            {
                "delta": 33440,
                "node": "27",
                "reporter": "30"
            },
            {
                "delta": 33463,
                "node": "27",
                "reporter": "20"
            },
            {
                "delta": 33478,
                "node": "27",
                "reporter": "16"
            },
            {
                "delta": 33488,
                "node": "27",
                "reporter": "7"
            },
            {
                "delta": 33499,
                "node": "27",
                "reporter": "25"
            },
            {
                "delta": 33540,
                "node": "27",
                "reporter": "5"
            },
            {
                "delta": 33586,
                "node": "27",
                "reporter": "6"
            },
            {
                "delta": 33586,
                "node": "27",
                "reporter": "12"
            },
            {
                "delta": 33592,
                "node": "27",
                "reporter": "2"
            },
            {
                "delta": 33604,
                "node": "27",
                "reporter": "26"
            },
            {
                "delta": 33611,
                "node": "27",
                "reporter": "8"
            },
            {
                "delta": 33636,
                "node": "27",
                "reporter": "22"
            },
            {
                "delta": 33685,
                "node": "27",
                "reporter": "10"
            },
            {
                "delta": 33724,
                "node": "27",
                "reporter": "21"
            },
            {
                "delta": 33729,
                "node": "27",
                "reporter": "15"
            },
            {
                "delta": 33753,
                "node": "27",
                "reporter": "9"
            },
            {
                "delta": 33753,
                "node": "27",
                "reporter": "28"
            },
            {
                "delta": 33775,
                "node": "27",
                "reporter": "23"
            },
            {
                "delta": 33776,
                "node": "27",
                "reporter": "29"
            },
            {
                "delta": 33797,
                "node": "27",
                "reporter": "14"
            },
            {
                "delta": 33832,
                "node": "27",
                "reporter": "4"
            },
            {
                "delta": 33888,
                "node": "27",
                "reporter": "19"
            },
            {
                "delta": 33987,
                "node": "27",
                "reporter": "13"
            },
            {
                "delta": 34107,
                "node": "27",
                "reporter": "24"
            }
        ]
    }
}