
{
    "id": "00165",
    "seed": 42,
    "repetition": 0,
    "settings": {
        "simulate_catastrophe": false,
        "number_of_nodes": 30,
        "duration": 120000,
        "gossip_delta": 200,
        "failure_delta": 1800,
        "miss_delta": 1800,
        "push_pull": false,
        "pick_strategy": 2,
        "enable_multicast": true,
        "multicast_parameter": 1.0,
        "multicast_max_wait": 3600,
        "expected_first_multicast": 1200
    },
    "result": {
        "start_time": 1500735917276,
        "end_time": 1500736037287,
        "expected_crashes": [
            {
                "delta": 31130,
                "node": "27"
            }
        ],
        "reported_crashes": [
            {
                "delta": 34898,
                "node": "27",
                "reporter": "16"
            },
            {
                "delta": 35038,
                "node": "27",
                "reporter": "11"
            },
            {
                "delta": 35152,
                "node": "27",
                "reporter": "2"
            },
            {
                "delta": 35285,
                "node": "27",
                "reporter": "1"
            },
            {
                "delta": 35386,
                "node": "27",
                "reporter": "19"
            },
            {
                "delta": 35486,
                "node": "27",
                "reporter": "3"
            },
            {
                "delta": 35541,
                "node": "27",
                "reporter": "8"
            },
            {
                "delta": 35589,
                "node": "27",
                "reporter": "15"
            },
            {
                "delta": 35605,
                "node": "27",
                "reporter": "12"
            },
            {
                "delta": 35728,
                "node": "27",
                "reporter": "24"
            },
            {
                "delta": 35730,
                "node": "27",
                "reporter": "5"
            },
            {
                "delta": 35748,
                "node": "27",
                "reporter": "13"
            },
            {
                "delta": 35754,
                "node": "27",
                "reporter": "10"
            },
            {
                "delta": 35931,
                "node": "27",
                "reporter": "20"
            },
            {
                "delta": 35956,
                "node": "27",
                "reporter": "22"
            },
            {
                "delta": 35966,
                "node": "27",
                "reporter": "29"
            },
            {
                "delta": 36022,
                "node": "27",
                "reporter": "4"
            },
            {
                "delta": 36024,
                "node": "27",
                "reporter": "26"
            },
            {
                "delta": 36090,
                "node": "27",
                "reporter": "30"
            },
            {
                "delta": 36136,
                "node": "27",
                "reporter": "6"
            },
            {
                "delta": 36138,
                "node": "27",
                "reporter": "14"
            },
            {
                "delta": 36143,
                "node": "27",
                "reporter": "17"
            },
            {
                "delta": 36236,
                "node": "27",
                "reporter": "23"
            },
            {
                "delta": 36244,
                "node": "27",
                "reporter": "21"
            },
            {
                "delta": 36273,
                "node": "27",
                "reporter": "9"
            },
            {
                "delta": 36414,
                "node": "27",
                "reporter": "28"
            },
            {
                "delta": 36548,
                "node": "27",
                "reporter": "7"
            },
            {
                "delta": 36559,
                "node": "27",
                "reporter": "25"
            },
            {
                "delta": 36640,
                "node": "27",
                "reporter": "18"
            },
            {
                "delta": 38749,
                "node": "14",
                "reporter": "15"
            },
            {
                "delta": 38949,
                "node": "14",
                "reporter": "5"
            },
            {
                "delta": 39039,
                "node": "14",
                "reporter": "24"
            },
            {
                "delta": 39167,
                "node": "14",
                "reporter": "12"
            },
            {
                "delta": 39168,
                "node": "14",
                "reporter": "7"
            },
            {
                "delta": 39262,
                "node": "14",
                "reporter": "9"
            },
            {
                "delta": 39267,
                "node": "14",
                "reporter": "13"
            },
            {
                "delta": 39318,
                "node": "14",
                "reporter": "16"
            },
            {
                "delta": 39319,
                "node": "14",
                "reporter": "25"
            },
            {
                "delta": 39376,
                "node": "14",
                "reporter": "23"
            },
            {
                "delta": 39378,
                "node": "14",
                "reporter": "22"
            },
            {
                "delta": 39441,
                "node": "14",
                "reporter": "30"
            },
            {
                "delta": 39465,
                "node": "14",
                "reporter": "19"
            },
            {
                "delta": 39484,
                "node": "14",
                "reporter": "26"
            },
            {
                "delta": 39486,
                "node": "14",
                "reporter": "29"
            },
            {
                "delta": 39505,
                "node": "14",
                "reporter": "6"
            },
            {
                "delta": 39573,
                "node": "14",
                "reporter": "21"
            },
            {
                "delta": 39671,
                "node": "14",
                "reporter": "20"
            },
            {
                "delta": 39693,
                "node": "14",
                "reporter": "17"
            },
            {
                "delta": 39702,
                "node": "14",
                "reporter": "8"
            },
            {
                "delta": 39722,
                "node": "14",
                "reporter": "2"
            },
            {
                "delta": 39731,
                "node": "14",
                "reporter": "4"
            },
            {
                "delta": 39774,
                "node": "14",
                "reporter": "28"
            },
            {
                "delta": 39879,
                "node": "14",
                "reporter": "11"
            },
            {
                "delta": 39995,
                "node": "14",
                "reporter": "10"
            },
            {
                "delta": 40086,
                "node": "14",
                "reporter": "1"
            },
            {
                "delta": 40124,
                "node": "14",
                "reporter": "3"
            },
            {
                "delta": 40530,
                "node": "14",
                "reporter": "18"
            },
            {
                "delta": 41167,
                "node": "26",
                "reporter": "14"
            },
            {
                "delta": 41468,
                "node": "20",
                "reporter": "14"
            },
            {
                "delta": 42357,
                "node": "6",
                "reporter": "14"
            },
            {
                "delta": 42357,
                "node": "19",
                "reporter": "14"
            },
            {
                "delta": 42357,
                "node": "8",
                "reporter": "14"
            },
            {
                "delta": 42358,
                "node": "23",
                "reporter": "14"
            },
            {
                "delta": 42360,
                "node": "1",
                "reporter": "14"
            },
            {
                "delta": 42360,
                "node": "24",
                "reporter": "14"
            },
            {
                "delta": 42360,
                "node": "18",
                "reporter": "14"
            },
            {
                "delta": 42360,
                "node": "2",
                "reporter": "14"
            },
            {
                "delta": 42360,
                "node": "4",
                "reporter": "14"
            },
            {
                "delta": 42361,
                "node": "12",
                "reporter": "14"
            },
            {
                "delta": 42505,
                "node": "16",
                "reporter": "14"
            },
            {
                "delta": 42505,
                "node": "29",
                "reporter": "14"
            },
            {
                "delta": 42505,
                "node": "15",
                "reporter": "14"
            },
            {
                "delta": 42505,
                "node": "17",
                "reporter": "14"
            },
            {
                "delta": 42505,
                "node": "30",
                "reporter": "14"
            },
            {
                "delta": 42505,
                "node": "7",
                "reporter": "14"
            },
            {
                "delta": 42505,
                "node": "22",
                "reporter": "14"
            },
            {
                "delta": 42505,
                "node": "13",
                "reporter": "14"
            },
            {
                "delta": 42505,
                "node": "21",
                "reporter": "14"
            },
            {
                "delta": 42505,
                "node": "28",
                "reporter": "14"
            },
            {
                "delta": 42505,
                "node": "3",
                "reporter": "14"
            },
            {
                "delta": 42505,
                "node": "10",
                "reporter": "14"
            },
            {
                "delta": 42505,
                "node": "11",
                "reporter": "14"
            },
            {
                "delta": 42505,
                "node": "25",
                "reporter": "14"
            },
            {
                "delta": 42505,
                "node": "9",
                "reporter": "14"
            },
            {
                "delta": 42505,
                "node": "5",
                "reporter": "14"
            }
        ]
    }
}