
{
    "id": "00170",
    "seed": 42,
    "repetition": 0,
    "settings": {
        "simulate_catastrophe": false,
        "number_of_nodes": 30,
        "duration": 120000,
        "gossip_delta": 200,
        "failure_delta": 1800,
        "miss_delta": 1800,
        "push_pull": true,
        "pick_strategy": 0,
        "enable_multicast": true,
        "multicast_parameter": 1.0,
        "multicast_max_wait": 3600,
        "expected_first_multicast": 1200
    },
    "result": {
        "start_time": 1500736542427,
        "end_time": 1500736662437,
        "expected_crashes": [
            {
                "delta": 31130,
                "node": "27"
            }
        ],
        "reported_crashes": [
            {
                "delta": 34975,
                "node": "27",
                "reporter": "29"
            },
            {
                "delta": 35043,
                "node": "27",
                "reporter": "26"
            },
            {
                "delta": 35084,
                "node": "27",
                "reporter": "9"
            },
            {
                "delta": 35096,
                "node": "27",
                "reporter": "14"
            },
            {
                "delta": 35147,
                "node": "27",
                "reporter": "7"
            },
            {
                "delta": 35163,
                "node": "27",
                "reporter": "21"
            },
            {
                "delta": 35260,
                "node": "27",
                "reporter": "23"
            },
            {
                "delta": 35300,
                "node": "27",
                "reporter": "5"
            },
            {
                "delta": 35300,
                "node": "27",
                "reporter": "11"
            },
            {
                "delta": 35304,
                "node": "27",
                "reporter": "10"
            },
            {
                "delta": 35327,
                "node": "27",
                "reporter": "16"
            },
            {
                "delta": 35338,
                "node": "27",
                "reporter": "30"
            },
            {
                "delta": 35354,
                "node": "27",
                "reporter": "6"
            },
            {
                "delta": 35378,
                "node": "27",
                "reporter": "18"
            },
            {
                "delta": 35416,
                "node": "27",
                "reporter": "12"
            },
            {
                "delta": 35434,
                "node": "27",
                "reporter": "19"
            },
            {
                "delta": 35440,
                "node": "27",
                "reporter": "8"
            },
            {
                "delta": 35451,
                "node": "27",
                "reporter": "4"
            },
            {
                "delta": 35470,
                "node": "27",
                "reporter": "25"
            },
            {
                "delta": 35472,
                "node": "27",
                "reporter": "17"
            },
            {
                "delta": 35494,
                "node": "27",
                "reporter": "13"
            },
            {
                "delta": 35529,
                "node": "27",
                "reporter": "20"
            },
            {
                "delta": 35534,
                "node": "27",
                "reporter": "22"
            },
            {
                "delta": 35546,
                "node": "27",
                "reporter": "15"
            },
            {
                "delta": 35550,
                "node": "27",
                "reporter": "2"
            },
            {
                "delta": 35565,
                "node": "27",
                "reporter": "28"
            },
            {
                "delta": 35633,
                "node": "27",
                "reporter": "3"
            },
            {
                "delta": 35724,
                "node": "27",
                "reporter": "24"
            },
            {
                "delta": 35846,
                "node": "27",
                "reporter": "1"
            }
        ]
    }
}