
{
    "id": "00178",
    "seed": 42,
    "repetition": 0,
    "settings": {
        "simulate_catastrophe": false,
        "number_of_nodes": 30,
        "duration": 120000,
        "gossip_delta": 200,
        "failure_delta": 1800,
        "miss_delta": 1800,
        "push_pull": true,
        "pick_strategy": 2,
        "enable_multicast": true,
        "multicast_parameter": 30.0,
        "multicast_max_wait": 1800,
        "expected_first_multicast": 1200
    },
    "result": {
        "start_time": 1500737542666,
        "end_time": 1500737662677,
        "expected_crashes": [
            {
                "delta": 31130,
                "node": "27"
            }
        ],
        "reported_crashes": [
            {
                "delta": 34913,
                "node": "27",
                "reporter": "24"
            },
            {
                "delta": 35167,
                "node": "27",
                "reporter": "15"
            },
            {
                "delta": 35184,
                "node": "27",
                "reporter": "21"
            },
            {
                "delta": 35193,
                "node": "27",
                "reporter": "8"
            },
            {
                "delta": 35305,
                "node": "27",
                "reporter": "6"
            },
            {
                "delta": 35317,
                "node": "27",
                "reporter": "30"
            },
            {
                "delta": 35337,
                "node": "27",
                "reporter": "16"
            },
            {
                "delta": 35378,
                "node": "27",
                "reporter": "1"
            },
            {
                "delta": 35410,
                "node": "27",
                "reporter": "7"
            },
            {
                "delta": 35453,
                "node": "27",
                "reporter": "29"
            },
            {
                "delta": 35464,
                "node": "27",
                "reporter": "3"
            },
            {
                "delta": 35474,
                "node": "27",
                "reporter": "10"
            },
            {
                "delta": 35484,
                "node": "27",
                "reporter": "26"
            },
            {
                "delta": 35558,
                "node": "27",
                "reporter": "25"
            },
            {
                "delta": 35583,
                "node": "27",
                "reporter": "12"
            },
            {
                "delta": 35594,
                "node": "27",
                "reporter": "13"
            },
            {
                "delta": 35603,
                "node": "27",
                "reporter": "20"
            },
            {
                "delta": 35605,
                "node": "27",
                "reporter": "22"
            },
            {
                "delta": 35640,
                "node": "27",
                "reporter": "5"
            },
            {
                "delta": 35651,
                "node": "27",
                "reporter": "18"
            },
            {
                "delta": 35696,
                "node": "27",
                "reporter": "28"
            },
            {
                "delta": 35701,
                "node": "27",
                "reporter": "11"
            },
            {
                "delta": 35735,
                "node": "27",
                "reporter": "19"
            },
            {
                "delta": 35743,
                "node": "27",
                "reporter": "9"
            },
            {
                "delta": 35757,
                "node": "27",
                "reporter": "14"
            },
            {
                "delta": 35814,
                "node": "27",
                "reporter": "17"
            },
            {
                "delta": 35870,
                "node": "27",
                "reporter": "2"
            },
            {
                "delta": 35958,
                "node": "27",
                "reporter": "23"
            },
            {
                "delta": 35961,
                "node": "27",
                "reporter": "4"
            }
        ]
    }
}