
{
    "id": "00175",
    "seed": 42,
    "repetition": 0,
    "settings": {
        "simulate_catastrophe": false,
        "number_of_nodes": 30,
        "duration": 120000,
        "gossip_delta": 200,
        "failure_delta": 1800,
        "miss_delta": 1800,
        "push_pull": true,
        "pick_strategy": 1,
        "enable_multicast": true,
        "multicast_parameter": 1.0,
        "multicast_max_wait": 3600,
        "expected_first_multicast": 1200
    },
    "result": {
        "start_time": 1500737167576,
        "end_time": 1500737287586,
        "expected_crashes": [
            {
                "delta": 31130,
                "node": "27"
            }
        ],
        "reported_crashes": [
            {
                "delta": 34782,
                "node": "27",
                "reporter": "26"
            },
            {
                "delta": 34908,
                "node": "27",
                "reporter": "14"
            },
            {
                "delta": 34915,
                "node": "27",
                "reporter": "19"
            },
            {
                "delta": 35018,
                "node": "27",
                "reporter": "7"
            },
            {
                "delta": 35063,
                "node": "27",
                "reporter": "29"
            },
            {
                "delta": 35088,
                "node": "27",
                "reporter": "1"
            },
            {
                "delta": 35107,
                "node": "27",
                "reporter": "30"
            },
            {
                "delta": 35124,
                "node": "27",
                "reporter": "21"
            },
            {
                "delta": 35215,
                "node": "27",
                "reporter": "10"
            },
            {
                "delta": 35232,
                "node": "27",
                "reporter": "17"
            },
            {
                "delta": 35251,
                "node": "27",
                "reporter": "2"
            },
            {
                "delta": 35252,
                "node": "27",
                "reporter": "20"
            },
            {
                "delta": 35271,
                "node": "27",
                "reporter": "5"
            },
            {
                "delta": 35305,
                "node": "27",
                "reporter": "3"
            },
            {
                "delta": 35312,
                "node": "27",
                "reporter": "4"
            },
            {
                "delta": 35335,
                "node": "27",
                "reporter": "22"
            },
            {
                "delta": 35346,
                "node": "27",
                "reporter": "6"
            },
            {
                "delta": 35376,
                "node": "27",
                "reporter": "28"
            },
            {
                "delta": 35398,
                "node": "27",
                "reporter": "16"
            },
            {
                "delta": 35429,
                "node": "27",
                "reporter": "12"
            },
            {
                "delta": 35442,
                "node": "27",
                "reporter": "24"
            },
            {
                "delta": 35450,
                "node": "27",
                "reporter": "8"
            },
            {
                "delta": 35462,
                "node": "27",
                "reporter": "9"
            },
            {
                "delta": 35465,
                "node": "27",
                "reporter": "18"
            },
            {
                "delta": 35484,
                "node": "27",
                "reporter": "13"
            },
            {
                "delta": 35513,
                "node": "27",
                "reporter": "11"
            },
            {
                "delta": 35549,
                "node": "27",
                "reporter": "25"
            },
            {
                "delta": 35559,
                "node": "27",
                "reporter": "23"
            },
            {
                "delta": 35627,
                "node": "27",
                "reporter": "15"
            }
        ]
    }
}