
{
    "id": "00187",
    "seed": 42,
    "repetition": 0,
    "settings": {
        "simulate_catastrophe": false,
        "number_of_nodes": 30,
        "duration": 120000,
        "gossip_delta": 200,
        "failure_delta": 1400,
        "miss_delta": 1400,
        "push_pull": false,
        "pick_strategy": 1,
        "enable_multicast": true,
        "multicast_parameter": 1.0,
        "multicast_max_wait": 1400,
        "expected_first_multicast": 466
    },
    "result": {
        "start_time": 1500738667916,
        "end_time": 1500738787927,
        "expected_crashes": [
            {
                "delta": 31130,
                "node": "27"
            }
        ],
        "reported_crashes": [
            {
                "delta": 25642,
                "node": "7",
                "reporter": "21"
            },
            {
                "delta": 27933,
                "node": "21",
                "reporter": "6"
            },
            {
                "delta": 28103,
                "node": "21",
                "reporter": "23"
            },
            {
                "delta": 28237,
                "node": "21",
                "reporter": "22"
            },
            {
                "delta": 28443,
                "node": "21",
                "reporter": "10"
            },
            {
                "delta": 28444,
                "node": "21",
                "reporter": "3"
            },
            {
                "delta": 28449,
                "node": "21",
                "reporter": "2"
            },
            {
                "delta": 28542,
                "node": "21",
                "reporter": "26"
            },
            {
                "delta": 28570,
                "node": "21",
                "reporter": "12"
            },
            {
                "delta": 28652,
                "node": "21",
                "reporter": "1"
            },
            {
                "delta": 28737,
                "node": "21",
                "reporter": "16"
            },
            {
                "delta": 28763,
                "node": "21",
                "reporter": "13"
            },
            {
                "delta": 28782,
                "node": "21",
                "reporter": "20"
            },
            {
                "delta": 28844,
                "node": "21",
                "reporter": "24"
            },
            {
                "delta": 28851,
                "node": "21",
                "reporter": "27"
            },
            {
                "delta": 28899,
                "node": "21",
                "reporter": "25"
            },
            {
                "delta": 28944,
                "node": "21",
                "reporter": "28"
            },
            {
                "delta": 28977,
                "node": "21",
                "reporter": "11"
            },
            {
                "delta": 28995,
                "node": "21",
                "reporter": "14"
            },
            {
                "delta": 29008,
                "node": "21",
                "reporter": "15"
            },
            {
                "delta": 29048,
                "node": "21",
                "reporter": "17"
            },
            {
                "delta": 29070,
                "node": "21",
                "reporter": "4"
            },
            {
                "delta": 29170,
                "node": "21",
                "reporter": "9"
            },
            {
                "delta": 29200,
                "node": "21",
                "reporter": "7"
            },
            {
                "delta": 29241,
                "node": "21",
                "reporter": "29"
            },
            {
                "delta": 29273,
                "node": "21",
                "reporter": "18"
            },
            {
                "delta": 29307,
                "node": "21",
                "reporter": "30"
            },
            {
                "delta": 29394,
                "node": "21",
                "reporter": "19"
            },
            {
                "delta": 29531,
                "node": "21",
                "reporter": "8"
            },
            {
                "delta": 29732,
                "node": "12",
                "reporter": "21"
            },
            {
                "delta": 29824,
                "node": "21",
                "reporter": "5"
            },
            {
                "delta": 29832,
                "node": "16",
                "reporter": "21"
            },
            {
                "delta": 29832,
                "node": "28",
                "reporter": "21"
            },
            {
                "delta": 29942,
                "node": "2",
                "reporter": "13"
            },
            {
                "delta": 29962,
                "node": "27",
                "reporter": "21"
            },
            {
                "delta": 30173,
                "node": "2",
                "reporter": "18"
            },
            {
                "delta": 30192,
                "node": "11",
                "reporter": "21"
            },
            {
                "delta": 30192,
                "node": "3",
                "reporter": "21"
            },
            {
                "delta": 30192,
                "node": "5",
                "reporter": "21"
            },
            {
                "delta": 30353,
                "node": "6",
                "reporter": "21"
            },
            {
                "delta": 30353,
                "node": "19",
                "reporter": "21"
            },
            {
                "delta": 30353,
                "node": "1",
                "reporter": "21"
            },
            {
                "delta": 30353,
                "node": "4",
                "reporter": "21"
            },
            {
                "delta": 30353,
                "node": "2",
                "reporter": "21"
            },
            {
                "delta": 30353,
                "node": "20",
                "reporter": "21"
            },
            {
                "delta": 30353,
                "node": "29",
                "reporter": "21"
            },
            {
                "delta": 30354,
                "node": "14",
                "reporter": "21"
            },
            {
                "delta": 30354,
                "node": "26",
                "reporter": "21"
            },
            {
                "delta": 30354,
                "node": "17",
                "reporter": "21"
            },
            {
                "delta": 30424,
                "node": "2",
                "reporter": "24"
            },
            {
                "delta": 30500,
                "node": "30",
                "reporter": "21"
            },
            {
                "delta": 30500,
                "node": "22",
                "reporter": "21"
            },
            {
                "delta": 30500,
                "node": "25",
                "reporter": "21"
            },
            {
                "delta": 30500,
                "node": "9",
                "reporter": "21"
            },
            {
                "delta": 30500,
                "node": "23",
                "reporter": "21"
            },
            {
                "delta": 30500,
                "node": "13",
                "reporter": "21"
            },
            {
                "delta": 30504,
                "node": "2",
                "reporter": "5"
            },
            {
                "delta": 30517,
                "node": "2",
                "reporter": "16"
            },
            {
                "delta": 30578,
                "node": "2",
                "reporter": "25"
            },
            {
                "delta": 30596,
                "node": "2",
                "reporter": "22"
            },
            {
                "delta": 30623,
                "node": "2",
                "reporter": "23"
            },
            {
                "delta": 30750,
                "node": "2",
                "reporter": "26"
            },
            {
                "delta": 30791,
                "node": "2",
                "reporter": "27"
            },
            {
                "delta": 30834,
                "node": "2",
                "reporter": "19"
            },
            {
                "delta": 30869,
                "node": "2",
                "reporter": "4"
            },
            {
                "delta": 30872,
                "node": "2",
                "reporter": "20"
            },
            {
                "delta": 30876,
                "node": "2",
                "reporter": "7"
            },
            {
                "delta": 30912,
                "node": "8",
                "reporter": "21"
            },
            {
                "delta": 30912,
                "node": "24",
                "reporter": "21"
            },
            {
                "delta": 30913,
                "node": "18",
                "reporter": "21"
            },
            {
                "delta": 30915,
                "node": "15",
                "reporter": "21"
            },
            {
                "delta": 30918,
                "node": "10",
                "reporter": "21"
            },
            {
                "delta": 30958,
                "node": "2",
                "reporter": "11"
            },
            {
                "delta": 30972,
                "node": "2",
                "reporter": "1"
            },
            {
                "delta": 30994,
                "node": "2",
                "reporter": "17"
            },
            {
                "delta": 31034,
                "node": "2",
                "reporter": "6"
            },
            {
                "delta": 31060,
                "node": "2",
                "reporter": "12"
            },
            {
                "delta": 31157,
                "node": "2",
                "reporter": "30"
            },
            {
                "delta": 31193,
                "node": "3",
                "reporter": "23"
            },
            {
                "delta": 31199,
                "node": "3",
                "reporter": "2"
            },
            {
                "delta": 31211,
                "node": "2",
                "reporter": "9"
            },
            {
                "delta": 31264,
                "node": "2",
                "reporter": "3"
            },
            {
                "delta": 31314,
                "node": "2",
                "reporter": "28"
            },
            {
                "delta": 31382,
                "node": "2",
                "reporter": "29"
            },
            {
                "delta": 31476,
                "node": "3",
                "reporter": "7"
            },
            {
                "delta": 31503,
                "node": "2",
                "reporter": "10"
            },
            {
                "delta": 31618,
                "node": "2",
                "reporter": "15"
            },
            {
                "delta": 31618,
                "node": "3",
                "reporter": "15"
            },
            {
                "delta": 31623,
                "node": "3",
                "reporter": "13"
            },
            {
                "delta": 31670,
                "node": "3",
                "reporter": "26"
            },
            {
                "delta": 31805,
                "node": "2",
                "reporter": "14"
            },
            {
                "delta": 31839,
                "node": "3",
                "reporter": "4"
            },
            {
                "delta": 31841,
                "node": "2",
                "reporter": "8"
            },
            {
                "delta": 31867,
                "node": "3",
                "reporter": "30"
            },
            {
                "delta": 31896,
                "node": "3",
                "reporter": "19"
            },
            {
                "delta": 31930,
                "node": "3",
                "reporter": "12"
            },
            {
                "delta": 31987,
                "node": "3",
                "reporter": "11"
            },
            {
                "delta": 32011,
                "node": "3",
                "reporter": "9"
            },
            {
                "delta": 32136,
                "node": "3",
                "reporter": "14"
            },
            {
                "delta": 32139,
                "node": "7",
                "reporter": "2"
            },
            {
                "delta": 32183,
                "node": "3",
                "reporter": "10"
            },
            {
                "delta": 32236,
                "node": "3",
                "reporter": "22"
            },
            {
                "delta": 32270,
                "node": "4",
                "reporter": "2"
            },
            {
                "delta": 32282,
                "node": "3",
                "reporter": "1"
            },
            {
                "delta": 32324,
                "node": "3",
                "reporter": "5"
            },
            {
                "delta": 32364,
                "node": "3",
                "reporter": "28"
            },
            {
                "delta": 32372,
                "node": "3",
                "reporter": "20"
            },
            {
                "delta": 32444,
                "node": "3",
                "reporter": "18"
            },
            {
                "delta": 32469,
                "node": "3",
                "reporter": "16"
            },
            {
                "delta": 32474,
                "node": "3",
                "reporter": "17"
            },
            {
                "delta": 32484,
                "node": "3",
                "reporter": "24"
            },
            {
                "delta": 32512,
                "node": "3",
                "reporter": "29"
            },
            {
                "delta": 32551,
                "node": "6",
                "reporter": "2"
            },
            {
                "delta": 32551,
                "node": "23",
                "reporter": "2"
            },
            {
                "delta": 32551,
                "node": "29",
                "reporter": "2"
            },
            {
                "delta": 32552,
                "node": "17",
                "reporter": "2"
            },
            {
                "delta": 32552,
                "node": "28",
                "reporter": "2"
            },
            {
                "delta": 32593,
                "node": "3",
                "reporter": "6"
            },
            {
                "delta": 32638,
                "node": "3",
                "reporter": "25"
            },
            {
                "delta": 32792,
                "node": "3",
                "reporter": "8"
            },
            {
                "delta": 33140,
                "node": "19",
                "reporter": "2"
            },
            {
                "delta": 33140,
                "node": "8",
                "reporter": "2"
            },
            {
                "delta": 33140,
                "node": "1",
                "reporter": "2"
            },
            {
                "delta": 33140,
                "node": "24",
                "reporter": "2"
            },
            {
                "delta": 33141,
                "node": "18",
                "reporter": "2"
            },
            {
                "delta": 33141,
                "node": "20",
                "reporter": "2"
            },
            {
                "delta": 33141,
                "node": "12",
                "reporter": "2"
            },
            {
                "delta": 33141,
                "node": "16",
                "reporter": "2"
            },
            {
                "delta": 33141,
                "node": "14",
                "reporter": "2"
            },
            {
                "delta": 33141,
                "node": "15",
                "reporter": "2"
            },
            {
                "delta": 33161,
                "node": "26",
                "reporter": "2"
            },
            {
                "delta": 33161,
                "node": "30",
                "reporter": "2"
            },
            {
                "delta": 33161,
                "node": "22",
                "reporter": "2"
            },
            {
                "delta": 33161,
                "node": "13",
                "reporter": "2"
            },
            {
                "delta": 33162,
                "node": "27",
                "reporter": "2"
            },
            {
                "delta": 33162,
                "node": "11",
                "reporter": "2"
            },
            {
                "delta": 33163,
                "node": "10",
                "reporter": "2"
            },
            {
                "delta": 33163,
                "node": "25",
                "reporter": "2"
            },
            {
                "delta": 33163,
                "node": "9",
                "reporter": "2"
            },
            {
                "delta": 33163,
                "node": "5",
                "reporter": "2"
            },
            {
                "delta": 33695,
                "node": "1",
                "reporter": "3"
            },
            {
                "delta": 33904,
                "node": "23",
                "reporter": "3"
            },
            {
                "delta": 33904,
                "node": "12",
                "reporter": "3"
            },
            {
                "delta": 33905,
                "node": "16",
                "reporter": "3"
            },
            {
                "delta": 33905,
                "node": "10",
                "reporter": "3"
            },
            {
                "delta": 33906,
                "node": "9",
                "reporter": "3"
            },
            {
                "delta": 34038,
                "node": "27",
                "reporter": "15"
            },
            {
                "delta": 34200,
                "node": "27",
                "reporter": "12"
            },
            {
                "delta": 34305,
                "node": "6",
                "reporter": "3"
            },
            {
                "delta": 34305,
                "node": "19",
                "reporter": "3"
            },
            {
                "delta": 34305,
                "node": "8",
                "reporter": "3"
            },
            {
                "delta": 34305,
                "node": "24",
                "reporter": "3"
            },
            {
                "delta": 34305,
                "node": "20",
                "reporter": "3"
            },
            {
                "delta": 34305,
                "node": "4",
                "reporter": "3"
            },
            {
                "delta": 34305,
                "node": "18",
                "reporter": "3"
            },
            {
                "delta": 34305,
                "node": "14",
                "reporter": "3"
            },
            {
                "delta": 34306,
                "node": "29",
                "reporter": "3"
            },
            {
                "delta": 34306,
                "node": "15",
                "reporter": "3"
            },
            {
                "delta": 34397,
                "node": "27",
                "reporter": "7"
            },
            {
                "delta": 34472,
                "node": "27",
                "reporter": "20"
            },
            {
                "delta": 34486,
                "node": "26",
                "reporter": "3"
            },
            {
                "delta": 34486,
                "node": "17",
                "reporter": "3"
            },
            {
                "delta": 34486,
                "node": "30",
                "reporter": "3"
            },
            {
                "delta": 34486,
                "node": "7",
                "reporter": "3"
            },
            {
                "delta": 34486,
                "node": "22",
                "reporter": "3"
            },
            {
                "delta": 34487,
                "node": "13",
                "reporter": "3"
            },
            {
                "delta": 34487,
                "node": "27",
                "reporter": "3"
            },
            {
                "delta": 34487,
                "node": "28",
                "reporter": "3"
            },
            {
                "delta": 34487,
                "node": "11",
                "reporter": "3"
            },
            {
                "delta": 34487,
                "node": "25",
                "reporter": "3"
            },
            {
                "delta": 34487,
                "node": "5",
                "reporter": "3"
            },
            {
                "delta": 34552,
                "node": "27",
                "reporter": "10"
            },
            {
                "delta": 34628,
                "node": "27",
                "reporter": "30"
            },
            {
                "delta": 34654,
                "node": "27",
                "reporter": "24"
            },
            {
                "delta": 34693,
                "node": "27",
                "reporter": "13"
            },
            {
                "delta": 34758,
                "node": "27",
                "reporter": "22"
            },
            {
                "delta": 34791,
                "node": "27",
                "reporter": "26"
            },
            {
                "delta": 34810,
                "node": "27",
                "reporter": "4"
            },
            {
                "delta": 34951,
                "node": "27",
                "reporter": "9"
            },
            {
                "delta": 34964,
                "node": "27",
                "reporter": "28"
            },
            {
                "delta": 34976,
                "node": "27",
                "reporter": "14"
            },
            {
                "delta": 34998,
                "node": "27",
                "reporter": "11"
            },
            {
                "delta": 35012,
                "node": "27",
                "reporter": "8"
            },
            {
                "delta": 35034,
                "node": "27",
                "reporter": "19"
            },
            {
                "delta": 35083,
                "node": "27",
                "reporter": "6"
            },
            {
                "delta": 35139,
                "node": "27",
                "reporter": "25"
            },
            {
                "delta": 35163,
                "node": "27",
                "reporter": "1"
            },
            {
                "delta": 35208,
                "node": "27",
                "reporter": "16"
            },
            {
                "delta": 35254,
                "node": "27",
                "reporter": "18"
            },
            {
                "delta": 35264,
                "node": "27",
                "reporter": "23"
            },
            {
                "delta": 35285,
                "node": "27",
                "reporter": "17"
            },
            {
                "delta": 35691,
                "node": "27",
                "reporter": "29"
            },
            {
                "delta": 36044,
                "node": "27",
                "reporter": "5"
            },
            {
                "delta": 42004,
                "node": "29",
                "reporter": "24"
            },
            {
                "delta": 42252,
                "node": "29",
                "reporter": "8"
            },
            {
                "delta": 42422,
                "node": "29",
                "reporter": "1"
            },
            {
                "delta": 42558,
                "node": "29",
                "reporter": "15"
            },
            {
                "delta": 42588,
                "node": "29",
                "reporter": "25"
            },
            {
                "delta": 42674,
                "node": "29",
                "reporter": "19"
            },
            {
                "delta": 42676,
                "node": "29",
                "reporter": "7"
            },
            {
                "delta": 42763,
                "node": "29",
                "reporter": "23"
            },
            {
                "delta": 42802,
                "node": "29",
                "reporter": "10"
            },
            {
                "delta": 42817,
                "node": "29",
                "reporter": "16"
            },
            {
                "delta": 42833,
                "node": "29",
                "reporter": "6"
            },
            {
                "delta": 42834,
                "node": "29",
                "reporter": "28"
            },
            {
                "delta": 42907,
                "node": "29",
                "reporter": "30"
            },
            {
                "delta": 42916,
                "node": "29",
                "reporter": "14"
            },
            {
                "delta": 42974,
                "node": "29",
                "reporter": "5"
            },
            {
                "delta": 43000,
                "node": "29",
                "reporter": "4"
            },
            {
                "delta": 43037,
                "node": "29",
                "reporter": "22"
            },
            {
                "delta": 43071,
                "node": "29",
                "reporter": "9"
            },
            {
                "delta": 43301,
                "node": "29",
                "reporter": "26"
            },
            {
                "delta": 43327,
                "node": "29",
                "reporter": "11"
            },
            {
                "delta": 43350,
                "node": "29",
                "reporter": "12"
            },
            {
                "delta": 43368,
                "node": "29",
                "reporter": "18"
            },
            {
                "delta": 43492,
                "node": "29",
                "reporter": "13"
            },
            {
                "delta": 43552,
                "node": "29",
                "reporter": "20"
            },
            {
                "delta": 43633,
                "node": "29",
                "reporter": "17"
            },
            {
                "delta": 44142,
                "node": "20",
                "reporter": "29"
            },
            {
                "delta": 44271,
                "node": "6",
                "reporter": "29"
            },
            {
                "delta": 44511,
                "node": "23",
                "reporter": "29"
            },
            {
                "delta": 44511,
                "node": "12",
                "reporter": "29"
            },
            {
                "delta": 44752,
                "node": "8",
                "reporter": "29"
            },
            {
                "delta": 44753,
                "node": "24",
                "reporter": "29"
            },
            {
                "delta": 44753,
                "node": "18",
                "reporter": "29"
            },
            {
                "delta": 44753,
                "node": "16",
                "reporter": "29"
            },
            {
                "delta": 44753,
                "node": "17",
                "reporter": "29"
            },
            {
                "delta": 44753,
                "node": "10",
                "reporter": "29"
            },
            {
                "delta": 44753,
                "node": "25",
                "reporter": "29"
            },
            {
                "delta": 44753,
                "node": "5",
                "reporter": "29"
            },
            {
                "delta": 44842,
                "node": "19",
                "reporter": "29"
            },
            {
                "delta": 44843,
                "node": "1",
                "reporter": "29"
            },
            {
                "delta": 44982,
                "node": "4",
                "reporter": "29"
            },
            {
                "delta": 44982,
                "node": "14",
                "reporter": "29"
            },
            {
                "delta": 44982,
                "node": "15",
                "reporter": "29"
            },
            {
                "delta": 44982,
                "node": "26",
                "reporter": "29"
            },
            {
                "delta": 44982,
                "node": "30",
                "reporter": "29"
            },
            {
                "delta": 44982,
                "node": "7",
                "reporter": "29"
            },
            {
                "delta": 44982,
                "node": "22",
                "reporter": "29"
            },
            {
                "delta": 44982,
                "node": "13",
                "reporter": "29"
            },
            {
                "delta": 44982,
                "node": "28",
                "reporter": "29"
            },
            {
                "delta": 44982,
                "node": "11",
                "reporter": "29"
            },
            {
                "delta": 44982,
                "node": "9",
                "reporter": "29"
            },
            {
                "delta": 52634,
                "node": "8",
                "reporter": "13"
            },
            {
                "delta": 52774,
                "node": "8",
                "reporter": "23"
            },
            {
                "delta": 52884,
                "node": "8",
                "reporter": "28"
            },
            {
                "delta": 52885,
                "node": "6",
                "reporter": "17"
            },
            {
                "delta": 52926,
                "node": "8",
                "reporter": "7"
            },
            {
                "delta": 53080,
                "node": "8",
                "reporter": "4"
            },
            {
                "delta": 53100,
                "node": "6",
                "reporter": "12"
            },
            {
                "delta": 53109,
                "node": "8",
                "reporter": "12"
            },
            {
                "delta": 53138,
                "node": "8",
                "reporter": "25"
            },
            {
                "delta": 53184,
                "node": "8",
                "reporter": "6"
            },
            {
                "delta": 53220,
                "node": "6",
                "reporter": "9"
            },
            {
                "delta": 53221,
                "node": "8",
                "reporter": "9"
            },
            {
                "delta": 53238,
                "node": "6",
                "reporter": "30"
            },
            {
                "delta": 53238,
                "node": "8",
                "reporter": "30"
            },
            {
                "delta": 53311,
                "node": "6",
                "reporter": "26"
            },
            {
                "delta": 53355,
                "node": "8",
                "reporter": "24"
            },
            {
                "delta": 53380,
                "node": "8",
                "reporter": "26"
            },
            {
                "delta": 53442,
                "node": "8",
                "reporter": "1"
            },
            {
                "delta": 53446,
                "node": "6",
                "reporter": "22"
            },
            {
                "delta": 53446,
                "node": "8",
                "reporter": "22"
            },
            {
                "delta": 53456,
                "node": "8",
                "reporter": "19"
            },
            {
                "delta": 53463,
                "node": "8",
                "reporter": "10"
            },
            {
                "delta": 53475,
                "node": "6",
                "reporter": "5"
            },
            {
                "delta": 53475,
                "node": "8",
                "reporter": "5"
            },
            {
                "delta": 53502,
                "node": "6",
                "reporter": "8"
            },
            {
                "delta": 53508,
                "node": "6",
                "reporter": "15"
            },
            {
                "delta": 53564,
                "node": "8",
                "reporter": "17"
            },
            {
                "delta": 53627,
                "node": "6",
                "reporter": "7"
            },
            {
                "delta": 53686,
                "node": "8",
                "reporter": "20"
            },
            {
                "delta": 53713,
                "node": "6",
                "reporter": "23"
            },
            {
                "delta": 53734,
                "node": "6",
                "reporter": "18"
            },
            {
                "delta": 53735,
                "node": "8",
                "reporter": "18"
            },
            {
                "delta": 53739,
                "node": "8",
                "reporter": "16"
            },
            {
                "delta": 53883,
                "node": "6",
                "reporter": "13"
            },
            {
                "delta": 53984,
                "node": "6",
                "reporter": "19"
            },
            {
                "delta": 54002,
                "node": "6",
                "reporter": "20"
            },
            {
                "delta": 54108,
                "node": "6",
                "reporter": "11"
            },
            {
                "delta": 54108,
                "node": "8",
                "reporter": "11"
            },
            {
                "delta": 54124,
                "node": "6",
                "reporter": "24"
            },
            {
                "delta": 54145,
                "node": "6",
                "reporter": "14"
            },
            {
                "delta": 54159,
                "node": "8",
                "reporter": "15"
            },
            {
                "delta": 54186,
                "node": "8",
                "reporter": "14"
            },
            {
                "delta": 54230,
                "node": "6",
                "reporter": "4"
            },
            {
                "delta": 54282,
                "node": "6",
                "reporter": "10"
            },
            {
                "delta": 54307,
                "node": "6",
                "reporter": "16"
            },
            {
                "delta": 54324,
                "node": "6",
                "reporter": "28"
            },
            {
                "delta": 54422,
                "node": "6",
                "reporter": "1"
            },
            {
                "delta": 54582,
                "node": "25",
                "reporter": "1"
            },
            {
                "delta": 54631,
                "node": "12",
                "reporter": "8"
            },
            {
                "delta": 54632,
                "node": "30",
                "reporter": "8"
            },
            {
                "delta": 54632,
                "node": "10",
                "reporter": "8"
            },
            {
                "delta": 54632,
                "node": "25",
                "reporter": "8"
            },
            {
                "delta": 54691,
                "node": "22",
                "reporter": "8"
            },
            {
                "delta": 54692,
                "node": "11",
                "reporter": "8"
            },
            {
                "delta": 54772,
                "node": "18",
                "reporter": "8"
            },
            {
                "delta": 54772,
                "node": "9",
                "reporter": "8"
            },
            {
                "delta": 54785,
                "node": "25",
                "reporter": "18"
            },
            {
                "delta": 54880,
                "node": "6",
                "reporter": "25"
            },
            {
                "delta": 54981,
                "node": "17",
                "reporter": "8"
            },
            {
                "delta": 54981,
                "node": "7",
                "reporter": "8"
            },
            {
                "delta": 54982,
                "node": "13",
                "reporter": "8"
            },
            {
                "delta": 54982,
                "node": "20",
                "reporter": "8"
            },
            {
                "delta": 54982,
                "node": "26",
                "reporter": "8"
            },
            {
                "delta": 54984,
                "node": "5",
                "reporter": "8"
            },
            {
                "delta": 54991,
                "node": "19",
                "reporter": "8"
            },
            {
                "delta": 54991,
                "node": "23",
                "reporter": "8"
            },
            {
                "delta": 54991,
                "node": "1",
                "reporter": "8"
            },
            {
                "delta": 54992,
                "node": "24",
                "reporter": "8"
            },
            {
                "delta": 54992,
                "node": "28",
                "reporter": "8"
            },
            {
                "delta": 54992,
                "node": "4",
                "reporter": "8"
            },
            {
                "delta": 54994,
                "node": "24",
                "reporter": "6"
            },
            {
                "delta": 54994,
                "node": "5",
                "reporter": "6"
            },
            {
                "delta": 55036,
                "node": "25",
                "reporter": "14"
            },
            {
                "delta": 55057,
                "node": "16",
                "reporter": "8"
            },
            {
                "delta": 55057,
                "node": "14",
                "reporter": "8"
            },
            {
                "delta": 55057,
                "node": "15",
                "reporter": "8"
            },
            {
                "delta": 55110,
                "node": "25",
                "reporter": "4"
            },
            {
                "delta": 55193,
                "node": "25",
                "reporter": "13"
            },
            {
                "delta": 55234,
                "node": "25",
                "reporter": "23"
            },
            {
                "delta": 55258,
                "node": "25",
                "reporter": "11"
            },
            {
                "delta": 55258,
                "node": "25",
                "reporter": "15"
            },
            {
                "delta": 55344,
                "node": "19",
                "reporter": "6"
            },
            {
                "delta": 55344,
                "node": "22",
                "reporter": "6"
            },
            {
                "delta": 55344,
                "node": "16",
                "reporter": "6"
            },
            {
                "delta": 55353,
                "node": "25",
                "reporter": "10"
            },
            {
                "delta": 55444,
                "node": "25",
                "reporter": "19"
            },
            {
                "delta": 55474,
                "node": "20",
                "reporter": "6"
            },
            {
                "delta": 55474,
                "node": "9",
                "reporter": "6"
            },
            {
                "delta": 55480,
                "node": "25",
                "reporter": "9"
            },
            {
                "delta": 55508,
                "node": "25",
                "reporter": "30"
            },
            {
                "delta": 55547,
                "node": "25",
                "reporter": "16"
            },
            {
                "delta": 55559,
                "node": "25",
                "reporter": "12"
            },
            {
                "delta": 55565,
                "node": "17",
                "reporter": "6"
            },
            {
                "delta": 55566,
                "node": "30",
                "reporter": "6"
            },
            {
                "delta": 55566,
                "node": "23",
                "reporter": "6"
            },
            {
                "delta": 55566,
                "node": "13",
                "reporter": "6"
            },
            {
                "delta": 55566,
                "node": "28",
                "reporter": "6"
            },
            {
                "delta": 55566,
                "node": "18",
                "reporter": "6"
            },
            {
                "delta": 55567,
                "node": "10",
                "reporter": "6"
            },
            {
                "delta": 55567,
                "node": "25",
                "reporter": "22"
            },
            {
                "delta": 55567,
                "node": "12",
                "reporter": "6"
            },
            {
                "delta": 55580,
                "node": "25",
                "reporter": "26"
            },
            {
                "delta": 55621,
                "node": "25",
                "reporter": "6"
            },
            {
                "delta": 55621,
                "node": "14",
                "reporter": "6"
            },
            {
                "delta": 55734,
                "node": "25",
                "reporter": "24"
            },
            {
                "delta": 55784,
                "node": "25",
                "reporter": "17"
            },
            {
                "delta": 55902,
                "node": "25",
                "reporter": "20"
            },
            {
                "delta": 55924,
                "node": "7",
                "reporter": "6"
            },
            {
                "delta": 55924,
                "node": "1",
                "reporter": "6"
            },
            {
                "delta": 55924,
                "node": "4",
                "reporter": "6"
            },
            {
                "delta": 55924,
                "node": "11",
                "reporter": "6"
            },
            {
                "delta": 55926,
                "node": "15",
                "reporter": "6"
            },
            {
                "delta": 55926,
                "node": "26",
                "reporter": "6"
            },
            {
                "delta": 56084,
                "node": "25",
                "reporter": "5"
            },
            {
                "delta": 56240,
                "node": "28",
                "reporter": "25"
            },
            {
                "delta": 56244,
                "node": "15",
                "reporter": "25"
            },
            {
                "delta": 56315,
                "node": "25",
                "reporter": "28"
            },
            {
                "delta": 56399,
                "node": "1",
                "reporter": "25"
            },
            {
                "delta": 56399,
                "node": "18",
                "reporter": "25"
            },
            {
                "delta": 56468,
                "node": "10",
                "reporter": "25"
            },
            {
                "delta": 56616,
                "node": "25",
                "reporter": "7"
            },
            {
                "delta": 56648,
                "node": "19",
                "reporter": "25"
            },
            {
                "delta": 56648,
                "node": "23",
                "reporter": "25"
            },
            {
                "delta": 56649,
                "node": "22",
                "reporter": "25"
            },
            {
                "delta": 56649,
                "node": "13",
                "reporter": "25"
            },
            {
                "delta": 56649,
                "node": "11",
                "reporter": "25"
            },
            {
                "delta": 56649,
                "node": "12",
                "reporter": "25"
            },
            {
                "delta": 56649,
                "node": "26",
                "reporter": "25"
            },
            {
                "delta": 56689,
                "node": "24",
                "reporter": "25"
            },
            {
                "delta": 56689,
                "node": "20",
                "reporter": "25"
            },
            {
                "delta": 56689,
                "node": "16",
                "reporter": "25"
            },
            {
                "delta": 56819,
                "node": "17",
                "reporter": "25"
            },
            {
                "delta": 56819,
                "node": "30",
                "reporter": "25"
            },
            {
                "delta": 56819,
                "node": "7",
                "reporter": "25"
            },
            {
                "delta": 56819,
                "node": "4",
                "reporter": "25"
            },
            {
                "delta": 56819,
                "node": "14",
                "reporter": "25"
            },
            {
                "delta": 56820,
                "node": "9",
                "reporter": "25"
            },
            {
                "delta": 56820,
                "node": "5",
                "reporter": "25"
            },
            {
                "delta": 80086,
                "node": "24",
                "reporter": "22"
            },
            {
                "delta": 80224,
                "node": "24",
                "reporter": "5"
            },
            {
                "delta": 80361,
                "node": "24",
                "reporter": "9"
            },
            {
                "delta": 80452,
                "node": "24",
                "reporter": "1"
            },
            {
                "delta": 80547,
                "node": "24",
                "reporter": "16"
            },
            {
                "delta": 80553,
                "node": "24",
                "reporter": "10"
            },
            {
                "delta": 80618,
                "node": "24",
                "reporter": "30"
            },
            {
                "delta": 80662,
                "node": "24",
                "reporter": "20"
            },
            {
                "delta": 80693,
                "node": "24",
                "reporter": "17"
            },
            {
                "delta": 80722,
                "node": "24",
                "reporter": "13"
            },
            {
                "delta": 80744,
                "node": "24",
                "reporter": "19"
            },
            {
                "delta": 80786,
                "node": "24",
                "reporter": "7"
            },
            {
                "delta": 80974,
                "node": "24",
                "reporter": "23"
            },
            {
                "delta": 80999,
                "node": "24",
                "reporter": "4"
            },
            {
                "delta": 81014,
                "node": "24",
                "reporter": "28"
            },
            {
                "delta": 81068,
                "node": "24",
                "reporter": "15"
            },
            {
                "delta": 81075,
                "node": "24",
                "reporter": "18"
            },
            {
                "delta": 81286,
                "node": "24",
                "reporter": "14"
            },
            {
                "delta": 81479,
                "node": "24",
                "reporter": "12"
            },
            {
                "delta": 81673,
                "node": "24",
                "reporter": "26"
            },
            {
                "delta": 81808,
                "node": "24",
                "reporter": "11"
            },
            {
                "delta": 82507,
                "node": "20",
                "reporter": "24"
            },
            {
                "delta": 82507,
                "node": "16",
                "reporter": "24"
            },
            {
                "delta": 82555,
                "node": "17",
                "reporter": "24"
            },
            {
                "delta": 82555,
                "node": "23",
                "reporter": "24"
            },
            {
                "delta": 82555,
                "node": "13",
                "reporter": "24"
            },
            {
                "delta": 82555,
                "node": "28",
                "reporter": "24"
            },
            {
                "delta": 82555,
                "node": "14",
                "reporter": "24"
            },
            {
                "delta": 82555,
                "node": "15",
                "reporter": "24"
            },
            {
                "delta": 82745,
                "node": "30",
                "reporter": "24"
            },
            {
                "delta": 82745,
                "node": "4",
                "reporter": "24"
            },
            {
                "delta": 82745,
                "node": "10",
                "reporter": "24"
            },
            {
                "delta": 82745,
                "node": "12",
                "reporter": "24"
            },
            {
                "delta": 82745,
                "node": "9",
                "reporter": "24"
            },
            {
                "delta": 82745,
                "node": "5",
                "reporter": "24"
            },
            {
                "delta": 82864,
                "node": "19",
                "reporter": "24"
            },
            {
                "delta": 82864,
                "node": "22",
                "reporter": "24"
            },
            {
                "delta": 82864,
                "node": "1",
                "reporter": "24"
            },
            {
                "delta": 83074,
                "node": "7",
                "reporter": "24"
            },
            {
                "delta": 83074,
                "node": "18",
                "reporter": "24"
            },
            {
                "delta": 83074,
                "node": "11",
                "reporter": "24"
            },
            {
                "delta": 83074,
                "node": "26",
                "reporter": "24"
            },
            {
                "delta": 109333,
                "node": "16",
                "reporter": "10"
            },
            {
                "delta": 109452,
                "node": "16",
                "reporter": "26"
            },
            {
                "delta": 109696,
                "node": "16",
                "reporter": "18"
            },
            {
                "delta": 109712,
                "node": "16",
                "reporter": "12"
            },
            {
                "delta": 109836,
                "node": "16",
                "reporter": "7"
            },
            {
                "delta": 109874,
                "node": "16",
                "reporter": "5"
            },
            {
                "delta": 109886,
                "node": "16",
                "reporter": "14"
            },
            {
                "delta": 109924,
                "node": "16",
                "reporter": "19"
            },
            {
                "delta": 110012,
                "node": "16",
                "reporter": "13"
            },
            {
                "delta": 110102,
                "node": "16",
                "reporter": "1"
            },
            {
                "delta": 110127,
                "node": "16",
                "reporter": "22"
            },
            {
                "delta": 110144,
                "node": "16",
                "reporter": "28"
            },
            {
                "delta": 110157,
                "node": "16",
                "reporter": "30"
            },
            {
                "delta": 110223,
                "node": "16",
                "reporter": "23"
            },
            {
                "delta": 110237,
                "node": "16",
                "reporter": "11"
            },
            {
                "delta": 110249,
                "node": "16",
                "reporter": "4"
            },
            {
                "delta": 110371,
                "node": "16",
                "reporter": "9"
            },
            {
                "delta": 110428,
                "node": "16",
                "reporter": "15"
            },
            {
                "delta": 110567,
                "node": "19",
                "reporter": "16"
            },
            {
                "delta": 110574,
                "node": "16",
                "reporter": "17"
            },
            {
                "delta": 110787,
                "node": "7",
                "reporter": "16"
            },
            {
                "delta": 110787,
                "node": "12",
                "reporter": "16"
            },
            {
                "delta": 110787,
                "node": "14",
                "reporter": "16"
            },
            {
                "delta": 110789,
                "node": "26",
                "reporter": "16"
            },
            {
                "delta": 110957,
                "node": "13",
                "reporter": "16"
            },
            {
                "delta": 110982,
                "node": "16",
                "reporter": "20"
            },
            {
                "delta": 111218,
                "node": "30",
                "reporter": "16"
            },
            {
                "delta": 111218,
                "node": "23",
                "reporter": "16"
            },
            {
                "delta": 111218,
                "node": "22",
                "reporter": "16"
            },
            {
                "delta": 111218,
                "node": "20",
                "reporter": "16"
            },
            {
                "delta": 111218,
                "node": "18",
                "reporter": "16"
            },
            {
                "delta": 111218,
                "node": "4",
                "reporter": "16"
            },
            {
                "delta": 111218,
                "node": "10",
                "reporter": "16"
            },
            {
                "delta": 111219,
                "node": "11",
                "reporter": "16"
            },
            {
                "delta": 111219,
                "node": "5",
                "reporter": "16"
            },
            {
                "delta": 111417,
                "node": "17",
                "reporter": "16"
            },
            {
                "delta": 111677,
                "node": "1",
                "reporter": "16"
            },
            {
                "delta": 111677,
                "node": "28",
                "reporter": "16"
            },
            {
                "delta": 111677,
                "node": "9",
                "reporter": "16"
            },
            {
                "delta": 111677,
                "node": "15",
                "reporter": "16"
            }
        ]
    }
}