
{
    "id": "00182",
    "seed": 42,
    "repetition": 0,
    "settings": {
        "simulate_catastrophe": false,
        "number_of_nodes": 30,
        "duration": 120000,
        "gossip_delta": 200,
        "failure_delta": 1400,
        "miss_delta": 1400,
        "push_pull": false,
        "pick_strategy": 0,
        "enable_multicast": true,
        "multicast_parameter": 1.0,
        "multicast_max_wait": 1400,
        "expected_first_multicast": 466
    },
    "result": {
        "start_time": 1500738042786,
        "end_time": 1500738162797,
        "expected_crashes": [
            {
                "delta": 31130,
                "node": "27"
            }
        ],
        "reported_crashes": [
            {
                "delta": 15902,
                "node": "21",
                "reporter": "20"
            },
            {
                "delta": 16109,
                "node": "21",
                "reporter": "11"
            },
            {
                "delta": 16335,
                "node": "21",
                "reporter": "29"
            },
            {
                "delta": 16367,
                "node": "21",
                "reporter": "30"
            },
            {
                "delta": 16486,
                "node": "21",
                "reporter": "24"
            },
            {
                "delta": 16504,
                "node": "21",
                "reporter": "10"
            },
            {
                "delta": 16648,
                "node": "21",
                "reporter": "18"
            },
            {
                "delta": 16654,
                "node": "21",
                "reporter": "1"
            },
            {
                "delta": 16719,
                "node": "21",
                "reporter": "25"
            },
            {
                "delta": 16725,
                "node": "21",
                "reporter": "6"
            },
            {
                "delta": 16755,
                "node": "21",
                "reporter": "23"
            },
            {
                "delta": 16758,
                "node": "21",
                "reporter": "4"
            },
            {
                "delta": 16767,
                "node": "21",
                "reporter": "7"
            },
            {
                "delta": 16783,
                "node": "21",
                "reporter": "13"
            },
            {
                "delta": 16824,
                "node": "21",
                "reporter": "19"
            },
            {
                "delta": 16923,
                "node": "21",
                "reporter": "17"
            },
            {
                "delta": 16928,
                "node": "21",
                "reporter": "16"
            },
            {
                "delta": 16999,
                "node": "21",
                "reporter": "2"
            },
            {
                "delta": 17001,
                "node": "21",
                "reporter": "12"
            },
            {
                "delta": 17025,
                "node": "21",
                "reporter": "3"
            },
            {
                "delta": 17121,
                "node": "21",
                "reporter": "8"
            },
            {
                "delta": 17216,
                "node": "21",
                "reporter": "14"
            },
            {
                "delta": 17252,
                "node": "21",
                "reporter": "9"
            },
            {
                "delta": 17286,
                "node": "21",
                "reporter": "22"
            },
            {
                "delta": 17368,
                "node": "21",
                "reporter": "15"
            },
            {
                "delta": 17377,
                "node": "21",
                "reporter": "5"
            },
            {
                "delta": 17577,
                "node": "21",
                "reporter": "28"
            },
            {
                "delta": 17821,
                "node": "21",
                "reporter": "27"
            },
            {
                "delta": 17853,
                "node": "21",
                "reporter": "26"
            },
            {
                "delta": 18193,
                "node": "15",
                "reporter": "21"
            },
            {
                "delta": 18332,
                "node": "6",
                "reporter": "21"
            },
            {
                "delta": 18333,
                "node": "19",
                "reporter": "21"
            },
            {
                "delta": 18333,
                "node": "8",
                "reporter": "21"
            },
            {
                "delta": 18333,
                "node": "4",
                "reporter": "21"
            },
            {
                "delta": 18333,
                "node": "18",
                "reporter": "21"
            },
            {
                "delta": 18333,
                "node": "2",
                "reporter": "21"
            },
            {
                "delta": 18333,
                "node": "12",
                "reporter": "21"
            },
            {
                "delta": 18334,
                "node": "16",
                "reporter": "21"
            },
            {
                "delta": 18334,
                "node": "14",
                "reporter": "21"
            },
            {
                "delta": 18341,
                "node": "26",
                "reporter": "21"
            },
            {
                "delta": 18341,
                "node": "17",
                "reporter": "21"
            },
            {
                "delta": 18341,
                "node": "22",
                "reporter": "21"
            },
            {
                "delta": 18341,
                "node": "3",
                "reporter": "21"
            },
            {
                "delta": 18341,
                "node": "10",
                "reporter": "21"
            },
            {
                "delta": 18341,
                "node": "11",
                "reporter": "21"
            },
            {
                "delta": 18341,
                "node": "25",
                "reporter": "21"
            },
            {
                "delta": 18480,
                "node": "9",
                "reporter": "21"
            },
            {
                "delta": 18480,
                "node": "5",
                "reporter": "21"
            },
            {
                "delta": 18480,
                "node": "23",
                "reporter": "21"
            },
            {
                "delta": 18480,
                "node": "1",
                "reporter": "21"
            },
            {
                "delta": 18480,
                "node": "24",
                "reporter": "21"
            },
            {
                "delta": 18480,
                "node": "29",
                "reporter": "21"
            },
            {
                "delta": 18480,
                "node": "30",
                "reporter": "21"
            },
            {
                "delta": 18480,
                "node": "7",
                "reporter": "21"
            },
            {
                "delta": 18480,
                "node": "13",
                "reporter": "21"
            },
            {
                "delta": 18480,
                "node": "27",
                "reporter": "21"
            },
            {
                "delta": 18503,
                "node": "20",
                "reporter": "21"
            },
            {
                "delta": 18922,
                "node": "28",
                "reporter": "21"
            },
            {
                "delta": 22295,
                "node": "28",
                "reporter": "22"
            },
            {
                "delta": 22584,
                "node": "28",
                "reporter": "1"
            },
            {
                "delta": 22788,
                "node": "28",
                "reporter": "18"
            },
            {
                "delta": 22827,
                "node": "28",
                "reporter": "15"
            },
            {
                "delta": 22929,
                "node": "28",
                "reporter": "11"
            },
            {
                "delta": 22940,
                "node": "28",
                "reporter": "12"
            },
            {
                "delta": 22996,
                "node": "28",
                "reporter": "23"
            },
            {
                "delta": 23053,
                "node": "28",
                "reporter": "13"
            },
            {
                "delta": 23118,
                "node": "28",
                "reporter": "16"
            },
            {
                "delta": 23136,
                "node": "28",
                "reporter": "5"
            },
            {
                "delta": 23168,
                "node": "28",
                "reporter": "30"
            },
            {
                "delta": 23215,
                "node": "28",
                "reporter": "3"
            },
            {
                "delta": 23220,
                "node": "28",
                "reporter": "2"
            },
            {
                "delta": 23245,
                "node": "28",
                "reporter": "29"
            },
            {
                "delta": 23275,
                "node": "28",
                "reporter": "19"
            },
            {
                "delta": 23304,
                "node": "28",
                "reporter": "10"
            },
            {
                "delta": 23326,
                "node": "28",
                "reporter": "24"
            },
            {
                "delta": 23346,
                "node": "28",
                "reporter": "7"
            },
            {
                "delta": 23368,
                "node": "28",
                "reporter": "4"
            },
            {
                "delta": 23373,
                "node": "28",
                "reporter": "17"
            },
            {
                "delta": 23452,
                "node": "28",
                "reporter": "9"
            },
            {
                "delta": 23481,
                "node": "28",
                "reporter": "27"
            },
            {
                "delta": 23572,
                "node": "28",
                "reporter": "20"
            },
            {
                "delta": 23664,
                "node": "28",
                "reporter": "26"
            },
            {
                "delta": 23881,
                "node": "28",
                "reporter": "8"
            },
            {
                "delta": 23925,
                "node": "28",
                "reporter": "6"
            },
            {
                "delta": 23928,
                "node": "7",
                "reporter": "28"
            },
            {
                "delta": 24007,
                "node": "28",
                "reporter": "14"
            },
            {
                "delta": 24059,
                "node": "28",
                "reporter": "25"
            },
            {
                "delta": 24547,
                "node": "6",
                "reporter": "28"
            },
            {
                "delta": 24547,
                "node": "19",
                "reporter": "28"
            },
            {
                "delta": 24547,
                "node": "8",
                "reporter": "28"
            },
            {
                "delta": 24547,
                "node": "23",
                "reporter": "28"
            },
            {
                "delta": 24547,
                "node": "24",
                "reporter": "28"
            },
            {
                "delta": 24547,
                "node": "18",
                "reporter": "28"
            },
            {
                "delta": 24548,
                "node": "4",
                "reporter": "28"
            },
            {
                "delta": 24779,
                "node": "2",
                "reporter": "28"
            },
            {
                "delta": 24779,
                "node": "12",
                "reporter": "28"
            },
            {
                "delta": 24779,
                "node": "14",
                "reporter": "28"
            },
            {
                "delta": 24779,
                "node": "15",
                "reporter": "28"
            },
            {
                "delta": 24779,
                "node": "26",
                "reporter": "28"
            },
            {
                "delta": 24779,
                "node": "22",
                "reporter": "28"
            },
            {
                "delta": 24779,
                "node": "13",
                "reporter": "28"
            },
            {
                "delta": 24779,
                "node": "27",
                "reporter": "28"
            },
            {
                "delta": 24780,
                "node": "11",
                "reporter": "28"
            },
            {
                "delta": 24780,
                "node": "3",
                "reporter": "28"
            },
            {
                "delta": 24780,
                "node": "10",
                "reporter": "28"
            },
            {
                "delta": 24780,
                "node": "25",
                "reporter": "28"
            },
            {
                "delta": 24780,
                "node": "9",
                "reporter": "28"
            },
            {
                "delta": 24829,
                "node": "1",
                "reporter": "28"
            },
            {
                "delta": 24829,
                "node": "16",
                "reporter": "28"
            },
            {
                "delta": 24829,
                "node": "17",
                "reporter": "28"
            },
            {
                "delta": 24829,
                "node": "30",
                "reporter": "28"
            },
            {
                "delta": 24829,
                "node": "5",
                "reporter": "28"
            },
            {
                "delta": 25011,
                "node": "20",
                "reporter": "28"
            },
            {
                "delta": 25011,
                "node": "29",
                "reporter": "28"
            },
            {
                "delta": 33916,
                "node": "27",
                "reporter": "22"
            },
            {
                "delta": 34117,
                "node": "27",
                "reporter": "4"
            },
            {
                "delta": 34210,
                "node": "27",
                "reporter": "2"
            },
            {
                "delta": 34313,
                "node": "27",
                "reporter": "13"
            },
            {
                "delta": 34336,
                "node": "27",
                "reporter": "5"
            },
            {
                "delta": 34353,
                "node": "27",
                "reporter": "10"
            },
            {
                "delta": 34513,
                "node": "27",
                "reporter": "17"
            },
            {
                "delta": 34530,
                "node": "27",
                "reporter": "12"
            },
            {
                "delta": 34614,
                "node": "27",
                "reporter": "19"
            },
            {
                "delta": 34647,
                "node": "27",
                "reporter": "14"
            },
            {
                "delta": 34667,
                "node": "27",
                "reporter": "16"
            },
            {
                "delta": 34768,
                "node": "27",
                "reporter": "18"
            },
            {
                "delta": 34831,
                "node": "27",
                "reporter": "8"
            },
            {
                "delta": 34833,
                "node": "27",
                "reporter": "26"
            },
            {
                "delta": 34935,
                "node": "27",
                "reporter": "29"
            },
            {
                "delta": 34937,
                "node": "27",
                "reporter": "7"
            },
            {
                "delta": 35025,
                "node": "27",
                "reporter": "1"
            },
            {
                "delta": 35037,
                "node": "27",
                "reporter": "15"
            },
            {
                "delta": 35062,
                "node": "27",
                "reporter": "9"
            },
            {
                "delta": 35074,
                "node": "27",
                "reporter": "6"
            },
            {
                "delta": 35094,
                "node": "27",
                "reporter": "3"
            },
            {
                "delta": 35137,
                "node": "27",
                "reporter": "30"
            },
            {
                "delta": 35176,
                "node": "27",
                "reporter": "23"
            },
            {
                "delta": 35199,
                "node": "27",
                "reporter": "11"
            },
            {
                "delta": 35202,
                "node": "27",
                "reporter": "20"
            },
            {
                "delta": 35427,
                "node": "27",
                "reporter": "24"
            },
            {
                "delta": 35829,
                "node": "27",
                "reporter": "25"
            },
            {
                "delta": 37259,
                "node": "9",
                "reporter": "25"
            },
            {
                "delta": 40004,
                "node": "25",
                "reporter": "6"
            },
            {
                "delta": 40308,
                "node": "25",
                "reporter": "18"
            },
            {
                "delta": 40390,
                "node": "25",
                "reporter": "2"
            },
            {
                "delta": 40621,
                "node": "25",
                "reporter": "9"
            },
            {
                "delta": 40673,
                "node": "25",
                "reporter": "13"
            },
            {
                "delta": 40776,
                "node": "25",
                "reporter": "5"
            },
            {
                "delta": 40796,
                "node": "25",
                "reporter": "14"
            },
            {
                "delta": 40836,
                "node": "25",
                "reporter": "22"
            },
            {
                "delta": 40881,
                "node": "25",
                "reporter": "12"
            },
            {
                "delta": 40906,
                "node": "25",
                "reporter": "24"
            },
            {
                "delta": 40959,
                "node": "25",
                "reporter": "11"
            },
            {
                "delta": 41023,
                "node": "25",
                "reporter": "10"
            },
            {
                "delta": 41035,
                "node": "25",
                "reporter": "19"
            },
            {
                "delta": 41096,
                "node": "25",
                "reporter": "29"
            },
            {
                "delta": 41103,
                "node": "25",
                "reporter": "17"
            },
            {
                "delta": 41126,
                "node": "20",
                "reporter": "22"
            },
            {
                "delta": 41138,
                "node": "25",
                "reporter": "30"
            },
            {
                "delta": 41157,
                "node": "25",
                "reporter": "7"
            },
            {
                "delta": 41214,
                "node": "25",
                "reporter": "1"
            },
            {
                "delta": 41229,
                "node": "20",
                "reporter": "14"
            },
            {
                "delta": 41270,
                "node": "20",
                "reporter": "2"
            },
            {
                "delta": 41278,
                "node": "25",
                "reporter": "4"
            },
            {
                "delta": 41311,
                "node": "25",
                "reporter": "8"
            },
            {
                "delta": 41358,
                "node": "25",
                "reporter": "15"
            },
            {
                "delta": 41423,
                "node": "20",
                "reporter": "12"
            },
            {
                "delta": 41425,
                "node": "25",
                "reporter": "26"
            },
            {
                "delta": 41467,
                "node": "25",
                "reporter": "16"
            },
            {
                "delta": 41496,
                "node": "20",
                "reporter": "23"
            },
            {
                "delta": 41497,
                "node": "25",
                "reporter": "23"
            },
            {
                "delta": 41587,
                "node": "20",
                "reporter": "30"
            },
            {
                "delta": 41676,
                "node": "20",
                "reporter": "5"
            },
            {
                "delta": 41697,
                "node": "20",
                "reporter": "7"
            },
            {
                "delta": 41775,
                "node": "25",
                "reporter": "3"
            },
            {
                "delta": 41799,
                "node": "20",
                "reporter": "11"
            },
            {
                "delta": 41844,
                "node": "20",
                "reporter": "6"
            },
            {
                "delta": 41854,
                "node": "20",
                "reporter": "1"
            },
            {
                "delta": 41897,
                "node": "20",
                "reporter": "15"
            },
            {
                "delta": 41913,
                "node": "20",
                "reporter": "13"
            },
            {
                "delta": 42019,
                "node": "23",
                "reporter": "25"
            },
            {
                "delta": 42019,
                "node": "20",
                "reporter": "25"
            },
            {
                "delta": 42019,
                "node": "13",
                "reporter": "25"
            },
            {
                "delta": 42038,
                "node": "20",
                "reporter": "4"
            },
            {
                "delta": 42102,
                "node": "25",
                "reporter": "20"
            },
            {
                "delta": 42105,
                "node": "20",
                "reporter": "3"
            },
            {
                "delta": 42123,
                "node": "20",
                "reporter": "10"
            },
            {
                "delta": 42141,
                "node": "20",
                "reporter": "9"
            },
            {
                "delta": 42151,
                "node": "20",
                "reporter": "8"
            },
            {
                "delta": 42196,
                "node": "20",
                "reporter": "29"
            },
            {
                "delta": 42196,
                "node": "20",
                "reporter": "24"
            },
            {
                "delta": 42205,
                "node": "20",
                "reporter": "19"
            },
            {
                "delta": 42288,
                "node": "6",
                "reporter": "25"
            },
            {
                "delta": 42288,
                "node": "19",
                "reporter": "25"
            },
            {
                "delta": 42289,
                "node": "24",
                "reporter": "25"
            },
            {
                "delta": 42291,
                "node": "29",
                "reporter": "25"
            },
            {
                "delta": 42291,
                "node": "14",
                "reporter": "25"
            },
            {
                "delta": 42292,
                "node": "7",
                "reporter": "25"
            },
            {
                "delta": 42292,
                "node": "5",
                "reporter": "25"
            },
            {
                "delta": 42313,
                "node": "20",
                "reporter": "17"
            },
            {
                "delta": 42318,
                "node": "8",
                "reporter": "25"
            },
            {
                "delta": 42318,
                "node": "1",
                "reporter": "25"
            },
            {
                "delta": 42319,
                "node": "4",
                "reporter": "25"
            },
            {
                "delta": 42319,
                "node": "2",
                "reporter": "25"
            },
            {
                "delta": 42319,
                "node": "18",
                "reporter": "25"
            },
            {
                "delta": 42319,
                "node": "12",
                "reporter": "25"
            },
            {
                "delta": 42320,
                "node": "16",
                "reporter": "25"
            },
            {
                "delta": 42320,
                "node": "15",
                "reporter": "25"
            },
            {
                "delta": 42320,
                "node": "26",
                "reporter": "25"
            },
            {
                "delta": 42320,
                "node": "17",
                "reporter": "25"
            },
            {
                "delta": 42321,
                "node": "30",
                "reporter": "25"
            },
            {
                "delta": 42321,
                "node": "22",
                "reporter": "25"
            },
            {
                "delta": 42321,
                "node": "3",
                "reporter": "25"
            },
            {
                "delta": 42321,
                "node": "11",
                "reporter": "25"
            },
            {
                "delta": 42327,
                "node": "20",
                "reporter": "16"
            },
            {
                "delta": 42341,
                "node": "10",
                "reporter": "25"
            },
            {
                "delta": 42413,
                "node": "20",
                "reporter": "26"
            },
            {
                "delta": 42768,
                "node": "20",
                "reporter": "18"
            },
            {
                "delta": 43032,
                "node": "6",
                "reporter": "20"
            },
            {
                "delta": 43185,
                "node": "7",
                "reporter": "20"
            },
            {
                "delta": 43185,
                "node": "13",
                "reporter": "20"
            },
            {
                "delta": 43185,
                "node": "10",
                "reporter": "20"
            },
            {
                "delta": 43241,
                "node": "16",
                "reporter": "20"
            },
            {
                "delta": 43242,
                "node": "14",
                "reporter": "20"
            },
            {
                "delta": 43242,
                "node": "15",
                "reporter": "20"
            },
            {
                "delta": 43242,
                "node": "26",
                "reporter": "20"
            },
            {
                "delta": 43242,
                "node": "17",
                "reporter": "20"
            },
            {
                "delta": 43242,
                "node": "30",
                "reporter": "20"
            },
            {
                "delta": 43243,
                "node": "3",
                "reporter": "20"
            },
            {
                "delta": 43392,
                "node": "19",
                "reporter": "20"
            },
            {
                "delta": 43392,
                "node": "2",
                "reporter": "20"
            },
            {
                "delta": 43392,
                "node": "12",
                "reporter": "20"
            },
            {
                "delta": 43392,
                "node": "22",
                "reporter": "20"
            },
            {
                "delta": 43392,
                "node": "11",
                "reporter": "20"
            },
            {
                "delta": 43522,
                "node": "8",
                "reporter": "20"
            },
            {
                "delta": 43523,
                "node": "23",
                "reporter": "20"
            },
            {
                "delta": 43523,
                "node": "1",
                "reporter": "20"
            },
            {
                "delta": 43523,
                "node": "24",
                "reporter": "20"
            },
            {
                "delta": 43523,
                "node": "4",
                "reporter": "20"
            },
            {
                "delta": 43523,
                "node": "18",
                "reporter": "20"
            },
            {
                "delta": 43523,
                "node": "29",
                "reporter": "20"
            },
            {
                "delta": 43524,
                "node": "9",
                "reporter": "20"
            },
            {
                "delta": 43524,
                "node": "5",
                "reporter": "20"
            },
            {
                "delta": 48015,
                "node": "18",
                "reporter": "22"
            },
            {
                "delta": 48156,
                "node": "18",
                "reporter": "14"
            },
            {
                "delta": 48396,
                "node": "18",
                "reporter": "29"
            },
            {
                "delta": 48483,
                "node": "18",
                "reporter": "10"
            },
            {
                "delta": 48608,
                "node": "18",
                "reporter": "15"
            },
            {
                "delta": 48626,
                "node": "18",
                "reporter": "24"
            },
            {
                "delta": 48638,
                "node": "18",
                "reporter": "4"
            },
            {
                "delta": 48717,
                "node": "18",
                "reporter": "7"
            },
            {
                "delta": 48741,
                "node": "18",
                "reporter": "9"
            },
            {
                "delta": 48754,
                "node": "18",
                "reporter": "19"
            },
            {
                "delta": 48824,
                "node": "18",
                "reporter": "6"
            },
            {
                "delta": 48837,
                "node": "18",
                "reporter": "30"
            },
            {
                "delta": 48840,
                "node": "18",
                "reporter": "2"
            },
            {
                "delta": 48917,
                "node": "18",
                "reporter": "16"
            },
            {
                "delta": 48926,
                "node": "18",
                "reporter": "5"
            },
            {
                "delta": 48983,
                "node": "18",
                "reporter": "26"
            },
            {
                "delta": 48999,
                "node": "18",
                "reporter": "11"
            },
            {
                "delta": 49005,
                "node": "18",
                "reporter": "23"
            },
            {
                "delta": 49054,
                "node": "18",
                "reporter": "13"
            },
            {
                "delta": 49112,
                "node": "18",
                "reporter": "8"
            },
            {
                "delta": 49182,
                "node": "18",
                "reporter": "12"
            },
            {
                "delta": 49243,
                "node": "18",
                "reporter": "17"
            },
            {
                "delta": 49245,
                "node": "18",
                "reporter": "3"
            },
            {
                "delta": 49588,
                "node": "11",
                "reporter": "18"
            },
            {
                "delta": 49604,
                "node": "18",
                "reporter": "1"
            },
            {
                "delta": 49738,
                "node": "17",
                "reporter": "18"
            },
            {
                "delta": 49738,
                "node": "15",
                "reporter": "18"
            },
            {
                "delta": 49827,
                "node": "13",
                "reporter": "18"
            },
            {
                "delta": 49998,
                "node": "9",
                "reporter": "18"
            },
            {
                "delta": 50247,
                "node": "19",
                "reporter": "18"
            },
            {
                "delta": 50248,
                "node": "8",
                "reporter": "18"
            },
            {
                "delta": 50248,
                "node": "1",
                "reporter": "18"
            },
            {
                "delta": 50248,
                "node": "24",
                "reporter": "18"
            },
            {
                "delta": 50248,
                "node": "2",
                "reporter": "18"
            },
            {
                "delta": 50248,
                "node": "4",
                "reporter": "18"
            },
            {
                "delta": 50248,
                "node": "16",
                "reporter": "18"
            },
            {
                "delta": 50395,
                "node": "14",
                "reporter": "18"
            },
            {
                "delta": 50395,
                "node": "26",
                "reporter": "18"
            },
            {
                "delta": 50395,
                "node": "30",
                "reporter": "18"
            },
            {
                "delta": 50396,
                "node": "7",
                "reporter": "18"
            },
            {
                "delta": 50396,
                "node": "22",
                "reporter": "18"
            },
            {
                "delta": 50396,
                "node": "10",
                "reporter": "18"
            },
            {
                "delta": 50396,
                "node": "5",
                "reporter": "18"
            },
            {
                "delta": 50396,
                "node": "6",
                "reporter": "18"
            },
            {
                "delta": 50396,
                "node": "23",
                "reporter": "18"
            },
            {
                "delta": 50396,
                "node": "12",
                "reporter": "18"
            },
            {
                "delta": 50396,
                "node": "29",
                "reporter": "18"
            },
            {
                "delta": 50396,
                "node": "3",
                "reporter": "18"
            },
            {
                "delta": 51566,
                "node": "7",
                "reporter": "14"
            },
            {
                "delta": 51696,
                "node": "7",
                "reporter": "29"
            },
            {
                "delta": 51863,
                "node": "7",
                "reporter": "10"
            },
            {
                "delta": 51903,
                "node": "7",
                "reporter": "17"
            },
            {
                "delta": 51980,
                "node": "7",
                "reporter": "2"
            },
            {
                "delta": 52092,
                "node": "7",
                "reporter": "9"
            },
            {
                "delta": 52149,
                "node": "7",
                "reporter": "11"
            },
            {
                "delta": 52214,
                "node": "7",
                "reporter": "6"
            },
            {
                "delta": 52288,
                "node": "7",
                "reporter": "4"
            },
            {
                "delta": 52336,
                "node": "7",
                "reporter": "22"
            },
            {
                "delta": 52397,
                "node": "7",
                "reporter": "30"
            },
            {
                "delta": 52425,
                "node": "7",
                "reporter": "3"
            },
            {
                "delta": 52435,
                "node": "7",
                "reporter": "23"
            },
            {
                "delta": 52488,
                "node": "7",
                "reporter": "15"
            },
            {
                "delta": 52517,
                "node": "7",
                "reporter": "24"
            },
            {
                "delta": 52576,
                "node": "16",
                "reporter": "7"
            },
            {
                "delta": 52594,
                "node": "7",
                "reporter": "1"
            },
            {
                "delta": 52617,
                "node": "7",
                "reporter": "16"
            },
            {
                "delta": 52621,
                "node": "7",
                "reporter": "8"
            },
            {
                "delta": 52696,
                "node": "23",
                "reporter": "7"
            },
            {
                "delta": 52697,
                "node": "24",
                "reporter": "7"
            },
            {
                "delta": 52697,
                "node": "14",
                "reporter": "7"
            },
            {
                "delta": 52697,
                "node": "5",
                "reporter": "7"
            },
            {
                "delta": 52727,
                "node": "17",
                "reporter": "7"
            },
            {
                "delta": 52766,
                "node": "7",
                "reporter": "5"
            },
            {
                "delta": 52786,
                "node": "8",
                "reporter": "7"
            },
            {
                "delta": 52793,
                "node": "7",
                "reporter": "13"
            },
            {
                "delta": 52800,
                "node": "7",
                "reporter": "12"
            },
            {
                "delta": 52803,
                "node": "7",
                "reporter": "26"
            },
            {
                "delta": 52894,
                "node": "7",
                "reporter": "19"
            },
            {
                "delta": 53147,
                "node": "30",
                "reporter": "7"
            },
            {
                "delta": 53147,
                "node": "19",
                "reporter": "7"
            },
            {
                "delta": 53147,
                "node": "12",
                "reporter": "7"
            },
            {
                "delta": 53147,
                "node": "26",
                "reporter": "7"
            },
            {
                "delta": 53206,
                "node": "6",
                "reporter": "7"
            },
            {
                "delta": 53207,
                "node": "22",
                "reporter": "7"
            },
            {
                "delta": 53207,
                "node": "2",
                "reporter": "7"
            },
            {
                "delta": 53207,
                "node": "15",
                "reporter": "7"
            },
            {
                "delta": 53306,
                "node": "11",
                "reporter": "7"
            },
            {
                "delta": 53417,
                "node": "1",
                "reporter": "7"
            },
            {
                "delta": 53417,
                "node": "3",
                "reporter": "7"
            },
            {
                "delta": 53417,
                "node": "10",
                "reporter": "7"
            },
            {
                "delta": 53419,
                "node": "29",
                "reporter": "7"
            },
            {
                "delta": 53419,
                "node": "9",
                "reporter": "7"
            },
            {
                "delta": 53476,
                "node": "13",
                "reporter": "7"
            },
            {
                "delta": 53476,
                "node": "4",
                "reporter": "7"
            },
            {
                "delta": 61649,
                "node": "4",
                "reporter": "2"
            },
            {
                "delta": 61876,
                "node": "4",
                "reporter": "5"
            },
            {
                "delta": 61917,
                "node": "4",
                "reporter": "16"
            },
            {
                "delta": 62169,
                "node": "4",
                "reporter": "11"
            },
            {
                "delta": 62285,
                "node": "4",
                "reporter": "23"
            },
            {
                "delta": 62328,
                "node": "4",
                "reporter": "15"
            },
            {
                "delta": 62342,
                "node": "4",
                "reporter": "9"
            },
            {
                "delta": 62394,
                "node": "4",
                "reporter": "19"
            },
            {
                "delta": 62444,
                "node": "4",
                "reporter": "6"
            },
            {
                "delta": 62494,
                "node": "4",
                "reporter": "17"
            },
            {
                "delta": 62551,
                "node": "4",
                "reporter": "8"
            },
            {
                "delta": 62633,
                "node": "4",
                "reporter": "26"
            },
            {
                "delta": 62668,
                "node": "4",
                "reporter": "14"
            },
            {
                "delta": 62671,
                "node": "4",
                "reporter": "12"
            },
            {
                "delta": 62714,
                "node": "4",
                "reporter": "1"
            },
            {
                "delta": 62898,
                "node": "4",
                "reporter": "30"
            },
            {
                "delta": 62938,
                "node": "14",
                "reporter": "4"
            },
            {
                "delta": 62976,
                "node": "4",
                "reporter": "22"
            },
            {
                "delta": 62977,
                "node": "4",
                "reporter": "24"
            },
            {
                "delta": 62995,
                "node": "4",
                "reporter": "3"
            },
            {
                "delta": 63028,
                "node": "8",
                "reporter": "4"
            },
            {
                "delta": 63028,
                "node": "16",
                "reporter": "4"
            },
            {
                "delta": 63047,
                "node": "15",
                "reporter": "4"
            },
            {
                "delta": 63093,
                "node": "4",
                "reporter": "10"
            },
            {
                "delta": 63285,
                "node": "4",
                "reporter": "29"
            },
            {
                "delta": 63483,
                "node": "4",
                "reporter": "13"
            },
            {
                "delta": 63538,
                "node": "6",
                "reporter": "4"
            },
            {
                "delta": 63538,
                "node": "17",
                "reporter": "4"
            },
            {
                "delta": 63538,
                "node": "30",
                "reporter": "4"
            },
            {
                "delta": 63538,
                "node": "19",
                "reporter": "4"
            },
            {
                "delta": 63539,
                "node": "23",
                "reporter": "4"
            },
            {
                "delta": 63539,
                "node": "22",
                "reporter": "4"
            },
            {
                "delta": 63539,
                "node": "13",
                "reporter": "4"
            },
            {
                "delta": 63539,
                "node": "1",
                "reporter": "4"
            },
            {
                "delta": 63539,
                "node": "24",
                "reporter": "4"
            },
            {
                "delta": 63540,
                "node": "2",
                "reporter": "4"
            },
            {
                "delta": 63727,
                "node": "11",
                "reporter": "4"
            },
            {
                "delta": 63727,
                "node": "3",
                "reporter": "4"
            },
            {
                "delta": 63727,
                "node": "12",
                "reporter": "4"
            },
            {
                "delta": 63727,
                "node": "29",
                "reporter": "4"
            },
            {
                "delta": 63727,
                "node": "9",
                "reporter": "4"
            },
            {
                "delta": 63728,
                "node": "26",
                "reporter": "4"
            },
            {
                "delta": 63728,
                "node": "5",
                "reporter": "4"
            },
            {
                "delta": 63798,
                "node": "10",
                "reporter": "4"
            },
            {
                "delta": 68533,
                "node": "16",
                "reporter": "13"
            },
            {
                "delta": 68739,
                "node": "16",
                "reporter": "11"
            },
            {
                "delta": 68954,
                "node": "16",
                "reporter": "1"
            },
            {
                "delta": 69127,
                "node": "16",
                "reporter": "30"
            },
            {
                "delta": 69134,
                "node": "16",
                "reporter": "3"
            },
            {
                "delta": 69159,
                "node": "16",
                "reporter": "2"
            },
            {
                "delta": 69212,
                "node": "16",
                "reporter": "8"
            },
            {
                "delta": 69329,
                "node": "16",
                "reporter": "22"
            },
            {
                "delta": 69331,
                "node": "16",
                "reporter": "9"
            },
            {
                "delta": 69407,
                "node": "16",
                "reporter": "24"
            },
            {
                "delta": 69498,
                "node": "16",
                "reporter": "15"
            },
            {
                "delta": 69704,
                "node": "16",
                "reporter": "6"
            },
            {
                "delta": 69706,
                "node": "16",
                "reporter": "14"
            },
            {
                "delta": 69756,
                "node": "16",
                "reporter": "19"
            },
            {
                "delta": 69811,
                "node": "16",
                "reporter": "12"
            },
            {
                "delta": 69813,
                "node": "16",
                "reporter": "10"
            },
            {
                "delta": 69863,
                "node": "16",
                "reporter": "26"
            },
            {
                "delta": 69865,
                "node": "16",
                "reporter": "23"
            },
            {
                "delta": 70053,
                "node": "16",
                "reporter": "17"
            },
            {
                "delta": 70225,
                "node": "5",
                "reporter": "23"
            },
            {
                "delta": 70245,
                "node": "16",
                "reporter": "29"
            },
            {
                "delta": 70306,
                "node": "16",
                "reporter": "5"
            },
            {
                "delta": 71527,
                "node": "6",
                "reporter": "16"
            },
            {
                "delta": 71528,
                "node": "17",
                "reporter": "16"
            },
            {
                "delta": 71528,
                "node": "30",
                "reporter": "16"
            },
            {
                "delta": 71528,
                "node": "19",
                "reporter": "16"
            },
            {
                "delta": 71528,
                "node": "8",
                "reporter": "16"
            },
            {
                "delta": 71528,
                "node": "22",
                "reporter": "16"
            },
            {
                "delta": 71528,
                "node": "23",
                "reporter": "16"
            },
            {
                "delta": 71528,
                "node": "13",
                "reporter": "16"
            },
            {
                "delta": 71529,
                "node": "1",
                "reporter": "16"
            },
            {
                "delta": 71529,
                "node": "24",
                "reporter": "16"
            },
            {
                "delta": 71549,
                "node": "2",
                "reporter": "16"
            },
            {
                "delta": 71549,
                "node": "10",
                "reporter": "16"
            },
            {
                "delta": 71549,
                "node": "11",
                "reporter": "16"
            },
            {
                "delta": 71549,
                "node": "3",
                "reporter": "16"
            },
            {
                "delta": 71549,
                "node": "12",
                "reporter": "16"
            },
            {
                "delta": 71550,
                "node": "29",
                "reporter": "16"
            },
            {
                "delta": 71550,
                "node": "14",
                "reporter": "16"
            },
            {
                "delta": 71550,
                "node": "9",
                "reporter": "16"
            },
            {
                "delta": 71550,
                "node": "15",
                "reporter": "16"
            },
            {
                "delta": 71550,
                "node": "26",
                "reporter": "16"
            },
            {
                "delta": 71550,
                "node": "5",
                "reporter": "16"
            },
            {
                "delta": 77493,
                "node": "12",
                "reporter": "26"
            },
            {
                "delta": 77584,
                "node": "12",
                "reporter": "6"
            },
            {
                "delta": 77876,
                "node": "12",
                "reporter": "5"
            },
            {
                "delta": 77893,
                "node": "12",
                "reporter": "17"
            },
            {
                "delta": 78058,
                "node": "12",
                "reporter": "15"
            },
            {
                "delta": 78086,
                "node": "12",
                "reporter": "19"
            },
            {
                "delta": 78202,
                "node": "12",
                "reporter": "9"
            },
            {
                "delta": 78216,
                "node": "12",
                "reporter": "29"
            },
            {
                "delta": 78233,
                "node": "12",
                "reporter": "13"
            },
            {
                "delta": 78306,
                "node": "12",
                "reporter": "23"
            },
            {
                "delta": 78316,
                "node": "12",
                "reporter": "14"
            },
            {
                "delta": 78317,
                "node": "12",
                "reporter": "24"
            },
            {
                "delta": 78413,
                "node": "12",
                "reporter": "10"
            },
            {
                "delta": 78418,
                "node": "12",
                "reporter": "22"
            },
            {
                "delta": 78549,
                "node": "12",
                "reporter": "2"
            },
            {
                "delta": 78747,
                "node": "12",
                "reporter": "30"
            },
            {
                "delta": 78870,
                "node": "12",
                "reporter": "11"
            },
            {
                "delta": 78884,
                "node": "12",
                "reporter": "1"
            },
            {
                "delta": 79015,
                "node": "12",
                "reporter": "3"
            },
            {
                "delta": 79052,
                "node": "12",
                "reporter": "8"
            },
            {
                "delta": 79680,
                "node": "30",
                "reporter": "12"
            },
            {
                "delta": 79680,
                "node": "22",
                "reporter": "12"
            },
            {
                "delta": 79680,
                "node": "13",
                "reporter": "12"
            },
            {
                "delta": 79681,
                "node": "2",
                "reporter": "12"
            },
            {
                "delta": 79991,
                "node": "19",
                "reporter": "12"
            },
            {
                "delta": 79991,
                "node": "8",
                "reporter": "12"
            },
            {
                "delta": 79991,
                "node": "23",
                "reporter": "12"
            },
            {
                "delta": 79991,
                "node": "14",
                "reporter": "12"
            },
            {
                "delta": 79991,
                "node": "5",
                "reporter": "12"
            },
            {
                "delta": 79991,
                "node": "6",
                "reporter": "12"
            },
            {
                "delta": 79992,
                "node": "17",
                "reporter": "12"
            },
            {
                "delta": 79992,
                "node": "1",
                "reporter": "12"
            },
            {
                "delta": 79992,
                "node": "24",
                "reporter": "12"
            },
            {
                "delta": 79992,
                "node": "11",
                "reporter": "12"
            },
            {
                "delta": 80137,
                "node": "10",
                "reporter": "12"
            },
            {
                "delta": 80137,
                "node": "3",
                "reporter": "12"
            },
            {
                "delta": 80137,
                "node": "29",
                "reporter": "12"
            },
            {
                "delta": 80137,
                "node": "9",
                "reporter": "12"
            },
            {
                "delta": 80137,
                "node": "15",
                "reporter": "12"
            },
            {
                "delta": 80138,
                "node": "26",
                "reporter": "12"
            },
            {
                "delta": 80953,
                "node": "1",
                "reporter": "17"
            },
            {
                "delta": 81033,
                "node": "1",
                "reporter": "26"
            },
            {
                "delta": 81356,
                "node": "1",
                "reporter": "5"
            },
            {
                "delta": 81366,
                "node": "1",
                "reporter": "14"
            },
            {
                "delta": 81375,
                "node": "1",
                "reporter": "3"
            },
            {
                "delta": 81486,
                "node": "1",
                "reporter": "19"
            },
            {
                "delta": 81498,
                "node": "1",
                "reporter": "22"
            },
            {
                "delta": 81593,
                "node": "1",
                "reporter": "13"
            },
            {
                "delta": 81601,
                "node": "1",
                "reporter": "8"
            },
            {
                "delta": 81713,
                "node": "1",
                "reporter": "10"
            },
            {
                "delta": 81768,
                "node": "1",
                "reporter": "15"
            },
            {
                "delta": 81798,
                "node": "1",
                "reporter": "30"
            },
            {
                "delta": 81912,
                "node": "1",
                "reporter": "9"
            },
            {
                "delta": 81978,
                "node": "1",
                "reporter": "11"
            },
            {
                "delta": 81996,
                "node": "1",
                "reporter": "23"
            },
            {
                "delta": 82020,
                "node": "1",
                "reporter": "2"
            },
            {
                "delta": 82114,
                "node": "1",
                "reporter": "6"
            },
            {
                "delta": 82686,
                "node": "1",
                "reporter": "29"
            },
            {
                "delta": 82894,
                "node": "9",
                "reporter": "1"
            },
            {
                "delta": 83014,
                "node": "11",
                "reporter": "1"
            },
            {
                "delta": 83014,
                "node": "5",
                "reporter": "1"
            },
            {
                "delta": 83137,
                "node": "1",
                "reporter": "24"
            },
            {
                "delta": 83574,
                "node": "6",
                "reporter": "1"
            },
            {
                "delta": 83575,
                "node": "17",
                "reporter": "1"
            },
            {
                "delta": 83575,
                "node": "30",
                "reporter": "1"
            },
            {
                "delta": 83578,
                "node": "19",
                "reporter": "1"
            },
            {
                "delta": 83578,
                "node": "8",
                "reporter": "1"
            },
            {
                "delta": 83578,
                "node": "23",
                "reporter": "1"
            },
            {
                "delta": 83578,
                "node": "22",
                "reporter": "1"
            },
            {
                "delta": 83578,
                "node": "13",
                "reporter": "1"
            },
            {
                "delta": 83578,
                "node": "24",
                "reporter": "1"
            },
            {
                "delta": 83579,
                "node": "2",
                "reporter": "1"
            },
            {
                "delta": 83742,
                "node": "10",
                "reporter": "1"
            },
            {
                "delta": 83742,
                "node": "3",
                "reporter": "1"
            },
            {
                "delta": 83742,
                "node": "29",
                "reporter": "1"
            },
            {
                "delta": 83742,
                "node": "14",
                "reporter": "1"
            },
            {
                "delta": 83742,
                "node": "15",
                "reporter": "1"
            },
            {
                "delta": 83742,
                "node": "26",
                "reporter": "1"
            },
            {
                "delta": 89481,
                "node": "14",
                "reporter": "8"
            },
            {
                "delta": 89696,
                "node": "14",
                "reporter": "5"
            },
            {
                "delta": 89963,
                "node": "14",
                "reporter": "17"
            },
            {
                "delta": 89985,
                "node": "14",
                "reporter": "3"
            },
            {
                "delta": 89999,
                "node": "14",
                "reporter": "2"
            },
            {
                "delta": 90117,
                "node": "14",
                "reporter": "22"
            },
            {
                "delta": 90196,
                "node": "14",
                "reporter": "23"
            },
            {
                "delta": 90274,
                "node": "14",
                "reporter": "19"
            },
            {
                "delta": 90293,
                "node": "14",
                "reporter": "10"
            },
            {
                "delta": 90370,
                "node": "14",
                "reporter": "15"
            },
            {
                "delta": 90387,
                "node": "14",
                "reporter": "24"
            },
            {
                "delta": 90552,
                "node": "14",
                "reporter": "9"
            },
            {
                "delta": 90606,
                "node": "14",
                "reporter": "29"
            },
            {
                "delta": 90653,
                "node": "14",
                "reporter": "13"
            },
            {
                "delta": 90693,
                "node": "14",
                "reporter": "26"
            },
            {
                "delta": 90908,
                "node": "14",
                "reporter": "30"
            },
            {
                "delta": 91019,
                "node": "14",
                "reporter": "11"
            },
            {
                "delta": 91034,
                "node": "14",
                "reporter": "6"
            },
            {
                "delta": 91806,
                "node": "30",
                "reporter": "14"
            },
            {
                "delta": 92026,
                "node": "6",
                "reporter": "14"
            },
            {
                "delta": 92026,
                "node": "22",
                "reporter": "14"
            },
            {
                "delta": 92026,
                "node": "24",
                "reporter": "14"
            },
            {
                "delta": 92026,
                "node": "5",
                "reporter": "14"
            },
            {
                "delta": 92077,
                "node": "17",
                "reporter": "14"
            },
            {
                "delta": 92077,
                "node": "19",
                "reporter": "14"
            },
            {
                "delta": 92077,
                "node": "8",
                "reporter": "14"
            },
            {
                "delta": 92077,
                "node": "23",
                "reporter": "14"
            },
            {
                "delta": 92077,
                "node": "13",
                "reporter": "14"
            },
            {
                "delta": 92077,
                "node": "2",
                "reporter": "14"
            },
            {
                "delta": 92173,
                "node": "11",
                "reporter": "14"
            },
            {
                "delta": 92173,
                "node": "3",
                "reporter": "14"
            },
            {
                "delta": 92173,
                "node": "10",
                "reporter": "14"
            },
            {
                "delta": 92173,
                "node": "29",
                "reporter": "14"
            },
            {
                "delta": 92173,
                "node": "9",
                "reporter": "14"
            },
            {
                "delta": 92173,
                "node": "15",
                "reporter": "14"
            },
            {
                "delta": 92173,
                "node": "26",
                "reporter": "14"
            },
            {
                "delta": 106385,
                "node": "15",
                "reporter": "19"
            },
            {
                "delta": 106459,
                "node": "15",
                "reporter": "2"
            },
            {
                "delta": 106643,
                "node": "15",
                "reporter": "10"
            },
            {
                "delta": 106657,
                "node": "15",
                "reporter": "30"
            },
            {
                "delta": 106898,
                "node": "15",
                "reporter": "11"
            },
            {
                "delta": 106943,
                "node": "15",
                "reporter": "26"
            },
            {
                "delta": 107091,
                "node": "15",
                "reporter": "8"
            },
            {
                "delta": 107208,
                "node": "15",
                "reporter": "24"
            },
            {
                "delta": 107223,
                "node": "15",
                "reporter": "13"
            },
            {
                "delta": 107341,
                "node": "15",
                "reporter": "9"
            },
            {
                "delta": 107396,
                "node": "15",
                "reporter": "23"
            },
            {
                "delta": 107506,
                "node": "15",
                "reporter": "5"
            },
            {
                "delta": 107565,
                "node": "15",
                "reporter": "3"
            },
            {
                "delta": 107615,
                "node": "15",
                "reporter": "29"
            },
            {
                "delta": 107616,
                "node": "15",
                "reporter": "6"
            },
            {
                "delta": 107623,
                "node": "15",
                "reporter": "17"
            },
            {
                "delta": 107956,
                "node": "15",
                "reporter": "22"
            },
            {
                "delta": 108348,
                "node": "29",
                "reporter": "15"
            },
            {
                "delta": 108438,
                "node": "3",
                "reporter": "15"
            },
            {
                "delta": 108858,
                "node": "17",
                "reporter": "15"
            },
            {
                "delta": 108859,
                "node": "30",
                "reporter": "15"
            },
            {
                "delta": 108859,
                "node": "8",
                "reporter": "15"
            },
            {
                "delta": 108859,
                "node": "23",
                "reporter": "15"
            },
            {
                "delta": 108859,
                "node": "22",
                "reporter": "15"
            },
            {
                "delta": 108859,
                "node": "11",
                "reporter": "15"
            },
            {
                "delta": 108859,
                "node": "10",
                "reporter": "15"
            },
            {
                "delta": 108860,
                "node": "9",
                "reporter": "15"
            },
            {
                "delta": 108860,
                "node": "26",
                "reporter": "15"
            },
            {
                "delta": 108860,
                "node": "5",
                "reporter": "15"
            },
            {
                "delta": 109109,
                "node": "6",
                "reporter": "15"
            },
            {
                "delta": 109109,
                "node": "19",
                "reporter": "15"
            },
            {
                "delta": 109109,
                "node": "13",
                "reporter": "15"
            },
            {
                "delta": 109109,
                "node": "24",
                "reporter": "15"
            },
            {
                "delta": 109109,
                "node": "2",
                "reporter": "15"
            },
            {
                "delta": 117584,
                "node": "3",
                "reporter": "6"
            },
            {
                "delta": 117661,
                "node": "3",
                "reporter": "8"
            },
            {
                "delta": 117880,
                "node": "3",
                "reporter": "2"
            },
            {
                "delta": 117893,
                "node": "3",
                "reporter": "17"
            },
            {
                "delta": 118074,
                "node": "3",
                "reporter": "19"
            },
            {
                "delta": 118112,
                "node": "3",
                "reporter": "9"
            },
            {
                "delta": 118136,
                "node": "3",
                "reporter": "22"
            },
            {
                "delta": 118416,
                "node": "3",
                "reporter": "29"
            },
            {
                "delta": 118426,
                "node": "3",
                "reporter": "5"
            },
            {
                "delta": 118433,
                "node": "3",
                "reporter": "26"
            },
            {
                "delta": 118509,
                "node": "3",
                "reporter": "11"
            },
            {
                "delta": 118533,
                "node": "3",
                "reporter": "10"
            },
            {
                "delta": 118757,
                "node": "3",
                "reporter": "30"
            },
            {
                "delta": 118845,
                "node": "3",
                "reporter": "23"
            },
            {
                "delta": 118990,
                "node": "3",
                "reporter": "24"
            },
            {
                "delta": 119405,
                "node": "26",
                "reporter": "3"
            },
            {
                "delta": 119423,
                "node": "3",
                "reporter": "13"
            },
            {
                "delta": 119905,
                "node": "8",
                "reporter": "3"
            },
            {
                "delta": 119905,
                "node": "22",
                "reporter": "3"
            }
        ]
    }
}