
{
    "id": "00183",
    "seed": 42,
    "repetition": 0,
    "settings": {
        "simulate_catastrophe": false,
        "number_of_nodes": 30,
        "duration": 120000,
        "gossip_delta": 200,
        "failure_delta": 1400,
        "miss_delta": 1400,
        "push_pull": false,
        "pick_strategy": 0,
        "enable_multicast": true,
        "multicast_parameter": 1.0,
        "multicast_max_wait": 1400,
        "expected_first_multicast": 933
    },
    "result": {
        "start_time": 1500738167816,
        "end_time": 1500738287827,
        "expected_crashes": [
            {
                "delta": 31130,
                "node": "27"
            }
        ],
        "reported_crashes": [
            {
                "delta": 4985,
                "node": "12",
                "reporter": "19"
            },
            {
                "delta": 4991,
                "node": "12",
                "reporter": "27"
            },
            {
                "delta": 4996,
                "node": "12",
                "reporter": "7"
            },
            {
                "delta": 4996,
                "node": "12",
                "reporter": "22"
            },
            {
                "delta": 4997,
                "node": "12",
                "reporter": "16"
            },
            {
                "delta": 4997,
                "node": "12",
                "reporter": "30"
            },
            {
                "delta": 4999,
                "node": "12",
                "reporter": "25"
            },
            {
                "delta": 4999,
                "node": "12",
                "reporter": "2"
            },
            {
                "delta": 5000,
                "node": "12",
                "reporter": "26"
            },
            {
                "delta": 5001,
                "node": "12",
                "reporter": "8"
            },
            {
                "delta": 5002,
                "node": "12",
                "reporter": "9"
            },
            {
                "delta": 5003,
                "node": "12",
                "reporter": "10"
            },
            {
                "delta": 5012,
                "node": "12",
                "reporter": "21"
            },
            {
                "delta": 5014,
                "node": "12",
                "reporter": "6"
            },
            {
                "delta": 5016,
                "node": "12",
                "reporter": "14"
            },
            {
                "delta": 5023,
                "node": "17",
                "reporter": "13"
            },
            {
                "delta": 5027,
                "node": "17",
                "reporter": "30"
            },
            {
                "delta": 5030,
                "node": "17",
                "reporter": "2"
            },
            {
                "delta": 5032,
                "node": "17",
                "reporter": "24"
            },
            {
                "delta": 5033,
                "node": "17",
                "reporter": "10"
            },
            {
                "delta": 5036,
                "node": "17",
                "reporter": "23"
            },
            {
                "delta": 5037,
                "node": "17",
                "reporter": "16"
            },
            {
                "delta": 5039,
                "node": "17",
                "reporter": "25"
            },
            {
                "delta": 5039,
                "node": "17",
                "reporter": "11"
            },
            {
                "delta": 5064,
                "node": "17",
                "reporter": "1"
            },
            {
                "delta": 5085,
                "node": "17",
                "reporter": "29"
            },
            {
                "delta": 5088,
                "node": "17",
                "reporter": "28"
            },
            {
                "delta": 5088,
                "node": "17",
                "reporter": "15"
            },
            {
                "delta": 5092,
                "node": "17",
                "reporter": "27"
            },
            {
                "delta": 5094,
                "node": "17",
                "reporter": "6"
            },
            {
                "delta": 5095,
                "node": "17",
                "reporter": "12"
            },
            {
                "delta": 5095,
                "node": "17",
                "reporter": "19"
            },
            {
                "delta": 5095,
                "node": "12",
                "reporter": "23"
            },
            {
                "delta": 5096,
                "node": "17",
                "reporter": "14"
            },
            {
                "delta": 5097,
                "node": "17",
                "reporter": "18"
            },
            {
                "delta": 5098,
                "node": "12",
                "reporter": "24"
            },
            {
                "delta": 5098,
                "node": "12",
                "reporter": "11"
            },
            {
                "delta": 5100,
                "node": "17",
                "reporter": "26"
            },
            {
                "delta": 5102,
                "node": "17",
                "reporter": "9"
            },
            {
                "delta": 5102,
                "node": "17",
                "reporter": "20"
            },
            {
                "delta": 5102,
                "node": "17",
                "reporter": "21"
            },
            {
                "delta": 5103,
                "node": "12",
                "reporter": "13"
            },
            {
                "delta": 5103,
                "node": "12",
                "reporter": "17"
            },
            {
                "delta": 5105,
                "node": "12",
                "reporter": "29"
            },
            {
                "delta": 5105,
                "node": "12",
                "reporter": "3"
            },
            {
                "delta": 5105,
                "node": "12",
                "reporter": "5"
            },
            {
                "delta": 5106,
                "node": "17",
                "reporter": "22"
            },
            {
                "delta": 5107,
                "node": "17",
                "reporter": "7"
            },
            {
                "delta": 5107,
                "node": "12",
                "reporter": "28"
            },
            {
                "delta": 5108,
                "node": "12",
                "reporter": "15"
            },
            {
                "delta": 5111,
                "node": "17",
                "reporter": "8"
            },
            {
                "delta": 5128,
                "node": "12",
                "reporter": "4"
            },
            {
                "delta": 5131,
                "node": "12",
                "reporter": "20"
            },
            {
                "delta": 5137,
                "node": "12",
                "reporter": "18"
            },
            {
                "delta": 5147,
                "node": "12",
                "reporter": "1"
            },
            {
                "delta": 5225,
                "node": "17",
                "reporter": "3"
            },
            {
                "delta": 5225,
                "node": "17",
                "reporter": "5"
            },
            {
                "delta": 5228,
                "node": "17",
                "reporter": "4"
            },
            {
                "delta": 6564,
                "node": "7",
                "reporter": "17"
            },
            {
                "delta": 7002,
                "node": "9",
                "reporter": "27"
            },
            {
                "delta": 7004,
                "node": "9",
                "reporter": "19"
            },
            {
                "delta": 7007,
                "node": "9",
                "reporter": "30"
            },
            {
                "delta": 7014,
                "node": "9",
                "reporter": "12"
            },
            {
                "delta": 7015,
                "node": "24",
                "reporter": "12"
            },
            {
                "delta": 7015,
                "node": "26",
                "reporter": "12"
            },
            {
                "delta": 7015,
                "node": "27",
                "reporter": "12"
            },
            {
                "delta": 7015,
                "node": "21",
                "reporter": "12"
            },
            {
                "delta": 7015,
                "node": "28",
                "reporter": "12"
            },
            {
                "delta": 7015,
                "node": "2",
                "reporter": "12"
            },
            {
                "delta": 7016,
                "node": "9",
                "reporter": "7"
            },
            {
                "delta": 7020,
                "node": "9",
                "reporter": "2"
            },
            {
                "delta": 7020,
                "node": "9",
                "reporter": "26"
            },
            {
                "delta": 7021,
                "node": "9",
                "reporter": "8"
            },
            {
                "delta": 7024,
                "node": "9",
                "reporter": "10"
            },
            {
                "delta": 7024,
                "node": "22",
                "reporter": "12"
            },
            {
                "delta": 7024,
                "node": "19",
                "reporter": "12"
            },
            {
                "delta": 7024,
                "node": "14",
                "reporter": "12"
            },
            {
                "delta": 7026,
                "node": "9",
                "reporter": "22"
            },
            {
                "delta": 7027,
                "node": "9",
                "reporter": "16"
            },
            {
                "delta": 7033,
                "node": "9",
                "reporter": "21"
            },
            {
                "delta": 7034,
                "node": "9",
                "reporter": "6"
            },
            {
                "delta": 7036,
                "node": "9",
                "reporter": "14"
            },
            {
                "delta": 7039,
                "node": "9",
                "reporter": "25"
            },
            {
                "delta": 7053,
                "node": "23",
                "reporter": "17"
            },
            {
                "delta": 7054,
                "node": "1",
                "reporter": "17"
            },
            {
                "delta": 7054,
                "node": "4",
                "reporter": "17"
            },
            {
                "delta": 7054,
                "node": "14",
                "reporter": "17"
            },
            {
                "delta": 7054,
                "node": "30",
                "reporter": "17"
            },
            {
                "delta": 7054,
                "node": "25",
                "reporter": "17"
            },
            {
                "delta": 7056,
                "node": "2",
                "reporter": "17"
            },
            {
                "delta": 7056,
                "node": "11",
                "reporter": "17"
            },
            {
                "delta": 7063,
                "node": "19",
                "reporter": "17"
            },
            {
                "delta": 7063,
                "node": "15",
                "reporter": "17"
            },
            {
                "delta": 7119,
                "node": "9",
                "reporter": "24"
            },
            {
                "delta": 7119,
                "node": "9",
                "reporter": "11"
            },
            {
                "delta": 7123,
                "node": "9",
                "reporter": "13"
            },
            {
                "delta": 7125,
                "node": "9",
                "reporter": "29"
            },
            {
                "delta": 7132,
                "node": "9",
                "reporter": "15"
            },
            {
                "delta": 7134,
                "node": "9",
                "reporter": "3"
            },
            {
                "delta": 7135,
                "node": "9",
                "reporter": "23"
            },
            {
                "delta": 7135,
                "node": "9",
                "reporter": "5"
            },
            {
                "delta": 7137,
                "node": "9",
                "reporter": "28"
            },
            {
                "delta": 7148,
                "node": "9",
                "reporter": "4"
            },
            {
                "delta": 7156,
                "node": "15",
                "reporter": "12"
            },
            {
                "delta": 7156,
                "node": "7",
                "reporter": "12"
            },
            {
                "delta": 7156,
                "node": "10",
                "reporter": "12"
            },
            {
                "delta": 7156,
                "node": "6",
                "reporter": "12"
            },
            {
                "delta": 7156,
                "node": "13",
                "reporter": "12"
            },
            {
                "delta": 7156,
                "node": "23",
                "reporter": "12"
            },
            {
                "delta": 7156,
                "node": "1",
                "reporter": "12"
            },
            {
                "delta": 7156,
                "node": "4",
                "reporter": "12"
            },
            {
                "delta": 7156,
                "node": "30",
                "reporter": "12"
            },
            {
                "delta": 7156,
                "node": "25",
                "reporter": "12"
            },
            {
                "delta": 7156,
                "node": "5",
                "reporter": "12"
            },
            {
                "delta": 7156,
                "node": "11",
                "reporter": "12"
            },
            {
                "delta": 7156,
                "node": "29",
                "reporter": "12"
            },
            {
                "delta": 7156,
                "node": "3",
                "reporter": "12"
            },
            {
                "delta": 7156,
                "node": "8",
                "reporter": "12"
            },
            {
                "delta": 7157,
                "node": "20",
                "reporter": "12"
            },
            {
                "delta": 7157,
                "node": "18",
                "reporter": "12"
            },
            {
                "delta": 7157,
                "node": "16",
                "reporter": "12"
            },
            {
                "delta": 7157,
                "node": "9",
                "reporter": "18"
            },
            {
                "delta": 7163,
                "node": "9",
                "reporter": "1"
            },
            {
                "delta": 7172,
                "node": "9",
                "reporter": "20"
            },
            {
                "delta": 7229,
                "node": "10",
                "reporter": "17"
            },
            {
                "delta": 7229,
                "node": "6",
                "reporter": "17"
            },
            {
                "delta": 7229,
                "node": "26",
                "reporter": "17"
            },
            {
                "delta": 7229,
                "node": "13",
                "reporter": "17"
            },
            {
                "delta": 7229,
                "node": "21",
                "reporter": "17"
            },
            {
                "delta": 7229,
                "node": "9",
                "reporter": "17"
            },
            {
                "delta": 7229,
                "node": "8",
                "reporter": "17"
            },
            {
                "delta": 7229,
                "node": "20",
                "reporter": "17"
            },
            {
                "delta": 7229,
                "node": "18",
                "reporter": "17"
            },
            {
                "delta": 7229,
                "node": "16",
                "reporter": "17"
            },
            {
                "delta": 7229,
                "node": "24",
                "reporter": "17"
            },
            {
                "delta": 7229,
                "node": "27",
                "reporter": "17"
            },
            {
                "delta": 7229,
                "node": "28",
                "reporter": "17"
            },
            {
                "delta": 7229,
                "node": "22",
                "reporter": "17"
            },
            {
                "delta": 7244,
                "node": "29",
                "reporter": "17"
            },
            {
                "delta": 7244,
                "node": "3",
                "reporter": "17"
            },
            {
                "delta": 7244,
                "node": "5",
                "reporter": "17"
            },
            {
                "delta": 8451,
                "node": "28",
                "reporter": "9"
            },
            {
                "delta": 9041,
                "node": "19",
                "reporter": "9"
            },
            {
                "delta": 9042,
                "node": "23",
                "reporter": "9"
            },
            {
                "delta": 9043,
                "node": "18",
                "reporter": "9"
            },
            {
                "delta": 9043,
                "node": "29",
                "reporter": "9"
            },
            {
                "delta": 9043,
                "node": "26",
                "reporter": "9"
            },
            {
                "delta": 9043,
                "node": "13",
                "reporter": "9"
            },
            {
                "delta": 9043,
                "node": "27",
                "reporter": "9"
            },
            {
                "delta": 9044,
                "node": "3",
                "reporter": "9"
            },
            {
                "delta": 9051,
                "node": "8",
                "reporter": "9"
            },
            {
                "delta": 9051,
                "node": "20",
                "reporter": "9"
            },
            {
                "delta": 9189,
                "node": "14",
                "reporter": "9"
            },
            {
                "delta": 9189,
                "node": "7",
                "reporter": "9"
            },
            {
                "delta": 9189,
                "node": "25",
                "reporter": "9"
            },
            {
                "delta": 9189,
                "node": "5",
                "reporter": "9"
            },
            {
                "delta": 9189,
                "node": "24",
                "reporter": "9"
            },
            {
                "delta": 9189,
                "node": "2",
                "reporter": "9"
            },
            {
                "delta": 9189,
                "node": "4",
                "reporter": "9"
            },
            {
                "delta": 9189,
                "node": "16",
                "reporter": "9"
            },
            {
                "delta": 9189,
                "node": "15",
                "reporter": "9"
            },
            {
                "delta": 9189,
                "node": "30",
                "reporter": "9"
            },
            {
                "delta": 9189,
                "node": "22",
                "reporter": "9"
            },
            {
                "delta": 9189,
                "node": "21",
                "reporter": "9"
            },
            {
                "delta": 9189,
                "node": "10",
                "reporter": "9"
            },
            {
                "delta": 9189,
                "node": "11",
                "reporter": "9"
            },
            {
                "delta": 9204,
                "node": "6",
                "reporter": "9"
            },
            {
                "delta": 9204,
                "node": "1",
                "reporter": "9"
            },
            {
                "delta": 19449,
                "node": "13",
                "reporter": "15"
            },
            {
                "delta": 22110,
                "node": "15",
                "reporter": "4"
            },
            {
                "delta": 22244,
                "node": "15",
                "reporter": "6"
            },
            {
                "delta": 22379,
                "node": "15",
                "reporter": "25"
            },
            {
                "delta": 22398,
                "node": "15",
                "reporter": "28"
            },
            {
                "delta": 22527,
                "node": "15",
                "reporter": "16"
            },
            {
                "delta": 22606,
                "node": "15",
                "reporter": "14"
            },
            {
                "delta": 22637,
                "node": "15",
                "reporter": "30"
            },
            {
                "delta": 22755,
                "node": "15",
                "reporter": "23"
            },
            {
                "delta": 22799,
                "node": "15",
                "reporter": "2"
            },
            {
                "delta": 22845,
                "node": "15",
                "reporter": "5"
            },
            {
                "delta": 22866,
                "node": "15",
                "reporter": "22"
            },
            {
                "delta": 22883,
                "node": "15",
                "reporter": "10"
            },
            {
                "delta": 22914,
                "node": "15",
                "reporter": "1"
            },
            {
                "delta": 22963,
                "node": "15",
                "reporter": "13"
            },
            {
                "delta": 22997,
                "node": "15",
                "reporter": "7"
            },
            {
                "delta": 23025,
                "node": "15",
                "reporter": "3"
            },
            {
                "delta": 23081,
                "node": "15",
                "reporter": "27"
            },
            {
                "delta": 23098,
                "node": "15",
                "reporter": "11"
            },
            {
                "delta": 23332,
                "node": "15",
                "reporter": "21"
            },
            {
                "delta": 23350,
                "node": "15",
                "reporter": "26"
            },
            {
                "delta": 23388,
                "node": "15",
                "reporter": "24"
            },
            {
                "delta": 23402,
                "node": "15",
                "reporter": "8"
            },
            {
                "delta": 23456,
                "node": "15",
                "reporter": "29"
            },
            {
                "delta": 23557,
                "node": "15",
                "reporter": "18"
            },
            {
                "delta": 23564,
                "node": "15",
                "reporter": "19"
            },
            {
                "delta": 23660,
                "node": "8",
                "reporter": "15"
            },
            {
                "delta": 23868,
                "node": "29",
                "reporter": "15"
            },
            {
                "delta": 23869,
                "node": "7",
                "reporter": "15"
            },
            {
                "delta": 23870,
                "node": "22",
                "reporter": "15"
            },
            {
                "delta": 23912,
                "node": "15",
                "reporter": "20"
            },
            {
                "delta": 24078,
                "node": "30",
                "reporter": "15"
            },
            {
                "delta": 24117,
                "node": "1",
                "reporter": "15"
            },
            {
                "delta": 24117,
                "node": "24",
                "reporter": "15"
            },
            {
                "delta": 24118,
                "node": "3",
                "reporter": "15"
            },
            {
                "delta": 24928,
                "node": "6",
                "reporter": "15"
            },
            {
                "delta": 24929,
                "node": "19",
                "reporter": "15"
            },
            {
                "delta": 24929,
                "node": "23",
                "reporter": "15"
            },
            {
                "delta": 24929,
                "node": "20",
                "reporter": "15"
            },
            {
                "delta": 24929,
                "node": "18",
                "reporter": "15"
            },
            {
                "delta": 24929,
                "node": "2",
                "reporter": "15"
            },
            {
                "delta": 24929,
                "node": "4",
                "reporter": "15"
            },
            {
                "delta": 24929,
                "node": "16",
                "reporter": "15"
            },
            {
                "delta": 24930,
                "node": "14",
                "reporter": "15"
            },
            {
                "delta": 24930,
                "node": "26",
                "reporter": "15"
            },
            {
                "delta": 25179,
                "node": "27",
                "reporter": "15"
            },
            {
                "delta": 25179,
                "node": "21",
                "reporter": "15"
            },
            {
                "delta": 25179,
                "node": "28",
                "reporter": "15"
            },
            {
                "delta": 25179,
                "node": "10",
                "reporter": "15"
            },
            {
                "delta": 25179,
                "node": "11",
                "reporter": "15"
            },
            {
                "delta": 25179,
                "node": "25",
                "reporter": "15"
            },
            {
                "delta": 25179,
                "node": "5",
                "reporter": "15"
            },
            {
                "delta": 33947,
                "node": "27",
                "reporter": "14"
            },
            {
                "delta": 34253,
                "node": "27",
                "reporter": "1"
            },
            {
                "delta": 34334,
                "node": "27",
                "reporter": "10"
            },
            {
                "delta": 34431,
                "node": "27",
                "reporter": "8"
            },
            {
                "delta": 34444,
                "node": "27",
                "reporter": "6"
            },
            {
                "delta": 34539,
                "node": "27",
                "reporter": "25"
            },
            {
                "delta": 34585,
                "node": "27",
                "reporter": "29"
            },
            {
                "delta": 34685,
                "node": "27",
                "reporter": "3"
            },
            {
                "delta": 34695,
                "node": "27",
                "reporter": "19"
            },
            {
                "delta": 34697,
                "node": "27",
                "reporter": "7"
            },
            {
                "delta": 34701,
                "node": "27",
                "reporter": "26"
            },
            {
                "delta": 34775,
                "node": "27",
                "reporter": "23"
            },
            {
                "delta": 34838,
                "node": "27",
                "reporter": "11"
            },
            {
                "delta": 34887,
                "node": "27",
                "reporter": "30"
            },
            {
                "delta": 35036,
                "node": "27",
                "reporter": "22"
            },
            {
                "delta": 35037,
                "node": "27",
                "reporter": "28"
            },
            {
                "delta": 35049,
                "node": "27",
                "reporter": "2"
            },
            {
                "delta": 35063,
                "node": "27",
                "reporter": "13"
            },
            {
                "delta": 35146,
                "node": "27",
                "reporter": "5"
            },
            {
                "delta": 35147,
                "node": "27",
                "reporter": "16"
            },
            {
                "delta": 35209,
                "node": "27",
                "reporter": "24"
            },
            {
                "delta": 35257,
                "node": "27",
                "reporter": "18"
            },
            {
                "delta": 35410,
                "node": "27",
                "reporter": "4"
            },
            {
                "delta": 35722,
                "node": "27",
                "reporter": "21"
            },
            {
                "delta": 35782,
                "node": "27",
                "reporter": "20"
            },
            {
                "delta": 38515,
                "node": "10",
                "reporter": "23"
            },
            {
                "delta": 38703,
                "node": "10",
                "reporter": "21"
            },
            {
                "delta": 38724,
                "node": "10",
                "reporter": "6"
            },
            {
                "delta": 38897,
                "node": "10",
                "reporter": "28"
            },
            {
                "delta": 38919,
                "node": "10",
                "reporter": "11"
            },
            {
                "delta": 38986,
                "node": "10",
                "reporter": "29"
            },
            {
                "delta": 39141,
                "node": "10",
                "reporter": "30"
            },
            {
                "delta": 39180,
                "node": "10",
                "reporter": "2"
            },
            {
                "delta": 39243,
                "node": "10",
                "reporter": "13"
            },
            {
                "delta": 39267,
                "node": "10",
                "reporter": "16"
            },
            {
                "delta": 39314,
                "node": "10",
                "reporter": "1"
            },
            {
                "delta": 39356,
                "node": "10",
                "reporter": "14"
            },
            {
                "delta": 39398,
                "node": "10",
                "reporter": "25"
            },
            {
                "delta": 39412,
                "node": "10",
                "reporter": "20"
            },
            {
                "delta": 39457,
                "node": "10",
                "reporter": "7"
            },
            {
                "delta": 39520,
                "node": "10",
                "reporter": "26"
            },
            {
                "delta": 39556,
                "node": "10",
                "reporter": "5"
            },
            {
                "delta": 39581,
                "node": "10",
                "reporter": "8"
            },
            {
                "delta": 39598,
                "node": "10",
                "reporter": "24"
            },
            {
                "delta": 39746,
                "node": "10",
                "reporter": "22"
            },
            {
                "delta": 39774,
                "node": "10",
                "reporter": "19"
            },
            {
                "delta": 39775,
                "node": "10",
                "reporter": "3"
            },
            {
                "delta": 39789,
                "node": "10",
                "reporter": "18"
            },
            {
                "delta": 39850,
                "node": "10",
                "reporter": "4"
            },
            {
                "delta": 40184,
                "node": "28",
                "reporter": "10"
            },
            {
                "delta": 40413,
                "node": "3",
                "reporter": "10"
            },
            {
                "delta": 40624,
                "node": "8",
                "reporter": "10"
            },
            {
                "delta": 40624,
                "node": "1",
                "reporter": "10"
            },
            {
                "delta": 40624,
                "node": "7",
                "reporter": "10"
            },
            {
                "delta": 40713,
                "node": "6",
                "reporter": "10"
            },
            {
                "delta": 40714,
                "node": "2",
                "reporter": "10"
            },
            {
                "delta": 40714,
                "node": "4",
                "reporter": "10"
            },
            {
                "delta": 40714,
                "node": "16",
                "reporter": "10"
            },
            {
                "delta": 40714,
                "node": "14",
                "reporter": "10"
            },
            {
                "delta": 40714,
                "node": "13",
                "reporter": "10"
            },
            {
                "delta": 40714,
                "node": "11",
                "reporter": "10"
            },
            {
                "delta": 40714,
                "node": "5",
                "reporter": "10"
            },
            {
                "delta": 40923,
                "node": "19",
                "reporter": "10"
            },
            {
                "delta": 40924,
                "node": "23",
                "reporter": "10"
            },
            {
                "delta": 40924,
                "node": "24",
                "reporter": "10"
            },
            {
                "delta": 40924,
                "node": "20",
                "reporter": "10"
            },
            {
                "delta": 40924,
                "node": "18",
                "reporter": "10"
            },
            {
                "delta": 40924,
                "node": "29",
                "reporter": "10"
            },
            {
                "delta": 40924,
                "node": "26",
                "reporter": "10"
            },
            {
                "delta": 40925,
                "node": "30",
                "reporter": "10"
            },
            {
                "delta": 40925,
                "node": "22",
                "reporter": "10"
            },
            {
                "delta": 40925,
                "node": "21",
                "reporter": "10"
            },
            {
                "delta": 40925,
                "node": "25",
                "reporter": "10"
            },
            {
                "delta": 60252,
                "node": "5",
                "reporter": "21"
            },
            {
                "delta": 60502,
                "node": "5",
                "reporter": "20"
            },
            {
                "delta": 60570,
                "node": "5",
                "reporter": "2"
            },
            {
                "delta": 60733,
                "node": "30",
                "reporter": "21"
            },
            {
                "delta": 60733,
                "node": "7",
                "reporter": "21"
            },
            {
                "delta": 60733,
                "node": "25",
                "reporter": "21"
            },
            {
                "delta": 60747,
                "node": "5",
                "reporter": "18"
            },
            {
                "delta": 60842,
                "node": "5",
                "reporter": "8"
            },
            {
                "delta": 60842,
                "node": "6",
                "reporter": "21"
            },
            {
                "delta": 60862,
                "node": "3",
                "reporter": "21"
            },
            {
                "delta": 60937,
                "node": "5",
                "reporter": "28"
            },
            {
                "delta": 60954,
                "node": "5",
                "reporter": "6"
            },
            {
                "delta": 61004,
                "node": "5",
                "reporter": "1"
            },
            {
                "delta": 61006,
                "node": "5",
                "reporter": "22"
            },
            {
                "delta": 61169,
                "node": "5",
                "reporter": "30"
            },
            {
                "delta": 61171,
                "node": "5",
                "reporter": "4"
            },
            {
                "delta": 61186,
                "node": "5",
                "reporter": "7"
            },
            {
                "delta": 61355,
                "node": "5",
                "reporter": "19"
            },
            {
                "delta": 61379,
                "node": "5",
                "reporter": "25"
            },
            {
                "delta": 61411,
                "node": "5",
                "reporter": "26"
            },
            {
                "delta": 61428,
                "node": "5",
                "reporter": "11"
            },
            {
                "delta": 61455,
                "node": "14",
                "reporter": "5"
            },
            {
                "delta": 61516,
                "node": "5",
                "reporter": "14"
            },
            {
                "delta": 61556,
                "node": "5",
                "reporter": "29"
            },
            {
                "delta": 61616,
                "node": "3",
                "reporter": "5"
            },
            {
                "delta": 61649,
                "node": "5",
                "reporter": "24"
            },
            {
                "delta": 61675,
                "node": "5",
                "reporter": "23"
            },
            {
                "delta": 61704,
                "node": "5",
                "reporter": "13"
            },
            {
                "delta": 61815,
                "node": "21",
                "reporter": "5"
            },
            {
                "delta": 61815,
                "node": "20",
                "reporter": "5"
            },
            {
                "delta": 61815,
                "node": "26",
                "reporter": "5"
            },
            {
                "delta": 61905,
                "node": "5",
                "reporter": "3"
            },
            {
                "delta": 61967,
                "node": "5",
                "reporter": "16"
            },
            {
                "delta": 62355,
                "node": "21",
                "reporter": "29"
            },
            {
                "delta": 62496,
                "node": "6",
                "reporter": "5"
            },
            {
                "delta": 62496,
                "node": "30",
                "reporter": "5"
            },
            {
                "delta": 62496,
                "node": "19",
                "reporter": "5"
            },
            {
                "delta": 62496,
                "node": "8",
                "reporter": "5"
            },
            {
                "delta": 62497,
                "node": "7",
                "reporter": "5"
            },
            {
                "delta": 62497,
                "node": "23",
                "reporter": "5"
            },
            {
                "delta": 62497,
                "node": "22",
                "reporter": "5"
            },
            {
                "delta": 62497,
                "node": "13",
                "reporter": "5"
            },
            {
                "delta": 62498,
                "node": "1",
                "reporter": "5"
            },
            {
                "delta": 62499,
                "node": "24",
                "reporter": "5"
            },
            {
                "delta": 62519,
                "node": "21",
                "reporter": "25"
            },
            {
                "delta": 62570,
                "node": "21",
                "reporter": "2"
            },
            {
                "delta": 62679,
                "node": "28",
                "reporter": "5"
            },
            {
                "delta": 62679,
                "node": "2",
                "reporter": "5"
            },
            {
                "delta": 62679,
                "node": "18",
                "reporter": "5"
            },
            {
                "delta": 62679,
                "node": "4",
                "reporter": "5"
            },
            {
                "delta": 62679,
                "node": "11",
                "reporter": "5"
            },
            {
                "delta": 62679,
                "node": "25",
                "reporter": "5"
            },
            {
                "delta": 62679,
                "node": "16",
                "reporter": "5"
            },
            {
                "delta": 62679,
                "node": "29",
                "reporter": "5"
            },
            {
                "delta": 62718,
                "node": "21",
                "reporter": "11"
            },
            {
                "delta": 62874,
                "node": "21",
                "reporter": "20"
            },
            {
                "delta": 62904,
                "node": "21",
                "reporter": "19"
            },
            {
                "delta": 62997,
                "node": "21",
                "reporter": "18"
            },
            {
                "delta": 63136,
                "node": "21",
                "reporter": "14"
            },
            {
                "delta": 63152,
                "node": "21",
                "reporter": "8"
            },
            {
                "delta": 63154,
                "node": "21",
                "reporter": "6"
            },
            {
                "delta": 63251,
                "node": "21",
                "reporter": "26"
            },
            {
                "delta": 63270,
                "node": "21",
                "reporter": "4"
            },
            {
                "delta": 63309,
                "node": "21",
                "reporter": "30"
            },
            {
                "delta": 63337,
                "node": "21",
                "reporter": "28"
            },
            {
                "delta": 63358,
                "node": "21",
                "reporter": "7"
            },
            {
                "delta": 63366,
                "node": "21",
                "reporter": "23"
            },
            {
                "delta": 63394,
                "node": "21",
                "reporter": "1"
            },
            {
                "delta": 63415,
                "node": "21",
                "reporter": "3"
            },
            {
                "delta": 63493,
                "node": "21",
                "reporter": "13"
            },
            {
                "delta": 63517,
                "node": "21",
                "reporter": "16"
            },
            {
                "delta": 63559,
                "node": "21",
                "reporter": "24"
            },
            {
                "delta": 63987,
                "node": "21",
                "reporter": "22"
            },
            {
                "delta": 64133,
                "node": "24",
                "reporter": "21"
            },
            {
                "delta": 64133,
                "node": "18",
                "reporter": "21"
            },
            {
                "delta": 64133,
                "node": "14",
                "reporter": "21"
            },
            {
                "delta": 64263,
                "node": "1",
                "reporter": "21"
            },
            {
                "delta": 64492,
                "node": "23",
                "reporter": "21"
            },
            {
                "delta": 64492,
                "node": "13",
                "reporter": "21"
            },
            {
                "delta": 64493,
                "node": "28",
                "reporter": "21"
            },
            {
                "delta": 64493,
                "node": "4",
                "reporter": "21"
            },
            {
                "delta": 64493,
                "node": "20",
                "reporter": "21"
            },
            {
                "delta": 64493,
                "node": "16",
                "reporter": "21"
            },
            {
                "delta": 64493,
                "node": "26",
                "reporter": "21"
            },
            {
                "delta": 64512,
                "node": "19",
                "reporter": "21"
            },
            {
                "delta": 64512,
                "node": "11",
                "reporter": "21"
            },
            {
                "delta": 64643,
                "node": "8",
                "reporter": "21"
            },
            {
                "delta": 64643,
                "node": "22",
                "reporter": "21"
            },
            {
                "delta": 64643,
                "node": "2",
                "reporter": "21"
            },
            {
                "delta": 64643,
                "node": "29",
                "reporter": "21"
            },
            {
                "delta": 72174,
                "node": "25",
                "reporter": "20"
            },
            {
                "delta": 72415,
                "node": "25",
                "reporter": "23"
            },
            {
                "delta": 72511,
                "node": "25",
                "reporter": "26"
            },
            {
                "delta": 72692,
                "node": "25",
                "reporter": "28"
            },
            {
                "delta": 72694,
                "node": "25",
                "reporter": "19"
            },
            {
                "delta": 72726,
                "node": "25",
                "reporter": "22"
            },
            {
                "delta": 72746,
                "node": "25",
                "reporter": "14"
            },
            {
                "delta": 72749,
                "node": "25",
                "reporter": "2"
            },
            {
                "delta": 72787,
                "node": "25",
                "reporter": "16"
            },
            {
                "delta": 72847,
                "node": "25",
                "reporter": "30"
            },
            {
                "delta": 72924,
                "node": "25",
                "reporter": "6"
            },
            {
                "delta": 72943,
                "node": "25",
                "reporter": "13"
            },
            {
                "delta": 73215,
                "node": "25",
                "reporter": "3"
            },
            {
                "delta": 73215,
                "node": "25",
                "reporter": "29"
            },
            {
                "delta": 73219,
                "node": "25",
                "reporter": "24"
            },
            {
                "delta": 73260,
                "node": "25",
                "reporter": "4"
            },
            {
                "delta": 73319,
                "node": "25",
                "reporter": "7"
            },
            {
                "delta": 73335,
                "node": "25",
                "reporter": "8"
            },
            {
                "delta": 73403,
                "node": "25",
                "reporter": "1"
            },
            {
                "delta": 73477,
                "node": "25",
                "reporter": "18"
            },
            {
                "delta": 73609,
                "node": "25",
                "reporter": "11"
            },
            {
                "delta": 74099,
                "node": "8",
                "reporter": "25"
            },
            {
                "delta": 74100,
                "node": "7",
                "reporter": "25"
            },
            {
                "delta": 74100,
                "node": "4",
                "reporter": "25"
            },
            {
                "delta": 74100,
                "node": "2",
                "reporter": "25"
            },
            {
                "delta": 74100,
                "node": "20",
                "reporter": "25"
            },
            {
                "delta": 74100,
                "node": "16",
                "reporter": "25"
            },
            {
                "delta": 74109,
                "node": "22",
                "reporter": "25"
            },
            {
                "delta": 74419,
                "node": "1",
                "reporter": "25"
            },
            {
                "delta": 74419,
                "node": "24",
                "reporter": "25"
            },
            {
                "delta": 74419,
                "node": "18",
                "reporter": "25"
            },
            {
                "delta": 74419,
                "node": "26",
                "reporter": "25"
            },
            {
                "delta": 74568,
                "node": "6",
                "reporter": "25"
            },
            {
                "delta": 74569,
                "node": "30",
                "reporter": "25"
            },
            {
                "delta": 74569,
                "node": "19",
                "reporter": "25"
            },
            {
                "delta": 74569,
                "node": "23",
                "reporter": "25"
            },
            {
                "delta": 74569,
                "node": "13",
                "reporter": "25"
            },
            {
                "delta": 74571,
                "node": "28",
                "reporter": "25"
            },
            {
                "delta": 74571,
                "node": "3",
                "reporter": "25"
            },
            {
                "delta": 74571,
                "node": "11",
                "reporter": "25"
            },
            {
                "delta": 74571,
                "node": "29",
                "reporter": "25"
            },
            {
                "delta": 74571,
                "node": "14",
                "reporter": "25"
            },
            {
                "delta": 78818,
                "node": "22",
                "reporter": "11"
            },
            {
                "delta": 79127,
                "node": "22",
                "reporter": "14"
            },
            {
                "delta": 79188,
                "node": "22",
                "reporter": "16"
            },
            {
                "delta": 79402,
                "node": "22",
                "reporter": "20"
            },
            {
                "delta": 79423,
                "node": "22",
                "reporter": "1"
            },
            {
                "delta": 79494,
                "node": "22",
                "reporter": "23"
            },
            {
                "delta": 79534,
                "node": "22",
                "reporter": "8"
            },
            {
                "delta": 79550,
                "node": "22",
                "reporter": "2"
            },
            {
                "delta": 79559,
                "node": "22",
                "reporter": "24"
            },
            {
                "delta": 79725,
                "node": "22",
                "reporter": "29"
            },
            {
                "delta": 79840,
                "node": "22",
                "reporter": "4"
            },
            {
                "delta": 79874,
                "node": "22",
                "reporter": "19"
            },
            {
                "delta": 79890,
                "node": "22",
                "reporter": "26"
            },
            {
                "delta": 79904,
                "node": "22",
                "reporter": "3"
            },
            {
                "delta": 80036,
                "node": "22",
                "reporter": "7"
            },
            {
                "delta": 80064,
                "node": "22",
                "reporter": "6"
            },
            {
                "delta": 80067,
                "node": "22",
                "reporter": "18"
            },
            {
                "delta": 80357,
                "node": "22",
                "reporter": "28"
            },
            {
                "delta": 80363,
                "node": "22",
                "reporter": "13"
            },
            {
                "delta": 80649,
                "node": "30",
                "reporter": "11"
            },
            {
                "delta": 80775,
                "node": "30",
                "reporter": "29"
            },
            {
                "delta": 80779,
                "node": "30",
                "reporter": "2"
            },
            {
                "delta": 80808,
                "node": "22",
                "reporter": "30"
            },
            {
                "delta": 80923,
                "node": "30",
                "reporter": "13"
            },
            {
                "delta": 81006,
                "node": "30",
                "reporter": "22"
            },
            {
                "delta": 81007,
                "node": "8",
                "reporter": "22"
            },
            {
                "delta": 81007,
                "node": "2",
                "reporter": "22"
            },
            {
                "delta": 81007,
                "node": "29",
                "reporter": "22"
            },
            {
                "delta": 81106,
                "node": "19",
                "reporter": "22"
            },
            {
                "delta": 81106,
                "node": "1",
                "reporter": "22"
            },
            {
                "delta": 81106,
                "node": "16",
                "reporter": "22"
            },
            {
                "delta": 81116,
                "node": "6",
                "reporter": "22"
            },
            {
                "delta": 81116,
                "node": "28",
                "reporter": "22"
            },
            {
                "delta": 81128,
                "node": "30",
                "reporter": "24"
            },
            {
                "delta": 81176,
                "node": "4",
                "reporter": "22"
            },
            {
                "delta": 81206,
                "node": "23",
                "reporter": "22"
            },
            {
                "delta": 81206,
                "node": "13",
                "reporter": "22"
            },
            {
                "delta": 81206,
                "node": "20",
                "reporter": "22"
            },
            {
                "delta": 81206,
                "node": "11",
                "reporter": "22"
            },
            {
                "delta": 81206,
                "node": "14",
                "reporter": "22"
            },
            {
                "delta": 81207,
                "node": "30",
                "reporter": "18"
            },
            {
                "delta": 81236,
                "node": "7",
                "reporter": "22"
            },
            {
                "delta": 81236,
                "node": "24",
                "reporter": "22"
            },
            {
                "delta": 81236,
                "node": "18",
                "reporter": "22"
            },
            {
                "delta": 81236,
                "node": "3",
                "reporter": "22"
            },
            {
                "delta": 81236,
                "node": "26",
                "reporter": "22"
            },
            {
                "delta": 81260,
                "node": "30",
                "reporter": "4"
            },
            {
                "delta": 81410,
                "node": "30",
                "reporter": "26"
            },
            {
                "delta": 81514,
                "node": "30",
                "reporter": "19"
            },
            {
                "delta": 81545,
                "node": "30",
                "reporter": "23"
            },
            {
                "delta": 81594,
                "node": "30",
                "reporter": "8"
            },
            {
                "delta": 81624,
                "node": "30",
                "reporter": "6"
            },
            {
                "delta": 81636,
                "node": "30",
                "reporter": "14"
            },
            {
                "delta": 81872,
                "node": "30",
                "reporter": "20"
            },
            {
                "delta": 82005,
                "node": "30",
                "reporter": "3"
            },
            {
                "delta": 82027,
                "node": "30",
                "reporter": "28"
            },
            {
                "delta": 82127,
                "node": "30",
                "reporter": "16"
            },
            {
                "delta": 82327,
                "node": "30",
                "reporter": "7"
            },
            {
                "delta": 82363,
                "node": "30",
                "reporter": "1"
            },
            {
                "delta": 82428,
                "node": "4",
                "reporter": "30"
            },
            {
                "delta": 82798,
                "node": "6",
                "reporter": "30"
            },
            {
                "delta": 82798,
                "node": "23",
                "reporter": "30"
            },
            {
                "delta": 82798,
                "node": "1",
                "reporter": "30"
            },
            {
                "delta": 82798,
                "node": "28",
                "reporter": "30"
            },
            {
                "delta": 82799,
                "node": "2",
                "reporter": "30"
            },
            {
                "delta": 82799,
                "node": "18",
                "reporter": "30"
            },
            {
                "delta": 82799,
                "node": "29",
                "reporter": "30"
            },
            {
                "delta": 82958,
                "node": "8",
                "reporter": "30"
            },
            {
                "delta": 82958,
                "node": "7",
                "reporter": "30"
            },
            {
                "delta": 82958,
                "node": "13",
                "reporter": "30"
            },
            {
                "delta": 82958,
                "node": "24",
                "reporter": "30"
            },
            {
                "delta": 83237,
                "node": "19",
                "reporter": "30"
            },
            {
                "delta": 83237,
                "node": "20",
                "reporter": "30"
            },
            {
                "delta": 83237,
                "node": "3",
                "reporter": "30"
            },
            {
                "delta": 83238,
                "node": "11",
                "reporter": "30"
            },
            {
                "delta": 83238,
                "node": "16",
                "reporter": "30"
            },
            {
                "delta": 83238,
                "node": "14",
                "reporter": "30"
            },
            {
                "delta": 83238,
                "node": "26",
                "reporter": "30"
            }
        ]
    }
}