
{
    "id": "00190",
    "seed": 42,
    "repetition": 0,
    "settings": {
        "simulate_catastrophe": false,
        "number_of_nodes": 30,
        "duration": 120000,
        "gossip_delta": 200,
        "failure_delta": 1400,
        "miss_delta": 1400,
        "push_pull": false,
        "pick_strategy": 1,
        "enable_multicast": true,
        "multicast_parameter": 1.0,
        "multicast_max_wait": 2800,
        "expected_first_multicast": 933
    },
    "result": {
        "start_time": 1500739043007,
        "end_time": 1500739163016,
        "expected_crashes": [
            {
                "delta": 31130,
                "node": "27"
            }
        ],
        "reported_crashes": [
            {
                "delta": 7021,
                "node": "18",
                "reporter": "20"
            },
            {
                "delta": 7026,
                "node": "18",
                "reporter": "30"
            },
            {
                "delta": 7036,
                "node": "18",
                "reporter": "16"
            },
            {
                "delta": 7037,
                "node": "18",
                "reporter": "25"
            },
            {
                "delta": 7039,
                "node": "18",
                "reporter": "2"
            },
            {
                "delta": 7042,
                "node": "18",
                "reporter": "10"
            },
            {
                "delta": 7056,
                "node": "18",
                "reporter": "11"
            },
            {
                "delta": 7081,
                "node": "18",
                "reporter": "26"
            },
            {
                "delta": 7083,
                "node": "18",
                "reporter": "1"
            },
            {
                "delta": 7090,
                "node": "18",
                "reporter": "8"
            },
            {
                "delta": 7098,
                "node": "18",
                "reporter": "22"
            },
            {
                "delta": 7115,
                "node": "18",
                "reporter": "24"
            },
            {
                "delta": 7121,
                "node": "18",
                "reporter": "13"
            },
            {
                "delta": 7122,
                "node": "18",
                "reporter": "17"
            },
            {
                "delta": 7131,
                "node": "18",
                "reporter": "23"
            },
            {
                "delta": 7144,
                "node": "18",
                "reporter": "7"
            },
            {
                "delta": 7149,
                "node": "18",
                "reporter": "27"
            },
            {
                "delta": 7152,
                "node": "18",
                "reporter": "12"
            },
            {
                "delta": 7152,
                "node": "18",
                "reporter": "9"
            },
            {
                "delta": 7153,
                "node": "18",
                "reporter": "19"
            },
            {
                "delta": 7162,
                "node": "18",
                "reporter": "6"
            },
            {
                "delta": 7164,
                "node": "18",
                "reporter": "14"
            },
            {
                "delta": 7170,
                "node": "18",
                "reporter": "29"
            },
            {
                "delta": 7171,
                "node": "18",
                "reporter": "21"
            },
            {
                "delta": 7177,
                "node": "18",
                "reporter": "15"
            },
            {
                "delta": 7183,
                "node": "18",
                "reporter": "28"
            },
            {
                "delta": 7193,
                "node": "18",
                "reporter": "3"
            },
            {
                "delta": 7198,
                "node": "18",
                "reporter": "4"
            },
            {
                "delta": 7203,
                "node": "18",
                "reporter": "5"
            },
            {
                "delta": 8122,
                "node": "17",
                "reporter": "18"
            },
            {
                "delta": 8262,
                "node": "10",
                "reporter": "18"
            },
            {
                "delta": 8482,
                "node": "11",
                "reporter": "18"
            },
            {
                "delta": 8622,
                "node": "5",
                "reporter": "18"
            },
            {
                "delta": 9052,
                "node": "8",
                "reporter": "18"
            },
            {
                "delta": 9052,
                "node": "23",
                "reporter": "18"
            },
            {
                "delta": 9053,
                "node": "24",
                "reporter": "18"
            },
            {
                "delta": 9053,
                "node": "16",
                "reporter": "18"
            },
            {
                "delta": 9053,
                "node": "15",
                "reporter": "18"
            },
            {
                "delta": 9053,
                "node": "9",
                "reporter": "18"
            },
            {
                "delta": 9142,
                "node": "2",
                "reporter": "18"
            },
            {
                "delta": 9142,
                "node": "13",
                "reporter": "18"
            },
            {
                "delta": 9142,
                "node": "28",
                "reporter": "18"
            },
            {
                "delta": 9182,
                "node": "29",
                "reporter": "18"
            },
            {
                "delta": 9200,
                "node": "27",
                "reporter": "18"
            },
            {
                "delta": 9200,
                "node": "6",
                "reporter": "18"
            },
            {
                "delta": 9200,
                "node": "19",
                "reporter": "18"
            },
            {
                "delta": 9201,
                "node": "1",
                "reporter": "18"
            },
            {
                "delta": 9201,
                "node": "20",
                "reporter": "18"
            },
            {
                "delta": 9201,
                "node": "12",
                "reporter": "18"
            },
            {
                "delta": 9201,
                "node": "14",
                "reporter": "18"
            },
            {
                "delta": 9201,
                "node": "30",
                "reporter": "18"
            },
            {
                "delta": 9201,
                "node": "7",
                "reporter": "18"
            },
            {
                "delta": 9201,
                "node": "22",
                "reporter": "18"
            },
            {
                "delta": 9201,
                "node": "21",
                "reporter": "18"
            },
            {
                "delta": 9201,
                "node": "3",
                "reporter": "18"
            },
            {
                "delta": 9201,
                "node": "25",
                "reporter": "18"
            },
            {
                "delta": 9232,
                "node": "4",
                "reporter": "18"
            },
            {
                "delta": 9232,
                "node": "26",
                "reporter": "18"
            },
            {
                "delta": 18129,
                "node": "12",
                "reporter": "9"
            },
            {
                "delta": 18330,
                "node": "12",
                "reporter": "21"
            },
            {
                "delta": 18353,
                "node": "12",
                "reporter": "17"
            },
            {
                "delta": 18361,
                "node": "12",
                "reporter": "26"
            },
            {
                "delta": 18565,
                "node": "12",
                "reporter": "7"
            },
            {
                "delta": 18603,
                "node": "12",
                "reporter": "28"
            },
            {
                "delta": 18625,
                "node": "12",
                "reporter": "24"
            },
            {
                "delta": 18693,
                "node": "12",
                "reporter": "3"
            },
            {
                "delta": 18710,
                "node": "12",
                "reporter": "27"
            },
            {
                "delta": 18713,
                "node": "12",
                "reporter": "19"
            },
            {
                "delta": 18766,
                "node": "12",
                "reporter": "30"
            },
            {
                "delta": 18791,
                "node": "12",
                "reporter": "20"
            },
            {
                "delta": 18816,
                "node": "12",
                "reporter": "16"
            },
            {
                "delta": 18817,
                "node": "12",
                "reporter": "15"
            },
            {
                "delta": 18831,
                "node": "12",
                "reporter": "29"
            },
            {
                "delta": 18992,
                "node": "12",
                "reporter": "10"
            },
            {
                "delta": 18994,
                "node": "12",
                "reporter": "14"
            },
            {
                "delta": 19173,
                "node": "12",
                "reporter": "13"
            },
            {
                "delta": 19189,
                "node": "12",
                "reporter": "4"
            },
            {
                "delta": 19237,
                "node": "12",
                "reporter": "25"
            },
            {
                "delta": 19268,
                "node": "12",
                "reporter": "2"
            },
            {
                "delta": 19402,
                "node": "12",
                "reporter": "5"
            },
            {
                "delta": 19461,
                "node": "12",
                "reporter": "8"
            },
            {
                "delta": 19500,
                "node": "12",
                "reporter": "1"
            },
            {
                "delta": 19501,
                "node": "12",
                "reporter": "23"
            },
            {
                "delta": 19546,
                "node": "12",
                "reporter": "11"
            },
            {
                "delta": 19572,
                "node": "12",
                "reporter": "6"
            },
            {
                "delta": 19628,
                "node": "12",
                "reporter": "22"
            },
            {
                "delta": 19792,
                "node": "10",
                "reporter": "12"
            },
            {
                "delta": 20162,
                "node": "20",
                "reporter": "12"
            },
            {
                "delta": 20162,
                "node": "11",
                "reporter": "12"
            },
            {
                "delta": 20501,
                "node": "19",
                "reporter": "12"
            },
            {
                "delta": 20503,
                "node": "8",
                "reporter": "12"
            },
            {
                "delta": 20503,
                "node": "2",
                "reporter": "12"
            },
            {
                "delta": 20503,
                "node": "15",
                "reporter": "12"
            },
            {
                "delta": 20503,
                "node": "17",
                "reporter": "12"
            },
            {
                "delta": 20503,
                "node": "13",
                "reporter": "12"
            },
            {
                "delta": 20504,
                "node": "28",
                "reporter": "12"
            },
            {
                "delta": 20504,
                "node": "3",
                "reporter": "12"
            },
            {
                "delta": 20504,
                "node": "9",
                "reporter": "12"
            },
            {
                "delta": 20661,
                "node": "6",
                "reporter": "12"
            },
            {
                "delta": 20661,
                "node": "23",
                "reporter": "12"
            },
            {
                "delta": 20661,
                "node": "1",
                "reporter": "12"
            },
            {
                "delta": 20662,
                "node": "24",
                "reporter": "12"
            },
            {
                "delta": 20662,
                "node": "4",
                "reporter": "12"
            },
            {
                "delta": 20662,
                "node": "16",
                "reporter": "12"
            },
            {
                "delta": 20662,
                "node": "29",
                "reporter": "12"
            },
            {
                "delta": 20662,
                "node": "14",
                "reporter": "12"
            },
            {
                "delta": 20662,
                "node": "26",
                "reporter": "12"
            },
            {
                "delta": 20662,
                "node": "30",
                "reporter": "12"
            },
            {
                "delta": 20663,
                "node": "7",
                "reporter": "12"
            },
            {
                "delta": 20663,
                "node": "22",
                "reporter": "12"
            },
            {
                "delta": 20663,
                "node": "27",
                "reporter": "12"
            },
            {
                "delta": 20663,
                "node": "21",
                "reporter": "12"
            },
            {
                "delta": 20663,
                "node": "25",
                "reporter": "12"
            },
            {
                "delta": 20663,
                "node": "5",
                "reporter": "12"
            },
            {
                "delta": 24929,
                "node": "5",
                "reporter": "27"
            },
            {
                "delta": 25161,
                "node": "5",
                "reporter": "21"
            },
            {
                "delta": 25285,
                "node": "5",
                "reporter": "7"
            },
            {
                "delta": 25456,
                "node": "5",
                "reporter": "24"
            },
            {
                "delta": 25540,
                "node": "5",
                "reporter": "29"
            },
            {
                "delta": 25553,
                "node": "5",
                "reporter": "6"
            },
            {
                "delta": 25570,
                "node": "5",
                "reporter": "8"
            },
            {
                "delta": 25651,
                "node": "5",
                "reporter": "1"
            },
            {
                "delta": 25691,
                "node": "5",
                "reporter": "10"
            },
            {
                "delta": 25698,
                "node": "5",
                "reporter": "2"
            },
            {
                "delta": 25709,
                "node": "5",
                "reporter": "9"
            },
            {
                "delta": 25742,
                "node": "5",
                "reporter": "17"
            },
            {
                "delta": 25747,
                "node": "5",
                "reporter": "25"
            },
            {
                "delta": 25771,
                "node": "5",
                "reporter": "20"
            },
            {
                "delta": 25883,
                "node": "5",
                "reporter": "3"
            },
            {
                "delta": 25967,
                "node": "5",
                "reporter": "15"
            },
            {
                "delta": 26001,
                "node": "5",
                "reporter": "23"
            },
            {
                "delta": 26053,
                "node": "5",
                "reporter": "19"
            },
            {
                "delta": 26094,
                "node": "5",
                "reporter": "14"
            },
            {
                "delta": 26176,
                "node": "5",
                "reporter": "16"
            },
            {
                "delta": 26258,
                "node": "5",
                "reporter": "4"
            },
            {
                "delta": 26276,
                "node": "5",
                "reporter": "11"
            },
            {
                "delta": 26285,
                "node": "5",
                "reporter": "13"
            },
            {
                "delta": 26336,
                "node": "5",
                "reporter": "30"
            },
            {
                "delta": 26423,
                "node": "5",
                "reporter": "28"
            },
            {
                "delta": 26498,
                "node": "5",
                "reporter": "22"
            },
            {
                "delta": 26623,
                "node": "9",
                "reporter": "5"
            },
            {
                "delta": 26653,
                "node": "8",
                "reporter": "5"
            },
            {
                "delta": 26802,
                "node": "5",
                "reporter": "26"
            },
            {
                "delta": 26822,
                "node": "22",
                "reporter": "5"
            },
            {
                "delta": 26823,
                "node": "27",
                "reporter": "5"
            },
            {
                "delta": 26923,
                "node": "29",
                "reporter": "5"
            },
            {
                "delta": 27322,
                "node": "11",
                "reporter": "5"
            },
            {
                "delta": 27344,
                "node": "6",
                "reporter": "5"
            },
            {
                "delta": 27344,
                "node": "19",
                "reporter": "5"
            },
            {
                "delta": 27344,
                "node": "24",
                "reporter": "5"
            },
            {
                "delta": 27344,
                "node": "2",
                "reporter": "5"
            },
            {
                "delta": 27344,
                "node": "16",
                "reporter": "5"
            },
            {
                "delta": 27344,
                "node": "15",
                "reporter": "5"
            },
            {
                "delta": 27345,
                "node": "26",
                "reporter": "5"
            },
            {
                "delta": 27345,
                "node": "30",
                "reporter": "5"
            },
            {
                "delta": 27345,
                "node": "10",
                "reporter": "5"
            },
            {
                "delta": 27345,
                "node": "25",
                "reporter": "5"
            },
            {
                "delta": 27352,
                "node": "1",
                "reporter": "5"
            },
            {
                "delta": 27505,
                "node": "14",
                "reporter": "5"
            },
            {
                "delta": 27505,
                "node": "17",
                "reporter": "5"
            },
            {
                "delta": 27505,
                "node": "7",
                "reporter": "5"
            },
            {
                "delta": 27505,
                "node": "13",
                "reporter": "5"
            },
            {
                "delta": 27505,
                "node": "23",
                "reporter": "5"
            },
            {
                "delta": 27506,
                "node": "4",
                "reporter": "5"
            },
            {
                "delta": 27506,
                "node": "20",
                "reporter": "5"
            },
            {
                "delta": 27526,
                "node": "21",
                "reporter": "5"
            },
            {
                "delta": 27526,
                "node": "28",
                "reporter": "5"
            },
            {
                "delta": 27526,
                "node": "3",
                "reporter": "5"
            },
            {
                "delta": 33966,
                "node": "27",
                "reporter": "16"
            },
            {
                "delta": 34301,
                "node": "27",
                "reporter": "13"
            },
            {
                "delta": 34491,
                "node": "27",
                "reporter": "21"
            },
            {
                "delta": 34569,
                "node": "27",
                "reporter": "9"
            },
            {
                "delta": 34621,
                "node": "27",
                "reporter": "26"
            },
            {
                "delta": 34623,
                "node": "27",
                "reporter": "28"
            },
            {
                "delta": 34673,
                "node": "27",
                "reporter": "19"
            },
            {
                "delta": 34716,
                "node": "27",
                "reporter": "30"
            },
            {
                "delta": 34785,
                "node": "27",
                "reporter": "24"
            },
            {
                "delta": 34837,
                "node": "27",
                "reporter": "15"
            },
            {
                "delta": 34841,
                "node": "27",
                "reporter": "1"
            },
            {
                "delta": 34945,
                "node": "27",
                "reporter": "7"
            },
            {
                "delta": 34951,
                "node": "27",
                "reporter": "10"
            },
            {
                "delta": 34961,
                "node": "27",
                "reporter": "20"
            },
            {
                "delta": 35000,
                "node": "27",
                "reporter": "8"
            },
            {
                "delta": 35008,
                "node": "27",
                "reporter": "22"
            },
            {
                "delta": 35087,
                "node": "27",
                "reporter": "25"
            },
            {
                "delta": 35115,
                "node": "27",
                "reporter": "14"
            },
            {
                "delta": 35118,
                "node": "27",
                "reporter": "4"
            },
            {
                "delta": 35120,
                "node": "27",
                "reporter": "2"
            },
            {
                "delta": 35141,
                "node": "27",
                "reporter": "23"
            },
            {
                "delta": 35183,
                "node": "27",
                "reporter": "17"
            },
            {
                "delta": 35210,
                "node": "27",
                "reporter": "29"
            },
            {
                "delta": 35286,
                "node": "27",
                "reporter": "11"
            },
            {
                "delta": 35735,
                "node": "27",
                "reporter": "6"
            },
            {
                "delta": 36003,
                "node": "27",
                "reporter": "3"
            },
            {
                "delta": 45192,
                "node": "7",
                "reporter": "6"
            },
            {
                "delta": 45326,
                "node": "7",
                "reporter": "24"
            },
            {
                "delta": 45456,
                "node": "7",
                "reporter": "16"
            },
            {
                "delta": 45611,
                "node": "7",
                "reporter": "1"
            },
            {
                "delta": 45623,
                "node": "7",
                "reporter": "3"
            },
            {
                "delta": 45721,
                "node": "7",
                "reporter": "23"
            },
            {
                "delta": 45741,
                "node": "7",
                "reporter": "13"
            },
            {
                "delta": 45751,
                "node": "7",
                "reporter": "8"
            },
            {
                "delta": 45853,
                "node": "7",
                "reporter": "17"
            },
            {
                "delta": 45863,
                "node": "7",
                "reporter": "19"
            },
            {
                "delta": 45914,
                "node": "7",
                "reporter": "14"
            },
            {
                "delta": 46018,
                "node": "7",
                "reporter": "30"
            },
            {
                "delta": 46023,
                "node": "7",
                "reporter": "28"
            },
            {
                "delta": 46059,
                "node": "7",
                "reporter": "2"
            },
            {
                "delta": 46077,
                "node": "7",
                "reporter": "22"
            },
            {
                "delta": 46084,
                "node": "7",
                "reporter": "10"
            },
            {
                "delta": 46219,
                "node": "7",
                "reporter": "9"
            },
            {
                "delta": 46241,
                "node": "7",
                "reporter": "21"
            },
            {
                "delta": 46281,
                "node": "7",
                "reporter": "26"
            },
            {
                "delta": 46381,
                "node": "7",
                "reporter": "20"
            },
            {
                "delta": 46447,
                "node": "7",
                "reporter": "15"
            },
            {
                "delta": 46626,
                "node": "7",
                "reporter": "11"
            },
            {
                "delta": 46647,
                "node": "7",
                "reporter": "25"
            },
            {
                "delta": 46669,
                "node": "7",
                "reporter": "4"
            },
            {
                "delta": 46750,
                "node": "7",
                "reporter": "29"
            },
            {
                "delta": 46795,
                "node": "23",
                "reporter": "7"
            },
            {
                "delta": 46866,
                "node": "19",
                "reporter": "7"
            },
            {
                "delta": 46866,
                "node": "16",
                "reporter": "7"
            },
            {
                "delta": 46866,
                "node": "17",
                "reporter": "7"
            },
            {
                "delta": 46866,
                "node": "25",
                "reporter": "7"
            },
            {
                "delta": 46874,
                "node": "3",
                "reporter": "7"
            },
            {
                "delta": 46874,
                "node": "10",
                "reporter": "7"
            },
            {
                "delta": 46915,
                "node": "29",
                "reporter": "7"
            },
            {
                "delta": 46915,
                "node": "28",
                "reporter": "7"
            },
            {
                "delta": 46975,
                "node": "24",
                "reporter": "7"
            },
            {
                "delta": 46976,
                "node": "4",
                "reporter": "7"
            },
            {
                "delta": 46976,
                "node": "26",
                "reporter": "7"
            },
            {
                "delta": 47045,
                "node": "6",
                "reporter": "7"
            },
            {
                "delta": 47046,
                "node": "1",
                "reporter": "7"
            },
            {
                "delta": 47046,
                "node": "13",
                "reporter": "7"
            },
            {
                "delta": 47074,
                "node": "2",
                "reporter": "7"
            },
            {
                "delta": 47265,
                "node": "8",
                "reporter": "7"
            },
            {
                "delta": 47266,
                "node": "20",
                "reporter": "7"
            },
            {
                "delta": 47266,
                "node": "30",
                "reporter": "7"
            },
            {
                "delta": 47266,
                "node": "22",
                "reporter": "7"
            },
            {
                "delta": 47294,
                "node": "14",
                "reporter": "7"
            },
            {
                "delta": 47295,
                "node": "9",
                "reporter": "7"
            },
            {
                "delta": 47335,
                "node": "15",
                "reporter": "7"
            },
            {
                "delta": 47335,
                "node": "21",
                "reporter": "7"
            },
            {
                "delta": 48055,
                "node": "11",
                "reporter": "7"
            },
            {
                "delta": 87111,
                "node": "3",
                "reporter": "21"
            },
            {
                "delta": 87333,
                "node": "3",
                "reporter": "28"
            },
            {
                "delta": 87371,
                "node": "3",
                "reporter": "23"
            },
            {
                "delta": 87461,
                "node": "3",
                "reporter": "10"
            },
            {
                "delta": 87496,
                "node": "3",
                "reporter": "16"
            },
            {
                "delta": 87551,
                "node": "3",
                "reporter": "8"
            },
            {
                "delta": 87689,
                "node": "3",
                "reporter": "2"
            },
            {
                "delta": 87727,
                "node": "3",
                "reporter": "25"
            },
            {
                "delta": 87791,
                "node": "3",
                "reporter": "13"
            },
            {
                "delta": 87813,
                "node": "3",
                "reporter": "17"
            },
            {
                "delta": 87819,
                "node": "3",
                "reporter": "9"
            },
            {
                "delta": 87913,
                "node": "3",
                "reporter": "19"
            },
            {
                "delta": 87916,
                "node": "3",
                "reporter": "30"
            },
            {
                "delta": 88016,
                "node": "3",
                "reporter": "24"
            },
            {
                "delta": 88038,
                "node": "3",
                "reporter": "4"
            },
            {
                "delta": 88045,
                "node": "3",
                "reporter": "14"
            },
            {
                "delta": 88088,
                "node": "3",
                "reporter": "22"
            },
            {
                "delta": 88171,
                "node": "3",
                "reporter": "20"
            },
            {
                "delta": 88222,
                "node": "3",
                "reporter": "26"
            },
            {
                "delta": 88243,
                "node": "3",
                "reporter": "6"
            },
            {
                "delta": 88352,
                "node": "3",
                "reporter": "29"
            },
            {
                "delta": 88366,
                "node": "3",
                "reporter": "11"
            },
            {
                "delta": 88537,
                "node": "3",
                "reporter": "15"
            },
            {
                "delta": 88681,
                "node": "3",
                "reporter": "1"
            },
            {
                "delta": 89013,
                "node": "8",
                "reporter": "3"
            },
            {
                "delta": 89013,
                "node": "23",
                "reporter": "3"
            },
            {
                "delta": 89028,
                "node": "23",
                "reporter": "22"
            },
            {
                "delta": 89063,
                "node": "25",
                "reporter": "3"
            },
            {
                "delta": 89244,
                "node": "23",
                "reporter": "28"
            },
            {
                "delta": 89267,
                "node": "23",
                "reporter": "25"
            },
            {
                "delta": 89280,
                "node": "23",
                "reporter": "8"
            },
            {
                "delta": 89293,
                "node": "29",
                "reporter": "3"
            },
            {
                "delta": 89312,
                "node": "1",
                "reporter": "3"
            },
            {
                "delta": 89312,
                "node": "16",
                "reporter": "3"
            },
            {
                "delta": 89313,
                "node": "17",
                "reporter": "3"
            },
            {
                "delta": 89460,
                "node": "23",
                "reporter": "1"
            },
            {
                "delta": 89597,
                "node": "23",
                "reporter": "15"
            },
            {
                "delta": 89611,
                "node": "23",
                "reporter": "21"
            },
            {
                "delta": 89611,
                "node": "23",
                "reporter": "13"
            },
            {
                "delta": 89663,
                "node": "6",
                "reporter": "3"
            },
            {
                "delta": 89663,
                "node": "19",
                "reporter": "3"
            },
            {
                "delta": 89663,
                "node": "4",
                "reporter": "3"
            },
            {
                "delta": 89663,
                "node": "14",
                "reporter": "3"
            },
            {
                "delta": 89664,
                "node": "26",
                "reporter": "3"
            },
            {
                "delta": 89664,
                "node": "30",
                "reporter": "3"
            },
            {
                "delta": 89664,
                "node": "22",
                "reporter": "3"
            },
            {
                "delta": 89664,
                "node": "13",
                "reporter": "3"
            },
            {
                "delta": 89664,
                "node": "21",
                "reporter": "3"
            },
            {
                "delta": 89664,
                "node": "28",
                "reporter": "3"
            },
            {
                "delta": 89696,
                "node": "23",
                "reporter": "11"
            },
            {
                "delta": 89741,
                "node": "23",
                "reporter": "26"
            },
            {
                "delta": 89752,
                "node": "23",
                "reporter": "6"
            },
            {
                "delta": 89796,
                "node": "23",
                "reporter": "16"
            },
            {
                "delta": 89798,
                "node": "23",
                "reporter": "2"
            },
            {
                "delta": 89804,
                "node": "23",
                "reporter": "19"
            },
            {
                "delta": 89844,
                "node": "10",
                "reporter": "3"
            },
            {
                "delta": 89844,
                "node": "9",
                "reporter": "3"
            },
            {
                "delta": 89844,
                "node": "24",
                "reporter": "3"
            },
            {
                "delta": 89844,
                "node": "2",
                "reporter": "3"
            },
            {
                "delta": 89844,
                "node": "20",
                "reporter": "3"
            },
            {
                "delta": 89844,
                "node": "15",
                "reporter": "3"
            },
            {
                "delta": 89844,
                "node": "11",
                "reporter": "3"
            },
            {
                "delta": 89964,
                "node": "23",
                "reporter": "14"
            },
            {
                "delta": 89985,
                "node": "23",
                "reporter": "24"
            },
            {
                "delta": 90063,
                "node": "23",
                "reporter": "17"
            },
            {
                "delta": 90149,
                "node": "23",
                "reporter": "9"
            },
            {
                "delta": 90161,
                "node": "23",
                "reporter": "10"
            },
            {
                "delta": 90176,
                "node": "23",
                "reporter": "30"
            },
            {
                "delta": 90348,
                "node": "23",
                "reporter": "4"
            },
            {
                "delta": 90381,
                "node": "23",
                "reporter": "20"
            },
            {
                "delta": 90791,
                "node": "16",
                "reporter": "23"
            },
            {
                "delta": 90851,
                "node": "14",
                "reporter": "23"
            },
            {
                "delta": 91081,
                "node": "23",
                "reporter": "29"
            },
            {
                "delta": 91691,
                "node": "6",
                "reporter": "23"
            },
            {
                "delta": 91691,
                "node": "17",
                "reporter": "23"
            },
            {
                "delta": 91691,
                "node": "30",
                "reporter": "23"
            },
            {
                "delta": 91691,
                "node": "19",
                "reporter": "23"
            },
            {
                "delta": 91691,
                "node": "8",
                "reporter": "23"
            },
            {
                "delta": 91691,
                "node": "22",
                "reporter": "23"
            },
            {
                "delta": 91692,
                "node": "13",
                "reporter": "23"
            },
            {
                "delta": 91692,
                "node": "1",
                "reporter": "23"
            },
            {
                "delta": 91692,
                "node": "21",
                "reporter": "23"
            },
            {
                "delta": 91692,
                "node": "24",
                "reporter": "23"
            },
            {
                "delta": 91866,
                "node": "28",
                "reporter": "23"
            },
            {
                "delta": 91866,
                "node": "4",
                "reporter": "23"
            },
            {
                "delta": 91867,
                "node": "2",
                "reporter": "23"
            },
            {
                "delta": 91867,
                "node": "20",
                "reporter": "23"
            },
            {
                "delta": 91867,
                "node": "10",
                "reporter": "23"
            },
            {
                "delta": 91867,
                "node": "11",
                "reporter": "23"
            },
            {
                "delta": 91867,
                "node": "25",
                "reporter": "23"
            },
            {
                "delta": 91867,
                "node": "29",
                "reporter": "23"
            },
            {
                "delta": 91867,
                "node": "9",
                "reporter": "23"
            },
            {
                "delta": 91867,
                "node": "15",
                "reporter": "23"
            },
            {
                "delta": 91867,
                "node": "26",
                "reporter": "23"
            },
            {
                "delta": 119987,
                "node": "24",
                "reporter": "25"
            }
        ]
    }
}