
{
    "id": "00203",
    "seed": 42,
    "repetition": 0,
    "settings": {
        "simulate_catastrophe": false,
        "number_of_nodes": 30,
        "duration": 120000,
        "gossip_delta": 200,
        "failure_delta": 1400,
        "miss_delta": 1400,
        "push_pull": true,
        "pick_strategy": 1,
        "enable_multicast": true,
        "multicast_parameter": 1.0,
        "multicast_max_wait": 1400,
        "expected_first_multicast": 933
    },
    "result": {
        "start_time": 1500740668396,
        "end_time": 1500740788407,
        "expected_crashes": [
            {
                "delta": 31130,
                "node": "27"
            }
        ],
        "reported_crashes": [
            {
                "delta": 34126,
                "node": "27",
                "reporter": "11"
            },
            {
                "delta": 34183,
                "node": "27",
                "reporter": "20"
            },
            {
                "delta": 34300,
                "node": "27",
                "reporter": "15"
            },
            {
                "delta": 34335,
                "node": "27",
                "reporter": "19"
            },
            {
                "delta": 34382,
                "node": "27",
                "reporter": "8"
            },
            {
                "delta": 34421,
                "node": "27",
                "reporter": "9"
            },
            {
                "delta": 34447,
                "node": "27",
                "reporter": "14"
            },
            {
                "delta": 34472,
                "node": "27",
                "reporter": "17"
            },
            {
                "delta": 34494,
                "node": "27",
                "reporter": "30"
            },
            {
                "delta": 34501,
                "node": "27",
                "reporter": "26"
            },
            {
                "delta": 34517,
                "node": "27",
                "reporter": "13"
            },
            {
                "delta": 34535,
                "node": "27",
                "reporter": "6"
            },
            {
                "delta": 34543,
                "node": "27",
                "reporter": "1"
            },
            {
                "delta": 34564,
                "node": "27",
                "reporter": "4"
            },
            {
                "delta": 34603,
                "node": "27",
                "reporter": "2"
            },
            {
                "delta": 34688,
                "node": "27",
                "reporter": "18"
            },
            {
                "delta": 34699,
                "node": "27",
                "reporter": "25"
            },
            {
                "delta": 34713,
                "node": "27",
                "reporter": "21"
            },
            {
                "delta": 34727,
                "node": "27",
                "reporter": "7"
            },
            {
                "delta": 34750,
                "node": "27",
                "reporter": "23"
            },
            {
                "delta": 34764,
                "node": "27",
                "reporter": "12"
            },
            {
                "delta": 34797,
                "node": "27",
                "reporter": "22"
            },
            {
                "delta": 34800,
                "node": "27",
                "reporter": "3"
            },
            {
                "delta": 34802,
                "node": "27",
                "reporter": "29"
            },
            {
                "delta": 34833,
                "node": "27",
                "reporter": "5"
            },
            {
                "delta": 34838,
                "node": "27",
                "reporter": "24"
            },
            {
                "delta": 34886,
                "node": "27",
                "reporter": "28"
            },
            {
                "delta": 34898,
                "node": "27",
                "reporter": "16"
            },
            {
                "delta": 34947,
                "node": "27",
                "reporter": "10"
            }
        ]
    }
}