
{
    "id": "00207",
    "seed": 42,
    "repetition": 0,
    "settings": {
        "simulate_catastrophe": false,
        "number_of_nodes": 30,
        "duration": 120000,
        "gossip_delta": 200,
        "failure_delta": 1400,
        "miss_delta": 1400,
        "push_pull": true,
        "pick_strategy": 2,
        "enable_multicast": true,
        "multicast_parameter": 1.0,
        "multicast_max_wait": 1400,
        "expected_first_multicast": 466
    },
    "result": {
        "start_time": 1500741168517,
        "end_time": 1500741288527,
        "expected_crashes": [
            {
                "delta": 31130,
                "node": "27"
            }
        ],
        "reported_crashes": [
            {
                "delta": 34005,
                "node": "27",
                "reporter": "12"
            },
            {
                "delta": 34106,
                "node": "27",
                "reporter": "11"
            },
            {
                "delta": 34138,
                "node": "27",
                "reporter": "14"
            },
            {
                "delta": 34198,
                "node": "27",
                "reporter": "25"
            },
            {
                "delta": 34230,
                "node": "27",
                "reporter": "26"
            },
            {
                "delta": 34265,
                "node": "27",
                "reporter": "28"
            },
            {
                "delta": 34266,
                "node": "27",
                "reporter": "13"
            },
            {
                "delta": 34321,
                "node": "27",
                "reporter": "1"
            },
            {
                "delta": 34323,
                "node": "27",
                "reporter": "17"
            },
            {
                "delta": 34335,
                "node": "27",
                "reporter": "19"
            },
            {
                "delta": 34388,
                "node": "27",
                "reporter": "30"
            },
            {
                "delta": 34406,
                "node": "27",
                "reporter": "22"
            },
            {
                "delta": 34422,
                "node": "27",
                "reporter": "2"
            },
            {
                "delta": 34431,
                "node": "27",
                "reporter": "18"
            },
            {
                "delta": 34436,
                "node": "27",
                "reporter": "7"
            },
            {
                "delta": 34461,
                "node": "27",
                "reporter": "8"
            },
            {
                "delta": 34492,
                "node": "27",
                "reporter": "5"
            },
            {
                "delta": 34494,
                "node": "27",
                "reporter": "29"
            },
            {
                "delta": 34526,
                "node": "27",
                "reporter": "10"
            },
            {
                "delta": 34540,
                "node": "27",
                "reporter": "9"
            },
            {
                "delta": 34567,
                "node": "27",
                "reporter": "16"
            },
            {
                "delta": 34579,
                "node": "27",
                "reporter": "15"
            },
            {
                "delta": 34580,
                "node": "27",
                "reporter": "23"
            },
            {
                "delta": 34633,
                "node": "27",
                "reporter": "20"
            },
            {
                "delta": 34662,
                "node": "27",
                "reporter": "21"
            },
            {
                "delta": 34710,
                "node": "27",
                "reporter": "4"
            },
            {
                "delta": 34767,
                "node": "27",
                "reporter": "24"
            },
            {
                "delta": 34786,
                "node": "27",
                "reporter": "6"
            },
            {
                "delta": 34889,
                "node": "27",
                "reporter": "3"
            }
        ]
    }
}