
{
    "id": "00217",
    "seed": 42,
    "repetition": 0,
    "settings": {
        "simulate_catastrophe": true,
        "number_of_nodes": 30,
        "duration": 120000,
        "gossip_delta": 200,
        "failure_delta": 3800,
        "miss_delta": 3800,
        "push_pull": false,
        "pick_strategy": 1,
        "enable_multicast": true,
        "multicast_parameter": 1.0,
        "multicast_max_wait": 3800,
        "expected_first_multicast": 1266
    },
    "result": {
        "start_time": 1500742418806,
        "end_time": 1500742538816,
        "expected_crashes": [
            {
                "delta": 31130,
                "node": "27"
            },
            {
                "delta": 31130,
                "node": "13"
            },
            {
                "delta": 31130,
                "node": "10"
            },
            {
                "delta": 31130,
                "node": "21"
            },
            {
                "delta": 31130,
                "node": "30"
            },
            {
                "delta": 31130,
                "node": "3"
            },
            {
                "delta": 31130,
                "node": "28"
            },
            {
                "delta": 31130,
                "node": "6"
            },
            {
                "delta": 31130,
                "node": "24"
            },
            {
                "delta": 31130,
                "node": "9"
            },
            {
                "delta": 31130,
                "node": "19"
            },
            {
                "delta": 31130,
                "node": "7"
            },
            {
                "delta": 31130,
                "node": "23"
            },
            {
                "delta": 31130,
                "node": "26"
            },
            {
                "delta": 31130,
                "node": "15"
            },
            {
                "delta": 31130,
                "node": "2"
            },
            {
                "delta": 31130,
                "node": "17"
            },
            {
                "delta": 31130,
                "node": "1"
            },
            {
                "delta": 31130,
                "node": "20"
            },
            {
                "delta": 31130,
                "node": "11"
            }
        ],
        "reported_crashes": [
            {
                "delta": 38489,
                "node": "9",
                "reporter": "22"
            },
            {
                "delta": 38504,
                "node": "6",
                "reporter": "8"
            },
            {
                "delta": 38614,
                "node": "10",
                "reporter": "8"
            },
            {
                "delta": 38631,
                "node": "19",
                "reporter": "29"
            },
            {
                "delta": 38681,
                "node": "15",
                "reporter": "4"
            },
            {
                "delta": 38691,
                "node": "17",
                "reporter": "29"
            },
            {
                "delta": 38699,
                "node": "7",
                "reporter": "25"
            },
            {
                "delta": 38771,
                "node": "9",
                "reporter": "29"
            },
            {
                "delta": 38779,
                "node": "26",
                "reporter": "12"
            },
            {
                "delta": 38809,
                "node": "24",
                "reporter": "22"
            },
            {
                "delta": 38809,
                "node": "13",
                "reporter": "22"
            },
            {
                "delta": 38820,
                "node": "21",
                "reporter": "18"
            },
            {
                "delta": 38858,
                "node": "28",
                "reporter": "14"
            },
            {
                "delta": 38858,
                "node": "3",
                "reporter": "14"
            },
            {
                "delta": 38885,
                "node": "28",
                "reporter": "8"
            },
            {
                "delta": 38885,
                "node": "3",
                "reporter": "8"
            },
            {
                "delta": 38894,
                "node": "15",
                "reporter": "5"
            },
            {
                "delta": 38908,
                "node": "15",
                "reporter": "22"
            },
            {
                "delta": 38977,
                "node": "7",
                "reporter": "16"
            },
            {
                "delta": 39001,
                "node": "1",
                "reporter": "29"
            },
            {
                "delta": 39001,
                "node": "30",
                "reporter": "29"
            },
            {
                "delta": 39001,
                "node": "2",
                "reporter": "29"
            },
            {
                "delta": 39022,
                "node": "27",
                "reporter": "4"
            },
            {
                "delta": 39022,
                "node": "11",
                "reporter": "4"
            },
            {
                "delta": 39061,
                "node": "20",
                "reporter": "29"
            },
            {
                "delta": 39114,
                "node": "19",
                "reporter": "8"
            },
            {
                "delta": 39114,
                "node": "1",
                "reporter": "8"
            },
            {
                "delta": 39114,
                "node": "2",
                "reporter": "8"
            },
            {
                "delta": 39114,
                "node": "20",
                "reporter": "8"
            },
            {
                "delta": 39114,
                "node": "17",
                "reporter": "8"
            },
            {
                "delta": 39115,
                "node": "30",
                "reporter": "8"
            },
            {
                "delta": 39115,
                "node": "9",
                "reporter": "8"
            },
            {
                "delta": 39136,
                "node": "6",
                "reporter": "5"
            },
            {
                "delta": 39136,
                "node": "23",
                "reporter": "5"
            },
            {
                "delta": 39198,
                "node": "15",
                "reporter": "14"
            },
            {
                "delta": 39198,
                "node": "27",
                "reporter": "14"
            },
            {
                "delta": 39198,
                "node": "11",
                "reporter": "14"
            },
            {
                "delta": 39329,
                "node": "6",
                "reporter": "22"
            },
            {
                "delta": 39330,
                "node": "23",
                "reporter": "22"
            },
            {
                "delta": 39394,
                "node": "26",
                "reporter": "5"
            },
            {
                "delta": 39448,
                "node": "6",
                "reporter": "16"
            },
            {
                "delta": 39448,
                "node": "19",
                "reporter": "16"
            },
            {
                "delta": 39448,
                "node": "1",
                "reporter": "16"
            },
            {
                "delta": 39448,
                "node": "2",
                "reporter": "16"
            },
            {
                "delta": 39448,
                "node": "20",
                "reporter": "16"
            },
            {
                "delta": 39449,
                "node": "17",
                "reporter": "16"
            },
            {
                "delta": 39449,
                "node": "30",
                "reporter": "16"
            },
            {
                "delta": 39449,
                "node": "28",
                "reporter": "16"
            },
            {
                "delta": 39449,
                "node": "10",
                "reporter": "16"
            },
            {
                "delta": 39449,
                "node": "3",
                "reporter": "16"
            },
            {
                "delta": 39468,
                "node": "9",
                "reporter": "16"
            },
            {
                "delta": 39533,
                "node": "6",
                "reporter": "4"
            },
            {
                "delta": 39533,
                "node": "23",
                "reporter": "4"
            },
            {
                "delta": 39533,
                "node": "26",
                "reporter": "4"
            },
            {
                "delta": 39719,
                "node": "6",
                "reporter": "12"
            },
            {
                "delta": 39719,
                "node": "19",
                "reporter": "12"
            },
            {
                "delta": 39719,
                "node": "1",
                "reporter": "12"
            },
            {
                "delta": 39719,
                "node": "2",
                "reporter": "12"
            },
            {
                "delta": 39719,
                "node": "20",
                "reporter": "12"
            },
            {
                "delta": 39720,
                "node": "17",
                "reporter": "12"
            },
            {
                "delta": 39720,
                "node": "30",
                "reporter": "12"
            },
            {
                "delta": 39720,
                "node": "28",
                "reporter": "12"
            },
            {
                "delta": 39720,
                "node": "10",
                "reporter": "12"
            },
            {
                "delta": 39720,
                "node": "3",
                "reporter": "12"
            },
            {
                "delta": 39756,
                "node": "24",
                "reporter": "5"
            },
            {
                "delta": 39756,
                "node": "13",
                "reporter": "5"
            },
            {
                "delta": 39756,
                "node": "9",
                "reporter": "5"
            },
            {
                "delta": 39862,
                "node": "9",
                "reporter": "12"
            },
            {
                "delta": 39862,
                "node": "21",
                "reporter": "12"
            },
            {
                "delta": 40031,
                "node": "6",
                "reporter": "29"
            },
            {
                "delta": 40031,
                "node": "23",
                "reporter": "29"
            },
            {
                "delta": 40031,
                "node": "24",
                "reporter": "29"
            },
            {
                "delta": 40031,
                "node": "15",
                "reporter": "29"
            },
            {
                "delta": 40031,
                "node": "13",
                "reporter": "29"
            },
            {
                "delta": 40167,
                "node": "23",
                "reporter": "16"
            },
            {
                "delta": 40167,
                "node": "24",
                "reporter": "16"
            },
            {
                "delta": 40168,
                "node": "15",
                "reporter": "16"
            },
            {
                "delta": 40168,
                "node": "26",
                "reporter": "16"
            },
            {
                "delta": 40168,
                "node": "13",
                "reporter": "16"
            },
            {
                "delta": 40170,
                "node": "6",
                "reporter": "18"
            },
            {
                "delta": 40170,
                "node": "19",
                "reporter": "18"
            },
            {
                "delta": 40170,
                "node": "1",
                "reporter": "18"
            },
            {
                "delta": 40170,
                "node": "2",
                "reporter": "18"
            },
            {
                "delta": 40170,
                "node": "20",
                "reporter": "18"
            },
            {
                "delta": 40171,
                "node": "17",
                "reporter": "18"
            },
            {
                "delta": 40171,
                "node": "30",
                "reporter": "18"
            },
            {
                "delta": 40171,
                "node": "7",
                "reporter": "18"
            },
            {
                "delta": 40171,
                "node": "28",
                "reporter": "18"
            },
            {
                "delta": 40171,
                "node": "10",
                "reporter": "18"
            },
            {
                "delta": 40318,
                "node": "3",
                "reporter": "18"
            },
            {
                "delta": 40318,
                "node": "9",
                "reporter": "18"
            },
            {
                "delta": 40359,
                "node": "15",
                "reporter": "25"
            },
            {
                "delta": 40359,
                "node": "27",
                "reporter": "25"
            },
            {
                "delta": 40359,
                "node": "28",
                "reporter": "25"
            },
            {
                "delta": 40359,
                "node": "3",
                "reporter": "25"
            },
            {
                "delta": 40360,
                "node": "11",
                "reporter": "25"
            },
            {
                "delta": 40379,
                "node": "6",
                "reporter": "25"
            },
            {
                "delta": 40379,
                "node": "23",
                "reporter": "25"
            },
            {
                "delta": 40379,
                "node": "24",
                "reporter": "25"
            },
            {
                "delta": 40379,
                "node": "26",
                "reporter": "25"
            },
            {
                "delta": 40379,
                "node": "13",
                "reporter": "25"
            },
            {
                "delta": 40380,
                "node": "9",
                "reporter": "25"
            },
            {
                "delta": 40401,
                "node": "19",
                "reporter": "4"
            },
            {
                "delta": 40401,
                "node": "1",
                "reporter": "4"
            },
            {
                "delta": 40402,
                "node": "24",
                "reporter": "4"
            },
            {
                "delta": 40402,
                "node": "2",
                "reporter": "4"
            },
            {
                "delta": 40402,
                "node": "20",
                "reporter": "4"
            },
            {
                "delta": 40402,
                "node": "17",
                "reporter": "4"
            },
            {
                "delta": 40402,
                "node": "30",
                "reporter": "4"
            },
            {
                "delta": 40403,
                "node": "7",
                "reporter": "4"
            },
            {
                "delta": 40403,
                "node": "13",
                "reporter": "4"
            },
            {
                "delta": 40573,
                "node": "28",
                "reporter": "4"
            },
            {
                "delta": 40574,
                "node": "10",
                "reporter": "4"
            },
            {
                "delta": 40574,
                "node": "3",
                "reporter": "4"
            },
            {
                "delta": 40574,
                "node": "9",
                "reporter": "4"
            },
            {
                "delta": 40574,
                "node": "21",
                "reporter": "4"
            },
            {
                "delta": 40671,
                "node": "26",
                "reporter": "29"
            },
            {
                "delta": 40671,
                "node": "7",
                "reporter": "29"
            },
            {
                "delta": 40671,
                "node": "28",
                "reporter": "29"
            },
            {
                "delta": 40671,
                "node": "10",
                "reporter": "29"
            },
            {
                "delta": 40671,
                "node": "3",
                "reporter": "29"
            },
            {
                "delta": 40714,
                "node": "23",
                "reporter": "8"
            },
            {
                "delta": 40714,
                "node": "24",
                "reporter": "8"
            },
            {
                "delta": 40714,
                "node": "15",
                "reporter": "8"
            },
            {
                "delta": 40714,
                "node": "26",
                "reporter": "8"
            },
            {
                "delta": 40714,
                "node": "7",
                "reporter": "8"
            },
            {
                "delta": 40714,
                "node": "13",
                "reporter": "8"
            },
            {
                "delta": 40715,
                "node": "27",
                "reporter": "8"
            },
            {
                "delta": 40715,
                "node": "11",
                "reporter": "8"
            },
            {
                "delta": 40778,
                "node": "27",
                "reporter": "22"
            },
            {
                "delta": 40778,
                "node": "28",
                "reporter": "22"
            },
            {
                "delta": 40779,
                "node": "3",
                "reporter": "22"
            },
            {
                "delta": 40779,
                "node": "11",
                "reporter": "22"
            },
            {
                "delta": 40878,
                "node": "6",
                "reporter": "14"
            },
            {
                "delta": 40878,
                "node": "19",
                "reporter": "14"
            },
            {
                "delta": 40878,
                "node": "23",
                "reporter": "14"
            },
            {
                "delta": 40878,
                "node": "1",
                "reporter": "14"
            },
            {
                "delta": 40878,
                "node": "24",
                "reporter": "14"
            },
            {
                "delta": 40878,
                "node": "2",
                "reporter": "14"
            },
            {
                "delta": 40878,
                "node": "20",
                "reporter": "14"
            },
            {
                "delta": 40878,
                "node": "26",
                "reporter": "14"
            },
            {
                "delta": 40879,
                "node": "17",
                "reporter": "14"
            },
            {
                "delta": 40879,
                "node": "30",
                "reporter": "14"
            },
            {
                "delta": 41025,
                "node": "7",
                "reporter": "14"
            },
            {
                "delta": 41025,
                "node": "13",
                "reporter": "14"
            },
            {
                "delta": 41025,
                "node": "21",
                "reporter": "14"
            },
            {
                "delta": 41025,
                "node": "10",
                "reporter": "14"
            },
            {
                "delta": 41025,
                "node": "9",
                "reporter": "14"
            },
            {
                "delta": 41034,
                "node": "19",
                "reporter": "5"
            },
            {
                "delta": 41034,
                "node": "1",
                "reporter": "5"
            },
            {
                "delta": 41034,
                "node": "2",
                "reporter": "5"
            },
            {
                "delta": 41034,
                "node": "20",
                "reporter": "5"
            },
            {
                "delta": 41034,
                "node": "17",
                "reporter": "5"
            },
            {
                "delta": 41034,
                "node": "30",
                "reporter": "5"
            },
            {
                "delta": 41035,
                "node": "7",
                "reporter": "5"
            },
            {
                "delta": 41035,
                "node": "27",
                "reporter": "5"
            },
            {
                "delta": 41036,
                "node": "28",
                "reporter": "5"
            },
            {
                "delta": 41036,
                "node": "10",
                "reporter": "5"
            },
            {
                "delta": 41127,
                "node": "27",
                "reporter": "16"
            },
            {
                "delta": 41127,
                "node": "11",
                "reporter": "16"
            },
            {
                "delta": 41179,
                "node": "19",
                "reporter": "25"
            },
            {
                "delta": 41179,
                "node": "1",
                "reporter": "25"
            },
            {
                "delta": 41180,
                "node": "2",
                "reporter": "25"
            },
            {
                "delta": 41180,
                "node": "20",
                "reporter": "25"
            },
            {
                "delta": 41180,
                "node": "17",
                "reporter": "25"
            },
            {
                "delta": 41180,
                "node": "30",
                "reporter": "25"
            },
            {
                "delta": 41180,
                "node": "21",
                "reporter": "25"
            },
            {
                "delta": 41181,
                "node": "10",
                "reporter": "25"
            },
            {
                "delta": 41216,
                "node": "3",
                "reporter": "5"
            },
            {
                "delta": 41216,
                "node": "11",
                "reporter": "5"
            },
            {
                "delta": 41429,
                "node": "19",
                "reporter": "22"
            },
            {
                "delta": 41429,
                "node": "1",
                "reporter": "22"
            },
            {
                "delta": 41429,
                "node": "2",
                "reporter": "22"
            },
            {
                "delta": 41429,
                "node": "20",
                "reporter": "22"
            },
            {
                "delta": 41429,
                "node": "26",
                "reporter": "22"
            },
            {
                "delta": 41429,
                "node": "17",
                "reporter": "22"
            },
            {
                "delta": 41430,
                "node": "30",
                "reporter": "22"
            },
            {
                "delta": 41430,
                "node": "7",
                "reporter": "22"
            },
            {
                "delta": 41430,
                "node": "10",
                "reporter": "22"
            },
            {
                "delta": 41430,
                "node": "23",
                "reporter": "18"
            },
            {
                "delta": 41430,
                "node": "24",
                "reporter": "18"
            },
            {
                "delta": 41430,
                "node": "15",
                "reporter": "18"
            },
            {
                "delta": 41431,
                "node": "26",
                "reporter": "18"
            },
            {
                "delta": 41434,
                "node": "13",
                "reporter": "18"
            },
            {
                "delta": 41434,
                "node": "27",
                "reporter": "18"
            },
            {
                "delta": 41434,
                "node": "11",
                "reporter": "18"
            },
            {
                "delta": 41979,
                "node": "21",
                "reporter": "22"
            },
            {
                "delta": 41984,
                "node": "21",
                "reporter": "5"
            },
            {
                "delta": 42019,
                "node": "23",
                "reporter": "12"
            },
            {
                "delta": 42019,
                "node": "24",
                "reporter": "12"
            },
            {
                "delta": 42019,
                "node": "15",
                "reporter": "12"
            },
            {
                "delta": 42019,
                "node": "7",
                "reporter": "12"
            },
            {
                "delta": 42020,
                "node": "13",
                "reporter": "12"
            },
            {
                "delta": 42020,
                "node": "27",
                "reporter": "12"
            },
            {
                "delta": 42022,
                "node": "11",
                "reporter": "12"
            },
            {
                "delta": 42771,
                "node": "27",
                "reporter": "29"
            },
            {
                "delta": 42771,
                "node": "11",
                "reporter": "29"
            },
            {
                "delta": 43441,
                "node": "21",
                "reporter": "29"
            },
            {
                "delta": 44347,
                "node": "21",
                "reporter": "16"
            },
            {
                "delta": 45174,
                "node": "21",
                "reporter": "8"
            }
        ]
    }
}