
{
    "id": "00212",
    "seed": 42,
    "repetition": 0,
    "settings": {
        "simulate_catastrophe": true,
        "number_of_nodes": 30,
        "duration": 120000,
        "gossip_delta": 200,
        "failure_delta": 3800,
        "miss_delta": 3800,
        "push_pull": false,
        "pick_strategy": 0,
        "enable_multicast": true,
        "multicast_parameter": 1.0,
        "multicast_max_wait": 3800,
        "expected_first_multicast": 1266
    },
    "result": {
        "start_time": 1500741793656,
        "end_time": 1500741913666,
        "expected_crashes": [
            {
                "delta": 31130,
                "node": "27"
            },
            {
                "delta": 31130,
                "node": "13"
            },
            {
                "delta": 31130,
                "node": "10"
            },
            {
                "delta": 31130,
                "node": "21"
            },
            {
                "delta": 31130,
                "node": "30"
            },
            {
                "delta": 31130,
                "node": "3"
            },
            {
                "delta": 31130,
                "node": "28"
            },
            {
                "delta": 31130,
                "node": "6"
            },
            {
                "delta": 31130,
                "node": "24"
            },
            {
                "delta": 31130,
                "node": "9"
            },
            {
                "delta": 31130,
                "node": "19"
            },
            {
                "delta": 31130,
                "node": "7"
            },
            {
                "delta": 31130,
                "node": "23"
            },
            {
                "delta": 31130,
                "node": "26"
            },
            {
                "delta": 31130,
                "node": "15"
            },
            {
                "delta": 31130,
                "node": "2"
            },
            {
                "delta": 31130,
                "node": "17"
            },
            {
                "delta": 31130,
                "node": "1"
            },
            {
                "delta": 31130,
                "node": "20"
            },
            {
                "delta": 31130,
                "node": "11"
            }
        ],
        "reported_crashes": [
            {
                "delta": 38328,
                "node": "7",
                "reporter": "16"
            },
            {
                "delta": 38488,
                "node": "6",
                "reporter": "22"
            },
            {
                "delta": 38589,
                "node": "7",
                "reporter": "18"
            },
            {
                "delta": 38671,
                "node": "2",
                "reporter": "29"
            },
            {
                "delta": 38697,
                "node": "6",
                "reporter": "12"
            },
            {
                "delta": 38697,
                "node": "21",
                "reporter": "12"
            },
            {
                "delta": 38697,
                "node": "27",
                "reporter": "12"
            },
            {
                "delta": 38710,
                "node": "17",
                "reporter": "18"
            },
            {
                "delta": 38734,
                "node": "10",
                "reporter": "5"
            },
            {
                "delta": 38734,
                "node": "11",
                "reporter": "5"
            },
            {
                "delta": 38772,
                "node": "23",
                "reporter": "4"
            },
            {
                "delta": 38787,
                "node": "7",
                "reporter": "12"
            },
            {
                "delta": 38792,
                "node": "26",
                "reporter": "29"
            },
            {
                "delta": 38798,
                "node": "24",
                "reporter": "22"
            },
            {
                "delta": 38899,
                "node": "19",
                "reporter": "25"
            },
            {
                "delta": 38899,
                "node": "9",
                "reporter": "25"
            },
            {
                "delta": 38907,
                "node": "1",
                "reporter": "16"
            },
            {
                "delta": 38938,
                "node": "2",
                "reporter": "22"
            },
            {
                "delta": 38938,
                "node": "3",
                "reporter": "22"
            },
            {
                "delta": 38967,
                "node": "10",
                "reporter": "12"
            },
            {
                "delta": 38967,
                "node": "11",
                "reporter": "12"
            },
            {
                "delta": 39000,
                "node": "13",
                "reporter": "14"
            },
            {
                "delta": 39014,
                "node": "6",
                "reporter": "5"
            },
            {
                "delta": 39014,
                "node": "7",
                "reporter": "5"
            },
            {
                "delta": 39015,
                "node": "21",
                "reporter": "5"
            },
            {
                "delta": 39015,
                "node": "27",
                "reporter": "5"
            },
            {
                "delta": 39103,
                "node": "20",
                "reporter": "5"
            },
            {
                "delta": 39103,
                "node": "15",
                "reporter": "5"
            },
            {
                "delta": 39103,
                "node": "30",
                "reporter": "5"
            },
            {
                "delta": 39104,
                "node": "28",
                "reporter": "5"
            },
            {
                "delta": 39111,
                "node": "6",
                "reporter": "4"
            },
            {
                "delta": 39111,
                "node": "20",
                "reporter": "4"
            },
            {
                "delta": 39111,
                "node": "15",
                "reporter": "4"
            },
            {
                "delta": 39112,
                "node": "30",
                "reporter": "4"
            },
            {
                "delta": 39112,
                "node": "7",
                "reporter": "4"
            },
            {
                "delta": 39112,
                "node": "21",
                "reporter": "4"
            },
            {
                "delta": 39112,
                "node": "27",
                "reporter": "4"
            },
            {
                "delta": 39112,
                "node": "28",
                "reporter": "4"
            },
            {
                "delta": 39112,
                "node": "10",
                "reporter": "4"
            },
            {
                "delta": 39112,
                "node": "11",
                "reporter": "4"
            },
            {
                "delta": 39113,
                "node": "6",
                "reporter": "8"
            },
            {
                "delta": 39113,
                "node": "7",
                "reporter": "8"
            },
            {
                "delta": 39113,
                "node": "21",
                "reporter": "8"
            },
            {
                "delta": 39113,
                "node": "27",
                "reporter": "8"
            },
            {
                "delta": 39114,
                "node": "10",
                "reporter": "8"
            },
            {
                "delta": 39114,
                "node": "11",
                "reporter": "8"
            },
            {
                "delta": 39204,
                "node": "13",
                "reporter": "5"
            },
            {
                "delta": 39333,
                "node": "24",
                "reporter": "5"
            },
            {
                "delta": 39333,
                "node": "2",
                "reporter": "5"
            },
            {
                "delta": 39333,
                "node": "3",
                "reporter": "5"
            },
            {
                "delta": 39432,
                "node": "7",
                "reporter": "29"
            },
            {
                "delta": 39432,
                "node": "21",
                "reporter": "29"
            },
            {
                "delta": 39432,
                "node": "27",
                "reporter": "29"
            },
            {
                "delta": 39432,
                "node": "10",
                "reporter": "29"
            },
            {
                "delta": 39432,
                "node": "11",
                "reporter": "29"
            },
            {
                "delta": 39432,
                "node": "6",
                "reporter": "29"
            },
            {
                "delta": 39508,
                "node": "13",
                "reporter": "22"
            },
            {
                "delta": 39548,
                "node": "6",
                "reporter": "25"
            },
            {
                "delta": 39548,
                "node": "23",
                "reporter": "25"
            },
            {
                "delta": 39549,
                "node": "20",
                "reporter": "25"
            },
            {
                "delta": 39549,
                "node": "15",
                "reporter": "25"
            },
            {
                "delta": 39549,
                "node": "30",
                "reporter": "25"
            },
            {
                "delta": 39549,
                "node": "7",
                "reporter": "25"
            },
            {
                "delta": 39550,
                "node": "21",
                "reporter": "25"
            },
            {
                "delta": 39550,
                "node": "27",
                "reporter": "25"
            },
            {
                "delta": 39550,
                "node": "28",
                "reporter": "25"
            },
            {
                "delta": 39550,
                "node": "10",
                "reporter": "25"
            },
            {
                "delta": 39569,
                "node": "11",
                "reporter": "25"
            },
            {
                "delta": 39651,
                "node": "17",
                "reporter": "29"
            },
            {
                "delta": 39711,
                "node": "1",
                "reporter": "4"
            },
            {
                "delta": 39753,
                "node": "23",
                "reporter": "5"
            },
            {
                "delta": 39753,
                "node": "1",
                "reporter": "5"
            },
            {
                "delta": 39806,
                "node": "24",
                "reporter": "12"
            },
            {
                "delta": 39806,
                "node": "2",
                "reporter": "12"
            },
            {
                "delta": 39806,
                "node": "20",
                "reporter": "12"
            },
            {
                "delta": 39806,
                "node": "15",
                "reporter": "12"
            },
            {
                "delta": 39807,
                "node": "30",
                "reporter": "12"
            },
            {
                "delta": 39807,
                "node": "13",
                "reporter": "12"
            },
            {
                "delta": 39807,
                "node": "28",
                "reporter": "12"
            },
            {
                "delta": 39807,
                "node": "3",
                "reporter": "12"
            },
            {
                "delta": 39881,
                "node": "17",
                "reporter": "4"
            },
            {
                "delta": 39990,
                "node": "6",
                "reporter": "18"
            },
            {
                "delta": 39990,
                "node": "24",
                "reporter": "18"
            },
            {
                "delta": 39990,
                "node": "2",
                "reporter": "18"
            },
            {
                "delta": 39990,
                "node": "13",
                "reporter": "18"
            },
            {
                "delta": 39990,
                "node": "3",
                "reporter": "18"
            },
            {
                "delta": 40049,
                "node": "6",
                "reporter": "14"
            },
            {
                "delta": 40049,
                "node": "23",
                "reporter": "14"
            },
            {
                "delta": 40049,
                "node": "1",
                "reporter": "14"
            },
            {
                "delta": 40049,
                "node": "20",
                "reporter": "14"
            },
            {
                "delta": 40049,
                "node": "15",
                "reporter": "14"
            },
            {
                "delta": 40049,
                "node": "17",
                "reporter": "14"
            },
            {
                "delta": 40049,
                "node": "30",
                "reporter": "14"
            },
            {
                "delta": 40049,
                "node": "7",
                "reporter": "14"
            },
            {
                "delta": 40049,
                "node": "21",
                "reporter": "14"
            },
            {
                "delta": 40049,
                "node": "27",
                "reporter": "14"
            },
            {
                "delta": 40060,
                "node": "26",
                "reporter": "18"
            },
            {
                "delta": 40060,
                "node": "21",
                "reporter": "18"
            },
            {
                "delta": 40060,
                "node": "27",
                "reporter": "18"
            },
            {
                "delta": 40060,
                "node": "10",
                "reporter": "18"
            },
            {
                "delta": 40061,
                "node": "11",
                "reporter": "18"
            },
            {
                "delta": 40107,
                "node": "1",
                "reporter": "12"
            },
            {
                "delta": 40195,
                "node": "28",
                "reporter": "14"
            },
            {
                "delta": 40195,
                "node": "10",
                "reporter": "14"
            },
            {
                "delta": 40195,
                "node": "11",
                "reporter": "14"
            },
            {
                "delta": 40233,
                "node": "2",
                "reporter": "8"
            },
            {
                "delta": 40233,
                "node": "26",
                "reporter": "8"
            },
            {
                "delta": 40233,
                "node": "17",
                "reporter": "8"
            },
            {
                "delta": 40300,
                "node": "23",
                "reporter": "18"
            },
            {
                "delta": 40300,
                "node": "1",
                "reporter": "18"
            },
            {
                "delta": 40300,
                "node": "20",
                "reporter": "18"
            },
            {
                "delta": 40300,
                "node": "15",
                "reporter": "18"
            },
            {
                "delta": 40300,
                "node": "30",
                "reporter": "18"
            },
            {
                "delta": 40300,
                "node": "28",
                "reporter": "18"
            },
            {
                "delta": 40348,
                "node": "1",
                "reporter": "25"
            },
            {
                "delta": 40348,
                "node": "24",
                "reporter": "25"
            },
            {
                "delta": 40349,
                "node": "2",
                "reporter": "25"
            },
            {
                "delta": 40349,
                "node": "26",
                "reporter": "25"
            },
            {
                "delta": 40349,
                "node": "17",
                "reporter": "25"
            },
            {
                "delta": 40349,
                "node": "13",
                "reporter": "25"
            },
            {
                "delta": 40349,
                "node": "3",
                "reporter": "25"
            },
            {
                "delta": 40676,
                "node": "23",
                "reporter": "12"
            },
            {
                "delta": 40676,
                "node": "26",
                "reporter": "12"
            },
            {
                "delta": 40676,
                "node": "17",
                "reporter": "12"
            },
            {
                "delta": 40903,
                "node": "19",
                "reporter": "8"
            },
            {
                "delta": 40903,
                "node": "23",
                "reporter": "8"
            },
            {
                "delta": 40903,
                "node": "1",
                "reporter": "8"
            },
            {
                "delta": 40903,
                "node": "24",
                "reporter": "8"
            },
            {
                "delta": 40903,
                "node": "20",
                "reporter": "8"
            },
            {
                "delta": 40903,
                "node": "15",
                "reporter": "8"
            },
            {
                "delta": 40904,
                "node": "30",
                "reporter": "8"
            },
            {
                "delta": 40904,
                "node": "13",
                "reporter": "8"
            },
            {
                "delta": 40904,
                "node": "28",
                "reporter": "8"
            },
            {
                "delta": 40904,
                "node": "3",
                "reporter": "8"
            },
            {
                "delta": 40979,
                "node": "9",
                "reporter": "8"
            },
            {
                "delta": 40982,
                "node": "23",
                "reporter": "29"
            },
            {
                "delta": 40982,
                "node": "1",
                "reporter": "29"
            },
            {
                "delta": 40982,
                "node": "20",
                "reporter": "29"
            },
            {
                "delta": 40982,
                "node": "15",
                "reporter": "29"
            },
            {
                "delta": 40982,
                "node": "30",
                "reporter": "29"
            },
            {
                "delta": 40982,
                "node": "28",
                "reporter": "29"
            },
            {
                "delta": 41109,
                "node": "23",
                "reporter": "22"
            },
            {
                "delta": 41109,
                "node": "1",
                "reporter": "22"
            },
            {
                "delta": 41109,
                "node": "20",
                "reporter": "22"
            },
            {
                "delta": 41109,
                "node": "15",
                "reporter": "22"
            },
            {
                "delta": 41109,
                "node": "26",
                "reporter": "22"
            },
            {
                "delta": 41109,
                "node": "17",
                "reporter": "22"
            },
            {
                "delta": 41109,
                "node": "30",
                "reporter": "22"
            },
            {
                "delta": 41110,
                "node": "7",
                "reporter": "22"
            },
            {
                "delta": 41110,
                "node": "21",
                "reporter": "22"
            },
            {
                "delta": 41110,
                "node": "27",
                "reporter": "22"
            },
            {
                "delta": 41113,
                "node": "26",
                "reporter": "5"
            },
            {
                "delta": 41113,
                "node": "17",
                "reporter": "5"
            },
            {
                "delta": 41142,
                "node": "24",
                "reporter": "4"
            },
            {
                "delta": 41142,
                "node": "2",
                "reporter": "4"
            },
            {
                "delta": 41146,
                "node": "26",
                "reporter": "4"
            },
            {
                "delta": 41146,
                "node": "13",
                "reporter": "4"
            },
            {
                "delta": 41146,
                "node": "3",
                "reporter": "4"
            },
            {
                "delta": 41167,
                "node": "19",
                "reporter": "12"
            },
            {
                "delta": 41167,
                "node": "9",
                "reporter": "12"
            },
            {
                "delta": 41184,
                "node": "28",
                "reporter": "22"
            },
            {
                "delta": 41184,
                "node": "10",
                "reporter": "22"
            },
            {
                "delta": 41184,
                "node": "11",
                "reporter": "22"
            },
            {
                "delta": 41208,
                "node": "19",
                "reporter": "22"
            },
            {
                "delta": 41208,
                "node": "9",
                "reporter": "22"
            },
            {
                "delta": 41292,
                "node": "24",
                "reporter": "29"
            },
            {
                "delta": 41292,
                "node": "13",
                "reporter": "29"
            },
            {
                "delta": 41292,
                "node": "3",
                "reporter": "29"
            },
            {
                "delta": 41549,
                "node": "6",
                "reporter": "16"
            },
            {
                "delta": 41549,
                "node": "23",
                "reporter": "16"
            },
            {
                "delta": 41549,
                "node": "24",
                "reporter": "16"
            },
            {
                "delta": 41549,
                "node": "2",
                "reporter": "16"
            },
            {
                "delta": 41552,
                "node": "20",
                "reporter": "16"
            },
            {
                "delta": 41552,
                "node": "26",
                "reporter": "16"
            },
            {
                "delta": 41552,
                "node": "17",
                "reporter": "16"
            },
            {
                "delta": 41552,
                "node": "30",
                "reporter": "16"
            },
            {
                "delta": 41552,
                "node": "13",
                "reporter": "16"
            },
            {
                "delta": 41552,
                "node": "21",
                "reporter": "16"
            },
            {
                "delta": 41569,
                "node": "27",
                "reporter": "16"
            },
            {
                "delta": 41569,
                "node": "28",
                "reporter": "16"
            },
            {
                "delta": 41569,
                "node": "10",
                "reporter": "16"
            },
            {
                "delta": 41569,
                "node": "3",
                "reporter": "16"
            },
            {
                "delta": 41569,
                "node": "11",
                "reporter": "16"
            },
            {
                "delta": 41569,
                "node": "15",
                "reporter": "16"
            },
            {
                "delta": 41741,
                "node": "19",
                "reporter": "4"
            },
            {
                "delta": 41741,
                "node": "9",
                "reporter": "4"
            },
            {
                "delta": 41844,
                "node": "19",
                "reporter": "5"
            },
            {
                "delta": 41846,
                "node": "9",
                "reporter": "5"
            },
            {
                "delta": 41847,
                "node": "19",
                "reporter": "14"
            },
            {
                "delta": 41847,
                "node": "24",
                "reporter": "14"
            },
            {
                "delta": 41848,
                "node": "2",
                "reporter": "14"
            },
            {
                "delta": 41848,
                "node": "26",
                "reporter": "14"
            },
            {
                "delta": 41848,
                "node": "3",
                "reporter": "14"
            },
            {
                "delta": 41848,
                "node": "9",
                "reporter": "14"
            },
            {
                "delta": 42460,
                "node": "19",
                "reporter": "18"
            },
            {
                "delta": 42460,
                "node": "9",
                "reporter": "18"
            },
            {
                "delta": 42552,
                "node": "19",
                "reporter": "29"
            },
            {
                "delta": 42552,
                "node": "9",
                "reporter": "29"
            },
            {
                "delta": 42697,
                "node": "19",
                "reporter": "16"
            },
            {
                "delta": 42697,
                "node": "9",
                "reporter": "16"
            }
        ]
    }
}