
{
    "id": "00211",
    "seed": 42,
    "repetition": 0,
    "settings": {
        "simulate_catastrophe": true,
        "number_of_nodes": 30,
        "duration": 120000,
        "gossip_delta": 200,
        "failure_delta": 3800,
        "miss_delta": 3800,
        "push_pull": false,
        "pick_strategy": 0,
        "enable_multicast": false,
        "multicast_parameter": null,
        "multicast_max_wait": null,
        "expected_first_multicast": null
    },
    "result": {
        "start_time": 1500741668637,
        "end_time": 1500741788648,
        "expected_crashes": [
            {
                "delta": 31130,
                "node": "27"
            },
            {
                "delta": 31130,
                "node": "13"
            },
            {
                "delta": 31130,
                "node": "10"
            },
            {
                "delta": 31130,
                "node": "21"
            },
            {
                "delta": 31130,
                "node": "30"
            },
            {
                "delta": 31130,
                "node": "3"
            },
            {
                "delta": 31130,
                "node": "28"
            },
            {
                "delta": 31130,
                "node": "6"
            },
            {
                "delta": 31130,
                "node": "24"
            },
            {
                "delta": 31130,
                "node": "9"
            },
            {
                "delta": 31130,
                "node": "19"
            },
            {
                "delta": 31130,
                "node": "7"
            },
            {
                "delta": 31130,
                "node": "23"
            },
            {
                "delta": 31130,
                "node": "26"
            },
            {
                "delta": 31130,
                "node": "15"
            },
            {
                "delta": 31130,
                "node": "2"
            },
            {
                "delta": 31130,
                "node": "17"
            },
            {
                "delta": 31130,
                "node": "1"
            },
            {
                "delta": 31130,
                "node": "20"
            },
            {
                "delta": 31130,
                "node": "11"
            }
        ],
        "reported_crashes": [
            {
                "delta": 34720,
                "node": "19",
                "reporter": "29"
            },
            {
                "delta": 34767,
                "node": "9",
                "reporter": "14"
            },
            {
                "delta": 34887,
                "node": "3",
                "reporter": "16"
            },
            {
                "delta": 34951,
                "node": "17",
                "reporter": "8"
            },
            {
                "delta": 34956,
                "node": "15",
                "reporter": "12"
            },
            {
                "delta": 34979,
                "node": "19",
                "reporter": "25"
            },
            {
                "delta": 34979,
                "node": "1",
                "reporter": "25"
            },
            {
                "delta": 34997,
                "node": "2",
                "reporter": "14"
            },
            {
                "delta": 35000,
                "node": "27",
                "reporter": "4"
            },
            {
                "delta": 35001,
                "node": "11",
                "reporter": "4"
            },
            {
                "delta": 35055,
                "node": "26",
                "reporter": "12"
            },
            {
                "delta": 35055,
                "node": "21",
                "reporter": "12"
            },
            {
                "delta": 35057,
                "node": "7",
                "reporter": "14"
            },
            {
                "delta": 35062,
                "node": "24",
                "reporter": "5"
            },
            {
                "delta": 35062,
                "node": "6",
                "reporter": "8"
            },
            {
                "delta": 35067,
                "node": "2",
                "reporter": "16"
            },
            {
                "delta": 35067,
                "node": "9",
                "reporter": "16"
            },
            {
                "delta": 35068,
                "node": "2",
                "reporter": "25"
            },
            {
                "delta": 35069,
                "node": "3",
                "reporter": "25"
            },
            {
                "delta": 35069,
                "node": "9",
                "reporter": "25"
            },
            {
                "delta": 35070,
                "node": "13",
                "reporter": "4"
            },
            {
                "delta": 35102,
                "node": "13",
                "reporter": "8"
            },
            {
                "delta": 35102,
                "node": "27",
                "reporter": "8"
            },
            {
                "delta": 35102,
                "node": "11",
                "reporter": "8"
            },
            {
                "delta": 35130,
                "node": "10",
                "reporter": "29"
            },
            {
                "delta": 35151,
                "node": "23",
                "reporter": "8"
            },
            {
                "delta": 35161,
                "node": "15",
                "reporter": "4"
            },
            {
                "delta": 35201,
                "node": "20",
                "reporter": "29"
            },
            {
                "delta": 35202,
                "node": "19",
                "reporter": "5"
            },
            {
                "delta": 35202,
                "node": "1",
                "reporter": "5"
            },
            {
                "delta": 35202,
                "node": "29",
                "reporter": "5"
            },
            {
                "delta": 35209,
                "node": "30",
                "reporter": "18"
            },
            {
                "delta": 35209,
                "node": "28",
                "reporter": "18"
            },
            {
                "delta": 35256,
                "node": "15",
                "reporter": "16"
            },
            {
                "delta": 35256,
                "node": "26",
                "reporter": "16"
            },
            {
                "delta": 35256,
                "node": "21",
                "reporter": "16"
            },
            {
                "delta": 35299,
                "node": "20",
                "reporter": "25"
            },
            {
                "delta": 35299,
                "node": "10",
                "reporter": "25"
            },
            {
                "delta": 35307,
                "node": "24",
                "reporter": "16"
            },
            {
                "delta": 35357,
                "node": "2",
                "reporter": "22"
            },
            {
                "delta": 35357,
                "node": "12",
                "reporter": "22"
            },
            {
                "delta": 35357,
                "node": "15",
                "reporter": "22"
            },
            {
                "delta": 35358,
                "node": "26",
                "reporter": "22"
            },
            {
                "delta": 35358,
                "node": "21",
                "reporter": "22"
            },
            {
                "delta": 35358,
                "node": "3",
                "reporter": "22"
            },
            {
                "delta": 35358,
                "node": "9",
                "reporter": "22"
            },
            {
                "delta": 35571,
                "node": "9",
                "reporter": "29"
            },
            {
                "delta": 35571,
                "node": "15",
                "reporter": "29"
            },
            {
                "delta": 35571,
                "node": "26",
                "reporter": "29"
            },
            {
                "delta": 35571,
                "node": "21",
                "reporter": "29"
            },
            {
                "delta": 35571,
                "node": "3",
                "reporter": "29"
            },
            {
                "delta": 35571,
                "node": "2",
                "reporter": "29"
            },
            {
                "delta": 35572,
                "node": "7",
                "reporter": "29"
            },
            {
                "delta": 35586,
                "node": "13",
                "reporter": "12"
            },
            {
                "delta": 35586,
                "node": "27",
                "reporter": "12"
            },
            {
                "delta": 35586,
                "node": "11",
                "reporter": "12"
            },
            {
                "delta": 35731,
                "node": "6",
                "reporter": "4"
            },
            {
                "delta": 35731,
                "node": "23",
                "reporter": "4"
            },
            {
                "delta": 35731,
                "node": "17",
                "reporter": "4"
            },
            {
                "delta": 35734,
                "node": "2",
                "reporter": "5"
            },
            {
                "delta": 35734,
                "node": "15",
                "reporter": "5"
            },
            {
                "delta": 35734,
                "node": "26",
                "reporter": "5"
            },
            {
                "delta": 35734,
                "node": "21",
                "reporter": "5"
            },
            {
                "delta": 35734,
                "node": "3",
                "reporter": "5"
            },
            {
                "delta": 35734,
                "node": "9",
                "reporter": "5"
            },
            {
                "delta": 35801,
                "node": "2",
                "reporter": "4"
            },
            {
                "delta": 35802,
                "node": "7",
                "reporter": "4"
            },
            {
                "delta": 35802,
                "node": "9",
                "reporter": "4"
            },
            {
                "delta": 35859,
                "node": "24",
                "reporter": "18"
            },
            {
                "delta": 35937,
                "node": "24",
                "reporter": "22"
            },
            {
                "delta": 35951,
                "node": "24",
                "reporter": "29"
            },
            {
                "delta": 36027,
                "node": "6",
                "reporter": "22"
            },
            {
                "delta": 36027,
                "node": "23",
                "reporter": "22"
            },
            {
                "delta": 36027,
                "node": "17",
                "reporter": "22"
            },
            {
                "delta": 36027,
                "node": "13",
                "reporter": "22"
            },
            {
                "delta": 36027,
                "node": "27",
                "reporter": "22"
            },
            {
                "delta": 36028,
                "node": "11",
                "reporter": "22"
            },
            {
                "delta": 36038,
                "node": "6",
                "reporter": "16"
            },
            {
                "delta": 36038,
                "node": "23",
                "reporter": "16"
            },
            {
                "delta": 36038,
                "node": "17",
                "reporter": "16"
            },
            {
                "delta": 36038,
                "node": "13",
                "reporter": "16"
            },
            {
                "delta": 36038,
                "node": "27",
                "reporter": "16"
            },
            {
                "delta": 36038,
                "node": "11",
                "reporter": "16"
            },
            {
                "delta": 36126,
                "node": "30",
                "reporter": "16"
            },
            {
                "delta": 36126,
                "node": "28",
                "reporter": "16"
            },
            {
                "delta": 36141,
                "node": "19",
                "reporter": "4"
            },
            {
                "delta": 36141,
                "node": "1",
                "reporter": "4"
            },
            {
                "delta": 36141,
                "node": "20",
                "reporter": "4"
            },
            {
                "delta": 36141,
                "node": "10",
                "reporter": "4"
            },
            {
                "delta": 36141,
                "node": "3",
                "reporter": "4"
            },
            {
                "delta": 36317,
                "node": "6",
                "reporter": "14"
            },
            {
                "delta": 36317,
                "node": "23",
                "reporter": "14"
            },
            {
                "delta": 36317,
                "node": "24",
                "reporter": "14"
            },
            {
                "delta": 36317,
                "node": "12",
                "reporter": "14"
            },
            {
                "delta": 36317,
                "node": "15",
                "reporter": "14"
            },
            {
                "delta": 36317,
                "node": "26",
                "reporter": "14"
            },
            {
                "delta": 36317,
                "node": "17",
                "reporter": "14"
            },
            {
                "delta": 36317,
                "node": "30",
                "reporter": "14"
            },
            {
                "delta": 36317,
                "node": "13",
                "reporter": "14"
            },
            {
                "delta": 36318,
                "node": "21",
                "reporter": "14"
            },
            {
                "delta": 36327,
                "node": "7",
                "reporter": "22"
            },
            {
                "delta": 36464,
                "node": "27",
                "reporter": "14"
            },
            {
                "delta": 36464,
                "node": "28",
                "reporter": "14"
            },
            {
                "delta": 36464,
                "node": "3",
                "reporter": "14"
            },
            {
                "delta": 36464,
                "node": "11",
                "reporter": "14"
            },
            {
                "delta": 36598,
                "node": "30",
                "reporter": "22"
            },
            {
                "delta": 36598,
                "node": "28",
                "reporter": "22"
            },
            {
                "delta": 36621,
                "node": "6",
                "reporter": "29"
            },
            {
                "delta": 36621,
                "node": "23",
                "reporter": "29"
            },
            {
                "delta": 36621,
                "node": "17",
                "reporter": "29"
            },
            {
                "delta": 36621,
                "node": "13",
                "reporter": "29"
            },
            {
                "delta": 36621,
                "node": "27",
                "reporter": "29"
            },
            {
                "delta": 36621,
                "node": "11",
                "reporter": "29"
            },
            {
                "delta": 36643,
                "node": "6",
                "reporter": "5"
            },
            {
                "delta": 36643,
                "node": "23",
                "reporter": "5"
            },
            {
                "delta": 36643,
                "node": "17",
                "reporter": "5"
            },
            {
                "delta": 36643,
                "node": "30",
                "reporter": "5"
            },
            {
                "delta": 36643,
                "node": "7",
                "reporter": "5"
            },
            {
                "delta": 36643,
                "node": "13",
                "reporter": "5"
            },
            {
                "delta": 36643,
                "node": "27",
                "reporter": "5"
            },
            {
                "delta": 36644,
                "node": "28",
                "reporter": "5"
            },
            {
                "delta": 36644,
                "node": "11",
                "reporter": "5"
            },
            {
                "delta": 36667,
                "node": "7",
                "reporter": "16"
            },
            {
                "delta": 36708,
                "node": "6",
                "reporter": "18"
            },
            {
                "delta": 36708,
                "node": "19",
                "reporter": "18"
            },
            {
                "delta": 36708,
                "node": "23",
                "reporter": "18"
            },
            {
                "delta": 36709,
                "node": "1",
                "reporter": "18"
            },
            {
                "delta": 36709,
                "node": "2",
                "reporter": "18"
            },
            {
                "delta": 36709,
                "node": "20",
                "reporter": "18"
            },
            {
                "delta": 36709,
                "node": "15",
                "reporter": "18"
            },
            {
                "delta": 36709,
                "node": "17",
                "reporter": "18"
            },
            {
                "delta": 36709,
                "node": "7",
                "reporter": "18"
            },
            {
                "delta": 36710,
                "node": "13",
                "reporter": "18"
            },
            {
                "delta": 36747,
                "node": "19",
                "reporter": "14"
            },
            {
                "delta": 36747,
                "node": "1",
                "reporter": "14"
            },
            {
                "delta": 36747,
                "node": "20",
                "reporter": "14"
            },
            {
                "delta": 36747,
                "node": "10",
                "reporter": "14"
            },
            {
                "delta": 36747,
                "node": "25",
                "reporter": "14"
            },
            {
                "delta": 36856,
                "node": "27",
                "reporter": "18"
            },
            {
                "delta": 36856,
                "node": "10",
                "reporter": "18"
            },
            {
                "delta": 36856,
                "node": "3",
                "reporter": "18"
            },
            {
                "delta": 36856,
                "node": "11",
                "reporter": "18"
            },
            {
                "delta": 36856,
                "node": "9",
                "reporter": "18"
            },
            {
                "delta": 36892,
                "node": "24",
                "reporter": "8"
            },
            {
                "delta": 36892,
                "node": "2",
                "reporter": "8"
            },
            {
                "delta": 36892,
                "node": "15",
                "reporter": "8"
            },
            {
                "delta": 36892,
                "node": "26",
                "reporter": "8"
            },
            {
                "delta": 36893,
                "node": "30",
                "reporter": "8"
            },
            {
                "delta": 36893,
                "node": "7",
                "reporter": "8"
            },
            {
                "delta": 36893,
                "node": "21",
                "reporter": "8"
            },
            {
                "delta": 36893,
                "node": "28",
                "reporter": "8"
            },
            {
                "delta": 36893,
                "node": "3",
                "reporter": "8"
            },
            {
                "delta": 36894,
                "node": "9",
                "reporter": "8"
            },
            {
                "delta": 36958,
                "node": "6",
                "reporter": "25"
            },
            {
                "delta": 36961,
                "node": "23",
                "reporter": "25"
            },
            {
                "delta": 36961,
                "node": "24",
                "reporter": "25"
            },
            {
                "delta": 36961,
                "node": "15",
                "reporter": "25"
            },
            {
                "delta": 36962,
                "node": "17",
                "reporter": "25"
            },
            {
                "delta": 36962,
                "node": "30",
                "reporter": "25"
            },
            {
                "delta": 36962,
                "node": "7",
                "reporter": "25"
            },
            {
                "delta": 36962,
                "node": "13",
                "reporter": "25"
            },
            {
                "delta": 36962,
                "node": "27",
                "reporter": "25"
            },
            {
                "delta": 36963,
                "node": "28",
                "reporter": "25"
            },
            {
                "delta": 36981,
                "node": "11",
                "reporter": "25"
            },
            {
                "delta": 37168,
                "node": "19",
                "reporter": "22"
            },
            {
                "delta": 37168,
                "node": "1",
                "reporter": "22"
            },
            {
                "delta": 37168,
                "node": "20",
                "reporter": "22"
            },
            {
                "delta": 37168,
                "node": "10",
                "reporter": "22"
            },
            {
                "delta": 37207,
                "node": "19",
                "reporter": "16"
            },
            {
                "delta": 37207,
                "node": "1",
                "reporter": "16"
            },
            {
                "delta": 37207,
                "node": "20",
                "reporter": "16"
            },
            {
                "delta": 37207,
                "node": "10",
                "reporter": "16"
            },
            {
                "delta": 37297,
                "node": "18",
                "reporter": "14"
            },
            {
                "delta": 37298,
                "node": "26",
                "reporter": "25"
            },
            {
                "delta": 37299,
                "node": "21",
                "reporter": "25"
            },
            {
                "delta": 37554,
                "node": "19",
                "reporter": "8"
            },
            {
                "delta": 37554,
                "node": "1",
                "reporter": "8"
            },
            {
                "delta": 37554,
                "node": "20",
                "reporter": "8"
            },
            {
                "delta": 37554,
                "node": "10",
                "reporter": "8"
            },
            {
                "delta": 37622,
                "node": "24",
                "reporter": "4"
            },
            {
                "delta": 37622,
                "node": "26",
                "reporter": "4"
            },
            {
                "delta": 37622,
                "node": "21",
                "reporter": "4"
            },
            {
                "delta": 37649,
                "node": "26",
                "reporter": "18"
            },
            {
                "delta": 37651,
                "node": "21",
                "reporter": "18"
            },
            {
                "delta": 37690,
                "node": "14",
                "reporter": "4"
            },
            {
                "delta": 37690,
                "node": "30",
                "reporter": "4"
            },
            {
                "delta": 37690,
                "node": "28",
                "reporter": "4"
            },
            {
                "delta": 37781,
                "node": "30",
                "reporter": "29"
            },
            {
                "delta": 37781,
                "node": "28",
                "reporter": "29"
            },
            {
                "delta": 37785,
                "node": "6",
                "reporter": "12"
            },
            {
                "delta": 37785,
                "node": "19",
                "reporter": "12"
            },
            {
                "delta": 37785,
                "node": "23",
                "reporter": "12"
            },
            {
                "delta": 37786,
                "node": "1",
                "reporter": "12"
            },
            {
                "delta": 37786,
                "node": "24",
                "reporter": "12"
            },
            {
                "delta": 37786,
                "node": "2",
                "reporter": "12"
            },
            {
                "delta": 37786,
                "node": "20",
                "reporter": "12"
            },
            {
                "delta": 37786,
                "node": "17",
                "reporter": "12"
            },
            {
                "delta": 37786,
                "node": "30",
                "reporter": "12"
            },
            {
                "delta": 37787,
                "node": "7",
                "reporter": "12"
            },
            {
                "delta": 37926,
                "node": "28",
                "reporter": "12"
            },
            {
                "delta": 37926,
                "node": "10",
                "reporter": "12"
            },
            {
                "delta": 37926,
                "node": "3",
                "reporter": "12"
            },
            {
                "delta": 37926,
                "node": "9",
                "reporter": "12"
            },
            {
                "delta": 38720,
                "node": "1",
                "reporter": "29"
            },
            {
                "delta": 39382,
                "node": "20",
                "reporter": "5"
            },
            {
                "delta": 39382,
                "node": "10",
                "reporter": "5"
            }
        ]
    }
}