
{
    "id": "00218",
    "seed": 42,
    "repetition": 0,
    "settings": {
        "simulate_catastrophe": true,
        "number_of_nodes": 30,
        "duration": 120000,
        "gossip_delta": 200,
        "failure_delta": 3800,
        "miss_delta": 3800,
        "push_pull": false,
        "pick_strategy": 1,
        "enable_multicast": true,
        "multicast_parameter": 5.75,
        "multicast_max_wait": 3800,
        "expected_first_multicast": 2533
    },
    "result": {
        "start_time": 1500742543836,
        "end_time": 1500742663846,
        "expected_crashes": [
            {
                "delta": 31130,
                "node": "27"
            },
            {
                "delta": 31130,
                "node": "13"
            },
            {
                "delta": 31130,
                "node": "10"
            },
            {
                "delta": 31130,
                "node": "21"
            },
            {
                "delta": 31130,
                "node": "30"
            },
            {
                "delta": 31130,
                "node": "3"
            },
            {
                "delta": 31130,
                "node": "28"
            },
            {
                "delta": 31130,
                "node": "6"
            },
            {
                "delta": 31130,
                "node": "24"
            },
            {
                "delta": 31130,
                "node": "9"
            },
            {
                "delta": 31130,
                "node": "19"
            },
            {
                "delta": 31130,
                "node": "7"
            },
            {
                "delta": 31130,
                "node": "23"
            },
            {
                "delta": 31130,
                "node": "26"
            },
            {
                "delta": 31130,
                "node": "15"
            },
            {
                "delta": 31130,
                "node": "2"
            },
            {
                "delta": 31130,
                "node": "17"
            },
            {
                "delta": 31130,
                "node": "1"
            },
            {
                "delta": 31130,
                "node": "20"
            },
            {
                "delta": 31130,
                "node": "11"
            }
        ],
        "reported_crashes": [
            {
                "delta": 38489,
                "node": "19",
                "reporter": "25"
            },
            {
                "delta": 38579,
                "node": "23",
                "reporter": "22"
            },
            {
                "delta": 38641,
                "node": "20",
                "reporter": "29"
            },
            {
                "delta": 38724,
                "node": "19",
                "reporter": "5"
            },
            {
                "delta": 38790,
                "node": "24",
                "reporter": "12"
            },
            {
                "delta": 38790,
                "node": "11",
                "reporter": "12"
            },
            {
                "delta": 38851,
                "node": "23",
                "reporter": "18"
            },
            {
                "delta": 38851,
                "node": "26",
                "reporter": "18"
            },
            {
                "delta": 38851,
                "node": "10",
                "reporter": "18"
            },
            {
                "delta": 38895,
                "node": "7",
                "reporter": "8"
            },
            {
                "delta": 38899,
                "node": "30",
                "reporter": "12"
            },
            {
                "delta": 38902,
                "node": "19",
                "reporter": "4"
            },
            {
                "delta": 38948,
                "node": "19",
                "reporter": "16"
            },
            {
                "delta": 38948,
                "node": "3",
                "reporter": "16"
            },
            {
                "delta": 38996,
                "node": "13",
                "reporter": "8"
            },
            {
                "delta": 38996,
                "node": "9",
                "reporter": "8"
            },
            {
                "delta": 39001,
                "node": "15",
                "reporter": "29"
            },
            {
                "delta": 39001,
                "node": "27",
                "reporter": "29"
            },
            {
                "delta": 39014,
                "node": "21",
                "reporter": "5"
            },
            {
                "delta": 39024,
                "node": "6",
                "reporter": "5"
            },
            {
                "delta": 39032,
                "node": "23",
                "reporter": "29"
            },
            {
                "delta": 39032,
                "node": "26",
                "reporter": "29"
            },
            {
                "delta": 39032,
                "node": "10",
                "reporter": "29"
            },
            {
                "delta": 39072,
                "node": "1",
                "reporter": "4"
            },
            {
                "delta": 39075,
                "node": "24",
                "reporter": "8"
            },
            {
                "delta": 39075,
                "node": "30",
                "reporter": "8"
            },
            {
                "delta": 39075,
                "node": "11",
                "reporter": "8"
            },
            {
                "delta": 39101,
                "node": "17",
                "reporter": "4"
            },
            {
                "delta": 39157,
                "node": "2",
                "reporter": "16"
            },
            {
                "delta": 39224,
                "node": "23",
                "reporter": "5"
            },
            {
                "delta": 39224,
                "node": "20",
                "reporter": "5"
            },
            {
                "delta": 39225,
                "node": "15",
                "reporter": "5"
            },
            {
                "delta": 39225,
                "node": "26",
                "reporter": "5"
            },
            {
                "delta": 39225,
                "node": "27",
                "reporter": "5"
            },
            {
                "delta": 39225,
                "node": "10",
                "reporter": "5"
            },
            {
                "delta": 39252,
                "node": "23",
                "reporter": "4"
            },
            {
                "delta": 39252,
                "node": "26",
                "reporter": "4"
            },
            {
                "delta": 39252,
                "node": "10",
                "reporter": "4"
            },
            {
                "delta": 39328,
                "node": "6",
                "reporter": "16"
            },
            {
                "delta": 39328,
                "node": "23",
                "reporter": "16"
            },
            {
                "delta": 39328,
                "node": "20",
                "reporter": "16"
            },
            {
                "delta": 39328,
                "node": "15",
                "reporter": "16"
            },
            {
                "delta": 39328,
                "node": "26",
                "reporter": "16"
            },
            {
                "delta": 39328,
                "node": "21",
                "reporter": "16"
            },
            {
                "delta": 39329,
                "node": "27",
                "reporter": "16"
            },
            {
                "delta": 39331,
                "node": "10",
                "reporter": "16"
            },
            {
                "delta": 39630,
                "node": "23",
                "reporter": "12"
            },
            {
                "delta": 39630,
                "node": "26",
                "reporter": "12"
            },
            {
                "delta": 39630,
                "node": "10",
                "reporter": "12"
            },
            {
                "delta": 39749,
                "node": "6",
                "reporter": "25"
            },
            {
                "delta": 39749,
                "node": "23",
                "reporter": "25"
            },
            {
                "delta": 39749,
                "node": "20",
                "reporter": "25"
            },
            {
                "delta": 39749,
                "node": "15",
                "reporter": "25"
            },
            {
                "delta": 39749,
                "node": "26",
                "reporter": "25"
            },
            {
                "delta": 39750,
                "node": "21",
                "reporter": "25"
            },
            {
                "delta": 39750,
                "node": "27",
                "reporter": "25"
            },
            {
                "delta": 39750,
                "node": "10",
                "reporter": "25"
            },
            {
                "delta": 39754,
                "node": "24",
                "reporter": "5"
            },
            {
                "delta": 39754,
                "node": "30",
                "reporter": "5"
            },
            {
                "delta": 39755,
                "node": "7",
                "reporter": "5"
            },
            {
                "delta": 39755,
                "node": "13",
                "reporter": "5"
            },
            {
                "delta": 39755,
                "node": "11",
                "reporter": "5"
            },
            {
                "delta": 39755,
                "node": "9",
                "reporter": "5"
            },
            {
                "delta": 39812,
                "node": "24",
                "reporter": "4"
            },
            {
                "delta": 39812,
                "node": "30",
                "reporter": "4"
            },
            {
                "delta": 39812,
                "node": "11",
                "reporter": "4"
            },
            {
                "delta": 39912,
                "node": "2",
                "reporter": "4"
            },
            {
                "delta": 39912,
                "node": "7",
                "reporter": "4"
            },
            {
                "delta": 39912,
                "node": "13",
                "reporter": "4"
            },
            {
                "delta": 39912,
                "node": "9",
                "reporter": "4"
            },
            {
                "delta": 39980,
                "node": "24",
                "reporter": "18"
            },
            {
                "delta": 39980,
                "node": "30",
                "reporter": "18"
            },
            {
                "delta": 39980,
                "node": "7",
                "reporter": "18"
            },
            {
                "delta": 39980,
                "node": "13",
                "reporter": "18"
            },
            {
                "delta": 39980,
                "node": "11",
                "reporter": "18"
            },
            {
                "delta": 39981,
                "node": "9",
                "reporter": "18"
            },
            {
                "delta": 39989,
                "node": "2",
                "reporter": "25"
            },
            {
                "delta": 39989,
                "node": "3",
                "reporter": "25"
            },
            {
                "delta": 40009,
                "node": "24",
                "reporter": "22"
            },
            {
                "delta": 40009,
                "node": "2",
                "reporter": "22"
            },
            {
                "delta": 40009,
                "node": "30",
                "reporter": "22"
            },
            {
                "delta": 40009,
                "node": "7",
                "reporter": "22"
            },
            {
                "delta": 40009,
                "node": "13",
                "reporter": "22"
            },
            {
                "delta": 40010,
                "node": "28",
                "reporter": "22"
            },
            {
                "delta": 40010,
                "node": "11",
                "reporter": "22"
            },
            {
                "delta": 40010,
                "node": "9",
                "reporter": "22"
            },
            {
                "delta": 40087,
                "node": "24",
                "reporter": "16"
            },
            {
                "delta": 40088,
                "node": "30",
                "reporter": "16"
            },
            {
                "delta": 40088,
                "node": "7",
                "reporter": "16"
            },
            {
                "delta": 40088,
                "node": "13",
                "reporter": "16"
            },
            {
                "delta": 40088,
                "node": "28",
                "reporter": "16"
            },
            {
                "delta": 40088,
                "node": "11",
                "reporter": "16"
            },
            {
                "delta": 40089,
                "node": "9",
                "reporter": "16"
            },
            {
                "delta": 40090,
                "node": "6",
                "reporter": "18"
            },
            {
                "delta": 40090,
                "node": "19",
                "reporter": "18"
            },
            {
                "delta": 40091,
                "node": "20",
                "reporter": "18"
            },
            {
                "delta": 40091,
                "node": "15",
                "reporter": "18"
            },
            {
                "delta": 40091,
                "node": "21",
                "reporter": "18"
            },
            {
                "delta": 40128,
                "node": "27",
                "reporter": "18"
            },
            {
                "delta": 40442,
                "node": "24",
                "reporter": "29"
            },
            {
                "delta": 40442,
                "node": "30",
                "reporter": "29"
            },
            {
                "delta": 40442,
                "node": "11",
                "reporter": "29"
            },
            {
                "delta": 40442,
                "node": "19",
                "reporter": "12"
            },
            {
                "delta": 40442,
                "node": "1",
                "reporter": "12"
            },
            {
                "delta": 40442,
                "node": "2",
                "reporter": "12"
            },
            {
                "delta": 40442,
                "node": "17",
                "reporter": "12"
            },
            {
                "delta": 40442,
                "node": "7",
                "reporter": "12"
            },
            {
                "delta": 40442,
                "node": "13",
                "reporter": "12"
            },
            {
                "delta": 40442,
                "node": "9",
                "reporter": "12"
            },
            {
                "delta": 40580,
                "node": "28",
                "reporter": "12"
            },
            {
                "delta": 40795,
                "node": "2",
                "reporter": "5"
            },
            {
                "delta": 40795,
                "node": "28",
                "reporter": "5"
            },
            {
                "delta": 40795,
                "node": "3",
                "reporter": "5"
            },
            {
                "delta": 40957,
                "node": "1",
                "reporter": "16"
            },
            {
                "delta": 40957,
                "node": "17",
                "reporter": "16"
            },
            {
                "delta": 40971,
                "node": "6",
                "reporter": "29"
            },
            {
                "delta": 40971,
                "node": "19",
                "reporter": "29"
            },
            {
                "delta": 40971,
                "node": "7",
                "reporter": "29"
            },
            {
                "delta": 40971,
                "node": "13",
                "reporter": "29"
            },
            {
                "delta": 40971,
                "node": "21",
                "reporter": "29"
            },
            {
                "delta": 40972,
                "node": "9",
                "reporter": "29"
            },
            {
                "delta": 41008,
                "node": "23",
                "reporter": "14"
            },
            {
                "delta": 41008,
                "node": "24",
                "reporter": "14"
            },
            {
                "delta": 41008,
                "node": "2",
                "reporter": "14"
            },
            {
                "delta": 41008,
                "node": "30",
                "reporter": "14"
            },
            {
                "delta": 41008,
                "node": "7",
                "reporter": "14"
            },
            {
                "delta": 41008,
                "node": "13",
                "reporter": "14"
            },
            {
                "delta": 41008,
                "node": "28",
                "reporter": "14"
            },
            {
                "delta": 41009,
                "node": "11",
                "reporter": "14"
            },
            {
                "delta": 41009,
                "node": "9",
                "reporter": "14"
            },
            {
                "delta": 41044,
                "node": "23",
                "reporter": "8"
            },
            {
                "delta": 41045,
                "node": "2",
                "reporter": "8"
            },
            {
                "delta": 41045,
                "node": "28",
                "reporter": "8"
            },
            {
                "delta": 41059,
                "node": "24",
                "reporter": "25"
            },
            {
                "delta": 41059,
                "node": "30",
                "reporter": "25"
            },
            {
                "delta": 41059,
                "node": "7",
                "reporter": "25"
            },
            {
                "delta": 41060,
                "node": "13",
                "reporter": "25"
            },
            {
                "delta": 41060,
                "node": "28",
                "reporter": "25"
            },
            {
                "delta": 41060,
                "node": "11",
                "reporter": "25"
            },
            {
                "delta": 41060,
                "node": "9",
                "reporter": "25"
            },
            {
                "delta": 41109,
                "node": "6",
                "reporter": "22"
            },
            {
                "delta": 41109,
                "node": "19",
                "reporter": "22"
            },
            {
                "delta": 41109,
                "node": "1",
                "reporter": "22"
            },
            {
                "delta": 41109,
                "node": "20",
                "reporter": "22"
            },
            {
                "delta": 41109,
                "node": "15",
                "reporter": "22"
            },
            {
                "delta": 41109,
                "node": "26",
                "reporter": "22"
            },
            {
                "delta": 41109,
                "node": "17",
                "reporter": "22"
            },
            {
                "delta": 41110,
                "node": "21",
                "reporter": "22"
            },
            {
                "delta": 41110,
                "node": "27",
                "reporter": "22"
            },
            {
                "delta": 41110,
                "node": "10",
                "reporter": "22"
            },
            {
                "delta": 41162,
                "node": "28",
                "reporter": "4"
            },
            {
                "delta": 41174,
                "node": "19",
                "reporter": "8"
            },
            {
                "delta": 41174,
                "node": "1",
                "reporter": "8"
            },
            {
                "delta": 41174,
                "node": "26",
                "reporter": "8"
            },
            {
                "delta": 41174,
                "node": "17",
                "reporter": "8"
            },
            {
                "delta": 41175,
                "node": "10",
                "reporter": "8"
            },
            {
                "delta": 41184,
                "node": "3",
                "reporter": "22"
            },
            {
                "delta": 41190,
                "node": "2",
                "reporter": "18"
            },
            {
                "delta": 41190,
                "node": "28",
                "reporter": "18"
            },
            {
                "delta": 41231,
                "node": "2",
                "reporter": "29"
            },
            {
                "delta": 41231,
                "node": "28",
                "reporter": "29"
            },
            {
                "delta": 41254,
                "node": "1",
                "reporter": "5"
            },
            {
                "delta": 41254,
                "node": "17",
                "reporter": "5"
            },
            {
                "delta": 41298,
                "node": "19",
                "reporter": "14"
            },
            {
                "delta": 41298,
                "node": "1",
                "reporter": "14"
            },
            {
                "delta": 41298,
                "node": "26",
                "reporter": "14"
            },
            {
                "delta": 41298,
                "node": "17",
                "reporter": "14"
            },
            {
                "delta": 41299,
                "node": "10",
                "reporter": "14"
            },
            {
                "delta": 41701,
                "node": "1",
                "reporter": "29"
            },
            {
                "delta": 41701,
                "node": "17",
                "reporter": "29"
            },
            {
                "delta": 41879,
                "node": "1",
                "reporter": "25"
            },
            {
                "delta": 41879,
                "node": "17",
                "reporter": "25"
            },
            {
                "delta": 42260,
                "node": "6",
                "reporter": "12"
            },
            {
                "delta": 42260,
                "node": "20",
                "reporter": "12"
            },
            {
                "delta": 42260,
                "node": "15",
                "reporter": "12"
            },
            {
                "delta": 42260,
                "node": "21",
                "reporter": "12"
            },
            {
                "delta": 42260,
                "node": "27",
                "reporter": "12"
            },
            {
                "delta": 42260,
                "node": "3",
                "reporter": "12"
            },
            {
                "delta": 42275,
                "node": "6",
                "reporter": "8"
            },
            {
                "delta": 42275,
                "node": "20",
                "reporter": "8"
            },
            {
                "delta": 42275,
                "node": "15",
                "reporter": "8"
            },
            {
                "delta": 42275,
                "node": "21",
                "reporter": "8"
            },
            {
                "delta": 42275,
                "node": "27",
                "reporter": "8"
            },
            {
                "delta": 42275,
                "node": "3",
                "reporter": "8"
            },
            {
                "delta": 43078,
                "node": "6",
                "reporter": "14"
            },
            {
                "delta": 43078,
                "node": "20",
                "reporter": "14"
            },
            {
                "delta": 43078,
                "node": "15",
                "reporter": "14"
            },
            {
                "delta": 43078,
                "node": "21",
                "reporter": "14"
            },
            {
                "delta": 43078,
                "node": "27",
                "reporter": "14"
            },
            {
                "delta": 43078,
                "node": "3",
                "reporter": "14"
            },
            {
                "delta": 43420,
                "node": "1",
                "reporter": "18"
            },
            {
                "delta": 43420,
                "node": "17",
                "reporter": "18"
            },
            {
                "delta": 43420,
                "node": "3",
                "reporter": "18"
            },
            {
                "delta": 43562,
                "node": "6",
                "reporter": "4"
            },
            {
                "delta": 43562,
                "node": "20",
                "reporter": "4"
            },
            {
                "delta": 43563,
                "node": "15",
                "reporter": "4"
            },
            {
                "delta": 43563,
                "node": "21",
                "reporter": "4"
            },
            {
                "delta": 43563,
                "node": "27",
                "reporter": "4"
            },
            {
                "delta": 43563,
                "node": "3",
                "reporter": "4"
            },
            {
                "delta": 44001,
                "node": "3",
                "reporter": "29"
            }
        ]
    }
}