
{
    "id": "00223",
    "seed": 42,
    "repetition": 0,
    "settings": {
        "simulate_catastrophe": true,
        "number_of_nodes": 30,
        "duration": 120000,
        "gossip_delta": 200,
        "failure_delta": 3800,
        "miss_delta": 3800,
        "push_pull": false,
        "pick_strategy": 2,
        "enable_multicast": true,
        "multicast_parameter": 5.75,
        "multicast_max_wait": 3800,
        "expected_first_multicast": 2533
    },
    "result": {
        "start_time": 1500743168987,
        "end_time": 1500743288997,
        "expected_crashes": [
            {
                "delta": 31130,
                "node": "27"
            },
            {
                "delta": 31130,
                "node": "13"
            },
            {
                "delta": 31130,
                "node": "10"
            },
            {
                "delta": 31130,
                "node": "21"
            },
            {
                "delta": 31130,
                "node": "30"
            },
            {
                "delta": 31130,
                "node": "3"
            },
            {
                "delta": 31130,
                "node": "28"
            },
            {
                "delta": 31130,
                "node": "6"
            },
            {
                "delta": 31130,
                "node": "24"
            },
            {
                "delta": 31130,
                "node": "9"
            },
            {
                "delta": 31130,
                "node": "19"
            },
            {
                "delta": 31130,
                "node": "7"
            },
            {
                "delta": 31130,
                "node": "23"
            },
            {
                "delta": 31130,
                "node": "26"
            },
            {
                "delta": 31130,
                "node": "15"
            },
            {
                "delta": 31130,
                "node": "2"
            },
            {
                "delta": 31130,
                "node": "17"
            },
            {
                "delta": 31130,
                "node": "1"
            },
            {
                "delta": 31130,
                "node": "20"
            },
            {
                "delta": 31130,
                "node": "11"
            }
        ],
        "reported_crashes": [
            {
                "delta": 38615,
                "node": "23",
                "reporter": "12"
            },
            {
                "delta": 38630,
                "node": "1",
                "reporter": "29"
            },
            {
                "delta": 38688,
                "node": "19",
                "reporter": "22"
            },
            {
                "delta": 38731,
                "node": "11",
                "reporter": "4"
            },
            {
                "delta": 38777,
                "node": "15",
                "reporter": "14"
            },
            {
                "delta": 38798,
                "node": "17",
                "reporter": "22"
            },
            {
                "delta": 38818,
                "node": "20",
                "reporter": "22"
            },
            {
                "delta": 38833,
                "node": "23",
                "reporter": "5"
            },
            {
                "delta": 38836,
                "node": "26",
                "reporter": "16"
            },
            {
                "delta": 38836,
                "node": "30",
                "reporter": "16"
            },
            {
                "delta": 38836,
                "node": "28",
                "reporter": "16"
            },
            {
                "delta": 38849,
                "node": "26",
                "reporter": "25"
            },
            {
                "delta": 38849,
                "node": "30",
                "reporter": "25"
            },
            {
                "delta": 38849,
                "node": "28",
                "reporter": "25"
            },
            {
                "delta": 38901,
                "node": "23",
                "reporter": "4"
            },
            {
                "delta": 38919,
                "node": "6",
                "reporter": "18"
            },
            {
                "delta": 38919,
                "node": "2",
                "reporter": "18"
            },
            {
                "delta": 38919,
                "node": "21",
                "reporter": "18"
            },
            {
                "delta": 38931,
                "node": "1",
                "reporter": "4"
            },
            {
                "delta": 38931,
                "node": "24",
                "reporter": "4"
            },
            {
                "delta": 38931,
                "node": "7",
                "reporter": "4"
            },
            {
                "delta": 38931,
                "node": "3",
                "reporter": "4"
            },
            {
                "delta": 38963,
                "node": "10",
                "reporter": "5"
            },
            {
                "delta": 38993,
                "node": "9",
                "reporter": "5"
            },
            {
                "delta": 39035,
                "node": "26",
                "reporter": "12"
            },
            {
                "delta": 39035,
                "node": "30",
                "reporter": "12"
            },
            {
                "delta": 39035,
                "node": "28",
                "reporter": "12"
            },
            {
                "delta": 39097,
                "node": "6",
                "reporter": "16"
            },
            {
                "delta": 39097,
                "node": "2",
                "reporter": "16"
            },
            {
                "delta": 39097,
                "node": "21",
                "reporter": "16"
            },
            {
                "delta": 39121,
                "node": "13",
                "reporter": "4"
            },
            {
                "delta": 39121,
                "node": "27",
                "reporter": "4"
            },
            {
                "delta": 39297,
                "node": "15",
                "reporter": "16"
            },
            {
                "delta": 39499,
                "node": "23",
                "reporter": "18"
            },
            {
                "delta": 39499,
                "node": "26",
                "reporter": "18"
            },
            {
                "delta": 39499,
                "node": "30",
                "reporter": "18"
            },
            {
                "delta": 39499,
                "node": "28",
                "reporter": "18"
            },
            {
                "delta": 39513,
                "node": "26",
                "reporter": "5"
            },
            {
                "delta": 39514,
                "node": "30",
                "reporter": "5"
            },
            {
                "delta": 39514,
                "node": "28",
                "reporter": "5"
            },
            {
                "delta": 39537,
                "node": "19",
                "reporter": "14"
            },
            {
                "delta": 39537,
                "node": "20",
                "reporter": "14"
            },
            {
                "delta": 39537,
                "node": "17",
                "reporter": "14"
            },
            {
                "delta": 39612,
                "node": "15",
                "reporter": "4"
            },
            {
                "delta": 39654,
                "node": "6",
                "reporter": "5"
            },
            {
                "delta": 39654,
                "node": "2",
                "reporter": "5"
            },
            {
                "delta": 39654,
                "node": "15",
                "reporter": "5"
            },
            {
                "delta": 39654,
                "node": "21",
                "reporter": "5"
            },
            {
                "delta": 39689,
                "node": "1",
                "reporter": "18"
            },
            {
                "delta": 39689,
                "node": "24",
                "reporter": "18"
            },
            {
                "delta": 39689,
                "node": "7",
                "reporter": "18"
            },
            {
                "delta": 39690,
                "node": "13",
                "reporter": "18"
            },
            {
                "delta": 39690,
                "node": "27",
                "reporter": "18"
            },
            {
                "delta": 39690,
                "node": "3",
                "reporter": "18"
            },
            {
                "delta": 39690,
                "node": "11",
                "reporter": "18"
            },
            {
                "delta": 39779,
                "node": "6",
                "reporter": "22"
            },
            {
                "delta": 39779,
                "node": "23",
                "reporter": "22"
            },
            {
                "delta": 39780,
                "node": "1",
                "reporter": "22"
            },
            {
                "delta": 39780,
                "node": "24",
                "reporter": "22"
            },
            {
                "delta": 39780,
                "node": "2",
                "reporter": "22"
            },
            {
                "delta": 39780,
                "node": "26",
                "reporter": "22"
            },
            {
                "delta": 39780,
                "node": "30",
                "reporter": "22"
            },
            {
                "delta": 39780,
                "node": "7",
                "reporter": "22"
            },
            {
                "delta": 39780,
                "node": "13",
                "reporter": "22"
            },
            {
                "delta": 39780,
                "node": "21",
                "reporter": "22"
            },
            {
                "delta": 39855,
                "node": "27",
                "reporter": "22"
            },
            {
                "delta": 39855,
                "node": "28",
                "reporter": "22"
            },
            {
                "delta": 39855,
                "node": "3",
                "reporter": "22"
            },
            {
                "delta": 39855,
                "node": "11",
                "reporter": "22"
            },
            {
                "delta": 39993,
                "node": "19",
                "reporter": "5"
            },
            {
                "delta": 39993,
                "node": "1",
                "reporter": "5"
            },
            {
                "delta": 39993,
                "node": "24",
                "reporter": "5"
            },
            {
                "delta": 39994,
                "node": "20",
                "reporter": "5"
            },
            {
                "delta": 39994,
                "node": "17",
                "reporter": "5"
            },
            {
                "delta": 39994,
                "node": "7",
                "reporter": "5"
            },
            {
                "delta": 39994,
                "node": "13",
                "reporter": "5"
            },
            {
                "delta": 39994,
                "node": "27",
                "reporter": "5"
            },
            {
                "delta": 39994,
                "node": "3",
                "reporter": "5"
            },
            {
                "delta": 39995,
                "node": "11",
                "reporter": "5"
            },
            {
                "delta": 40015,
                "node": "6",
                "reporter": "12"
            },
            {
                "delta": 40015,
                "node": "2",
                "reporter": "12"
            },
            {
                "delta": 40015,
                "node": "15",
                "reporter": "12"
            },
            {
                "delta": 40015,
                "node": "21",
                "reporter": "12"
            },
            {
                "delta": 40015,
                "node": "10",
                "reporter": "12"
            },
            {
                "delta": 40016,
                "node": "9",
                "reporter": "12"
            },
            {
                "delta": 40046,
                "node": "1",
                "reporter": "12"
            },
            {
                "delta": 40046,
                "node": "24",
                "reporter": "12"
            },
            {
                "delta": 40046,
                "node": "7",
                "reporter": "12"
            },
            {
                "delta": 40046,
                "node": "13",
                "reporter": "12"
            },
            {
                "delta": 40046,
                "node": "27",
                "reporter": "12"
            },
            {
                "delta": 40154,
                "node": "3",
                "reporter": "12"
            },
            {
                "delta": 40154,
                "node": "11",
                "reporter": "12"
            },
            {
                "delta": 40166,
                "node": "19",
                "reporter": "16"
            },
            {
                "delta": 40166,
                "node": "23",
                "reporter": "16"
            },
            {
                "delta": 40166,
                "node": "1",
                "reporter": "16"
            },
            {
                "delta": 40167,
                "node": "24",
                "reporter": "16"
            },
            {
                "delta": 40167,
                "node": "20",
                "reporter": "16"
            },
            {
                "delta": 40167,
                "node": "17",
                "reporter": "16"
            },
            {
                "delta": 40167,
                "node": "7",
                "reporter": "16"
            },
            {
                "delta": 40167,
                "node": "13",
                "reporter": "16"
            },
            {
                "delta": 40167,
                "node": "27",
                "reporter": "16"
            },
            {
                "delta": 40168,
                "node": "10",
                "reporter": "16"
            },
            {
                "delta": 40187,
                "node": "3",
                "reporter": "16"
            },
            {
                "delta": 40187,
                "node": "11",
                "reporter": "16"
            },
            {
                "delta": 40187,
                "node": "9",
                "reporter": "16"
            },
            {
                "delta": 40512,
                "node": "6",
                "reporter": "4"
            },
            {
                "delta": 40512,
                "node": "2",
                "reporter": "4"
            },
            {
                "delta": 40512,
                "node": "26",
                "reporter": "4"
            },
            {
                "delta": 40512,
                "node": "30",
                "reporter": "4"
            },
            {
                "delta": 40512,
                "node": "21",
                "reporter": "4"
            },
            {
                "delta": 40512,
                "node": "28",
                "reporter": "4"
            },
            {
                "delta": 40624,
                "node": "6",
                "reporter": "8"
            },
            {
                "delta": 40624,
                "node": "23",
                "reporter": "8"
            },
            {
                "delta": 40624,
                "node": "1",
                "reporter": "8"
            },
            {
                "delta": 40625,
                "node": "24",
                "reporter": "8"
            },
            {
                "delta": 40625,
                "node": "2",
                "reporter": "8"
            },
            {
                "delta": 40625,
                "node": "15",
                "reporter": "8"
            },
            {
                "delta": 40627,
                "node": "26",
                "reporter": "8"
            },
            {
                "delta": 40627,
                "node": "30",
                "reporter": "8"
            },
            {
                "delta": 40627,
                "node": "7",
                "reporter": "8"
            },
            {
                "delta": 40627,
                "node": "13",
                "reporter": "8"
            },
            {
                "delta": 40700,
                "node": "21",
                "reporter": "8"
            },
            {
                "delta": 40700,
                "node": "27",
                "reporter": "8"
            },
            {
                "delta": 40700,
                "node": "28",
                "reporter": "8"
            },
            {
                "delta": 40700,
                "node": "10",
                "reporter": "8"
            },
            {
                "delta": 40700,
                "node": "3",
                "reporter": "8"
            },
            {
                "delta": 40700,
                "node": "11",
                "reporter": "8"
            },
            {
                "delta": 40700,
                "node": "9",
                "reporter": "8"
            },
            {
                "delta": 41139,
                "node": "19",
                "reporter": "18"
            },
            {
                "delta": 41139,
                "node": "20",
                "reporter": "18"
            },
            {
                "delta": 41139,
                "node": "15",
                "reporter": "18"
            },
            {
                "delta": 41140,
                "node": "17",
                "reporter": "18"
            },
            {
                "delta": 41140,
                "node": "10",
                "reporter": "18"
            },
            {
                "delta": 41140,
                "node": "9",
                "reporter": "18"
            },
            {
                "delta": 41157,
                "node": "26",
                "reporter": "14"
            },
            {
                "delta": 41157,
                "node": "30",
                "reporter": "14"
            },
            {
                "delta": 41157,
                "node": "28",
                "reporter": "14"
            },
            {
                "delta": 41251,
                "node": "19",
                "reporter": "4"
            },
            {
                "delta": 41251,
                "node": "20",
                "reporter": "4"
            },
            {
                "delta": 41252,
                "node": "17",
                "reporter": "4"
            },
            {
                "delta": 41275,
                "node": "19",
                "reporter": "12"
            },
            {
                "delta": 41275,
                "node": "20",
                "reporter": "12"
            },
            {
                "delta": 41275,
                "node": "17",
                "reporter": "12"
            },
            {
                "delta": 41309,
                "node": "6",
                "reporter": "29"
            },
            {
                "delta": 41311,
                "node": "23",
                "reporter": "29"
            },
            {
                "delta": 41314,
                "node": "24",
                "reporter": "29"
            },
            {
                "delta": 41314,
                "node": "2",
                "reporter": "29"
            },
            {
                "delta": 41314,
                "node": "15",
                "reporter": "29"
            },
            {
                "delta": 41314,
                "node": "26",
                "reporter": "29"
            },
            {
                "delta": 41315,
                "node": "30",
                "reporter": "29"
            },
            {
                "delta": 41315,
                "node": "7",
                "reporter": "29"
            },
            {
                "delta": 41315,
                "node": "13",
                "reporter": "29"
            },
            {
                "delta": 41315,
                "node": "21",
                "reporter": "29"
            },
            {
                "delta": 41429,
                "node": "6",
                "reporter": "25"
            },
            {
                "delta": 41429,
                "node": "19",
                "reporter": "25"
            },
            {
                "delta": 41429,
                "node": "23",
                "reporter": "25"
            },
            {
                "delta": 41430,
                "node": "1",
                "reporter": "25"
            },
            {
                "delta": 41430,
                "node": "24",
                "reporter": "25"
            },
            {
                "delta": 41430,
                "node": "2",
                "reporter": "25"
            },
            {
                "delta": 41430,
                "node": "20",
                "reporter": "25"
            },
            {
                "delta": 41430,
                "node": "15",
                "reporter": "25"
            },
            {
                "delta": 41431,
                "node": "17",
                "reporter": "25"
            },
            {
                "delta": 41431,
                "node": "7",
                "reporter": "25"
            },
            {
                "delta": 41454,
                "node": "13",
                "reporter": "25"
            },
            {
                "delta": 41454,
                "node": "21",
                "reporter": "25"
            },
            {
                "delta": 41454,
                "node": "27",
                "reporter": "25"
            },
            {
                "delta": 41454,
                "node": "10",
                "reporter": "25"
            },
            {
                "delta": 41454,
                "node": "3",
                "reporter": "25"
            },
            {
                "delta": 41454,
                "node": "11",
                "reporter": "25"
            },
            {
                "delta": 41454,
                "node": "9",
                "reporter": "25"
            },
            {
                "delta": 41499,
                "node": "15",
                "reporter": "22"
            },
            {
                "delta": 41499,
                "node": "10",
                "reporter": "22"
            },
            {
                "delta": 41499,
                "node": "9",
                "reporter": "22"
            },
            {
                "delta": 41517,
                "node": "6",
                "reporter": "14"
            },
            {
                "delta": 41518,
                "node": "23",
                "reporter": "14"
            },
            {
                "delta": 41519,
                "node": "1",
                "reporter": "14"
            },
            {
                "delta": 41519,
                "node": "24",
                "reporter": "14"
            },
            {
                "delta": 41519,
                "node": "2",
                "reporter": "14"
            },
            {
                "delta": 41519,
                "node": "7",
                "reporter": "14"
            },
            {
                "delta": 41519,
                "node": "13",
                "reporter": "14"
            },
            {
                "delta": 41519,
                "node": "21",
                "reporter": "14"
            },
            {
                "delta": 41519,
                "node": "27",
                "reporter": "14"
            },
            {
                "delta": 41520,
                "node": "10",
                "reporter": "14"
            },
            {
                "delta": 41543,
                "node": "27",
                "reporter": "29"
            },
            {
                "delta": 41543,
                "node": "28",
                "reporter": "29"
            },
            {
                "delta": 41543,
                "node": "10",
                "reporter": "29"
            },
            {
                "delta": 41543,
                "node": "3",
                "reporter": "29"
            },
            {
                "delta": 41543,
                "node": "11",
                "reporter": "29"
            },
            {
                "delta": 41544,
                "node": "9",
                "reporter": "29"
            },
            {
                "delta": 41664,
                "node": "3",
                "reporter": "14"
            },
            {
                "delta": 41664,
                "node": "11",
                "reporter": "14"
            },
            {
                "delta": 41664,
                "node": "9",
                "reporter": "14"
            },
            {
                "delta": 41814,
                "node": "19",
                "reporter": "8"
            },
            {
                "delta": 41814,
                "node": "20",
                "reporter": "8"
            },
            {
                "delta": 41814,
                "node": "17",
                "reporter": "8"
            },
            {
                "delta": 42109,
                "node": "19",
                "reporter": "29"
            },
            {
                "delta": 42109,
                "node": "20",
                "reporter": "29"
            },
            {
                "delta": 42110,
                "node": "17",
                "reporter": "29"
            },
            {
                "delta": 43942,
                "node": "10",
                "reporter": "4"
            },
            {
                "delta": 43942,
                "node": "9",
                "reporter": "4"
            }
        ]
    }
}