
{
    "id": "00242",
    "seed": 42,
    "repetition": 0,
    "settings": {
        "simulate_catastrophe": true,
        "number_of_nodes": 30,
        "duration": 120000,
        "gossip_delta": 200,
        "failure_delta": 3400,
        "miss_delta": 3400,
        "push_pull": false,
        "pick_strategy": 0,
        "enable_multicast": true,
        "multicast_parameter": 1.0,
        "multicast_max_wait": 3400,
        "expected_first_multicast": 1133
    },
    "result": {
        "start_time": 1500745544556,
        "end_time": 1500745664567,
        "expected_crashes": [
            {
                "delta": 31130,
                "node": "27"
            },
            {
                "delta": 31130,
                "node": "13"
            },
            {
                "delta": 31130,
                "node": "10"
            },
            {
                "delta": 31130,
                "node": "21"
            },
            {
                "delta": 31130,
                "node": "30"
            },
            {
                "delta": 31130,
                "node": "3"
            },
            {
                "delta": 31130,
                "node": "28"
            },
            {
                "delta": 31130,
                "node": "6"
            },
            {
                "delta": 31130,
                "node": "24"
            },
            {
                "delta": 31130,
                "node": "9"
            },
            {
                "delta": 31130,
                "node": "19"
            },
            {
                "delta": 31130,
                "node": "7"
            },
            {
                "delta": 31130,
                "node": "23"
            },
            {
                "delta": 31130,
                "node": "26"
            },
            {
                "delta": 31130,
                "node": "15"
            },
            {
                "delta": 31130,
                "node": "2"
            },
            {
                "delta": 31130,
                "node": "17"
            },
            {
                "delta": 31130,
                "node": "1"
            },
            {
                "delta": 31130,
                "node": "20"
            },
            {
                "delta": 31130,
                "node": "11"
            }
        ],
        "reported_crashes": [
            {
                "delta": 37461,
                "node": "19",
                "reporter": "25"
            },
            {
                "delta": 37519,
                "node": "2",
                "reporter": "4"
            },
            {
                "delta": 37545,
                "node": "30",
                "reporter": "16"
            },
            {
                "delta": 37717,
                "node": "20",
                "reporter": "14"
            },
            {
                "delta": 37719,
                "node": "26",
                "reporter": "4"
            },
            {
                "delta": 37778,
                "node": "17",
                "reporter": "18"
            },
            {
                "delta": 37905,
                "node": "2",
                "reporter": "16"
            },
            {
                "delta": 37906,
                "node": "26",
                "reporter": "16"
            },
            {
                "delta": 37906,
                "node": "19",
                "reporter": "14"
            },
            {
                "delta": 37906,
                "node": "10",
                "reporter": "14"
            },
            {
                "delta": 37952,
                "node": "20",
                "reporter": "29"
            },
            {
                "delta": 37961,
                "node": "19",
                "reporter": "29"
            },
            {
                "delta": 37989,
                "node": "24",
                "reporter": "8"
            },
            {
                "delta": 38008,
                "node": "11",
                "reporter": "8"
            },
            {
                "delta": 38019,
                "node": "30",
                "reporter": "8"
            },
            {
                "delta": 38019,
                "node": "7",
                "reporter": "8"
            },
            {
                "delta": 38043,
                "node": "1",
                "reporter": "12"
            },
            {
                "delta": 38066,
                "node": "1",
                "reporter": "14"
            },
            {
                "delta": 38091,
                "node": "9",
                "reporter": "25"
            },
            {
                "delta": 38113,
                "node": "6",
                "reporter": "12"
            },
            {
                "delta": 38113,
                "node": "21",
                "reporter": "12"
            },
            {
                "delta": 38117,
                "node": "2",
                "reporter": "5"
            },
            {
                "delta": 38118,
                "node": "26",
                "reporter": "5"
            },
            {
                "delta": 38118,
                "node": "30",
                "reporter": "5"
            },
            {
                "delta": 38118,
                "node": "27",
                "reporter": "5"
            },
            {
                "delta": 38118,
                "node": "3",
                "reporter": "5"
            },
            {
                "delta": 38118,
                "node": "2",
                "reporter": "8"
            },
            {
                "delta": 38119,
                "node": "26",
                "reporter": "8"
            },
            {
                "delta": 38129,
                "node": "28",
                "reporter": "4"
            },
            {
                "delta": 38204,
                "node": "13",
                "reporter": "12"
            },
            {
                "delta": 38204,
                "node": "27",
                "reporter": "12"
            },
            {
                "delta": 38204,
                "node": "3",
                "reporter": "12"
            },
            {
                "delta": 38212,
                "node": "24",
                "reporter": "29"
            },
            {
                "delta": 38212,
                "node": "30",
                "reporter": "29"
            },
            {
                "delta": 38212,
                "node": "7",
                "reporter": "29"
            },
            {
                "delta": 38212,
                "node": "11",
                "reporter": "29"
            },
            {
                "delta": 38257,
                "node": "23",
                "reporter": "18"
            },
            {
                "delta": 38257,
                "node": "15",
                "reporter": "18"
            },
            {
                "delta": 38257,
                "node": "6",
                "reporter": "18"
            },
            {
                "delta": 38257,
                "node": "19",
                "reporter": "18"
            },
            {
                "delta": 38372,
                "node": "1",
                "reporter": "29"
            },
            {
                "delta": 38372,
                "node": "10",
                "reporter": "29"
            },
            {
                "delta": 38378,
                "node": "6",
                "reporter": "5"
            },
            {
                "delta": 38378,
                "node": "1",
                "reporter": "5"
            },
            {
                "delta": 38378,
                "node": "13",
                "reporter": "5"
            },
            {
                "delta": 38378,
                "node": "21",
                "reporter": "5"
            },
            {
                "delta": 38508,
                "node": "9",
                "reporter": "14"
            },
            {
                "delta": 38580,
                "node": "24",
                "reporter": "4"
            },
            {
                "delta": 38580,
                "node": "30",
                "reporter": "4"
            },
            {
                "delta": 38580,
                "node": "7",
                "reporter": "4"
            },
            {
                "delta": 38580,
                "node": "11",
                "reporter": "4"
            },
            {
                "delta": 38648,
                "node": "1",
                "reporter": "18"
            },
            {
                "delta": 38648,
                "node": "24",
                "reporter": "18"
            },
            {
                "delta": 38648,
                "node": "20",
                "reporter": "18"
            },
            {
                "delta": 38648,
                "node": "30",
                "reporter": "18"
            },
            {
                "delta": 38648,
                "node": "7",
                "reporter": "18"
            },
            {
                "delta": 38648,
                "node": "10",
                "reporter": "18"
            },
            {
                "delta": 38649,
                "node": "11",
                "reporter": "18"
            },
            {
                "delta": 38683,
                "node": "19",
                "reporter": "12"
            },
            {
                "delta": 38683,
                "node": "23",
                "reporter": "12"
            },
            {
                "delta": 38684,
                "node": "15",
                "reporter": "12"
            },
            {
                "delta": 38685,
                "node": "17",
                "reporter": "12"
            },
            {
                "delta": 38961,
                "node": "24",
                "reporter": "25"
            },
            {
                "delta": 38961,
                "node": "2",
                "reporter": "25"
            },
            {
                "delta": 38961,
                "node": "26",
                "reporter": "25"
            },
            {
                "delta": 38961,
                "node": "30",
                "reporter": "25"
            },
            {
                "delta": 38961,
                "node": "7",
                "reporter": "25"
            },
            {
                "delta": 38963,
                "node": "28",
                "reporter": "25"
            },
            {
                "delta": 38964,
                "node": "11",
                "reporter": "25"
            },
            {
                "delta": 38995,
                "node": "19",
                "reporter": "16"
            },
            {
                "delta": 38995,
                "node": "24",
                "reporter": "16"
            },
            {
                "delta": 38995,
                "node": "7",
                "reporter": "16"
            },
            {
                "delta": 38995,
                "node": "28",
                "reporter": "16"
            },
            {
                "delta": 38995,
                "node": "11",
                "reporter": "16"
            },
            {
                "delta": 38996,
                "node": "9",
                "reporter": "16"
            },
            {
                "delta": 39006,
                "node": "19",
                "reporter": "22"
            },
            {
                "delta": 39007,
                "node": "1",
                "reporter": "22"
            },
            {
                "delta": 39008,
                "node": "24",
                "reporter": "22"
            },
            {
                "delta": 39008,
                "node": "20",
                "reporter": "22"
            },
            {
                "delta": 39008,
                "node": "30",
                "reporter": "22"
            },
            {
                "delta": 39008,
                "node": "7",
                "reporter": "22"
            },
            {
                "delta": 39008,
                "node": "10",
                "reporter": "22"
            },
            {
                "delta": 39009,
                "node": "11",
                "reporter": "22"
            },
            {
                "delta": 39027,
                "node": "2",
                "reporter": "18"
            },
            {
                "delta": 39027,
                "node": "26",
                "reporter": "18"
            },
            {
                "delta": 39056,
                "node": "2",
                "reporter": "22"
            },
            {
                "delta": 39056,
                "node": "26",
                "reporter": "22"
            },
            {
                "delta": 39057,
                "node": "9",
                "reporter": "18"
            },
            {
                "delta": 39158,
                "node": "19",
                "reporter": "5"
            },
            {
                "delta": 39158,
                "node": "23",
                "reporter": "5"
            },
            {
                "delta": 39158,
                "node": "24",
                "reporter": "5"
            },
            {
                "delta": 39159,
                "node": "20",
                "reporter": "5"
            },
            {
                "delta": 39159,
                "node": "15",
                "reporter": "5"
            },
            {
                "delta": 39159,
                "node": "17",
                "reporter": "5"
            },
            {
                "delta": 39159,
                "node": "7",
                "reporter": "5"
            },
            {
                "delta": 39159,
                "node": "10",
                "reporter": "5"
            },
            {
                "delta": 39159,
                "node": "11",
                "reporter": "5"
            },
            {
                "delta": 39206,
                "node": "1",
                "reporter": "16"
            },
            {
                "delta": 39206,
                "node": "20",
                "reporter": "16"
            },
            {
                "delta": 39206,
                "node": "10",
                "reporter": "16"
            },
            {
                "delta": 39335,
                "node": "9",
                "reporter": "22"
            },
            {
                "delta": 39347,
                "node": "6",
                "reporter": "14"
            },
            {
                "delta": 39347,
                "node": "23",
                "reporter": "14"
            },
            {
                "delta": 39347,
                "node": "24",
                "reporter": "14"
            },
            {
                "delta": 39347,
                "node": "2",
                "reporter": "14"
            },
            {
                "delta": 39347,
                "node": "15",
                "reporter": "14"
            },
            {
                "delta": 39347,
                "node": "26",
                "reporter": "14"
            },
            {
                "delta": 39347,
                "node": "17",
                "reporter": "14"
            },
            {
                "delta": 39348,
                "node": "30",
                "reporter": "14"
            },
            {
                "delta": 39348,
                "node": "7",
                "reporter": "14"
            },
            {
                "delta": 39385,
                "node": "11",
                "reporter": "14"
            },
            {
                "delta": 39418,
                "node": "8",
                "reporter": "5"
            },
            {
                "delta": 39421,
                "node": "2",
                "reporter": "29"
            },
            {
                "delta": 39422,
                "node": "26",
                "reporter": "29"
            },
            {
                "delta": 39423,
                "node": "28",
                "reporter": "29"
            },
            {
                "delta": 39423,
                "node": "9",
                "reporter": "29"
            },
            {
                "delta": 39476,
                "node": "28",
                "reporter": "22"
            },
            {
                "delta": 39761,
                "node": "6",
                "reporter": "25"
            },
            {
                "delta": 39761,
                "node": "23",
                "reporter": "25"
            },
            {
                "delta": 39761,
                "node": "1",
                "reporter": "25"
            },
            {
                "delta": 39761,
                "node": "20",
                "reporter": "25"
            },
            {
                "delta": 39761,
                "node": "15",
                "reporter": "25"
            },
            {
                "delta": 39762,
                "node": "17",
                "reporter": "25"
            },
            {
                "delta": 39762,
                "node": "10",
                "reporter": "25"
            },
            {
                "delta": 39798,
                "node": "28",
                "reporter": "5"
            },
            {
                "delta": 39798,
                "node": "9",
                "reporter": "5"
            },
            {
                "delta": 39937,
                "node": "28",
                "reporter": "18"
            },
            {
                "delta": 39951,
                "node": "6",
                "reporter": "29"
            },
            {
                "delta": 39951,
                "node": "8",
                "reporter": "29"
            },
            {
                "delta": 39952,
                "node": "23",
                "reporter": "29"
            },
            {
                "delta": 39952,
                "node": "15",
                "reporter": "29"
            },
            {
                "delta": 39952,
                "node": "17",
                "reporter": "29"
            },
            {
                "delta": 39952,
                "node": "13",
                "reporter": "29"
            },
            {
                "delta": 39952,
                "node": "21",
                "reporter": "29"
            },
            {
                "delta": 39953,
                "node": "27",
                "reporter": "29"
            },
            {
                "delta": 39953,
                "node": "3",
                "reporter": "29"
            },
            {
                "delta": 39999,
                "node": "19",
                "reporter": "4"
            },
            {
                "delta": 39999,
                "node": "1",
                "reporter": "4"
            },
            {
                "delta": 39999,
                "node": "20",
                "reporter": "4"
            },
            {
                "delta": 39999,
                "node": "10",
                "reporter": "4"
            },
            {
                "delta": 39999,
                "node": "9",
                "reporter": "4"
            },
            {
                "delta": 40226,
                "node": "28",
                "reporter": "14"
            },
            {
                "delta": 40266,
                "node": "6",
                "reporter": "22"
            },
            {
                "delta": 40266,
                "node": "8",
                "reporter": "22"
            },
            {
                "delta": 40266,
                "node": "23",
                "reporter": "22"
            },
            {
                "delta": 40266,
                "node": "15",
                "reporter": "22"
            },
            {
                "delta": 40266,
                "node": "17",
                "reporter": "22"
            },
            {
                "delta": 40267,
                "node": "13",
                "reporter": "22"
            },
            {
                "delta": 40267,
                "node": "21",
                "reporter": "22"
            },
            {
                "delta": 40267,
                "node": "27",
                "reporter": "22"
            },
            {
                "delta": 40267,
                "node": "3",
                "reporter": "22"
            },
            {
                "delta": 40805,
                "node": "6",
                "reporter": "16"
            },
            {
                "delta": 40805,
                "node": "23",
                "reporter": "16"
            },
            {
                "delta": 40805,
                "node": "15",
                "reporter": "16"
            },
            {
                "delta": 40805,
                "node": "17",
                "reporter": "16"
            },
            {
                "delta": 40839,
                "node": "6",
                "reporter": "4"
            },
            {
                "delta": 40839,
                "node": "8",
                "reporter": "4"
            },
            {
                "delta": 40839,
                "node": "23",
                "reporter": "4"
            },
            {
                "delta": 40840,
                "node": "15",
                "reporter": "4"
            },
            {
                "delta": 40840,
                "node": "17",
                "reporter": "4"
            },
            {
                "delta": 40840,
                "node": "13",
                "reporter": "4"
            },
            {
                "delta": 40840,
                "node": "21",
                "reporter": "4"
            },
            {
                "delta": 40840,
                "node": "27",
                "reporter": "4"
            },
            {
                "delta": 40840,
                "node": "3",
                "reporter": "4"
            },
            {
                "delta": 41265,
                "node": "8",
                "reporter": "16"
            },
            {
                "delta": 41265,
                "node": "13",
                "reporter": "16"
            },
            {
                "delta": 41265,
                "node": "21",
                "reporter": "16"
            },
            {
                "delta": 41266,
                "node": "27",
                "reporter": "16"
            },
            {
                "delta": 41266,
                "node": "3",
                "reporter": "16"
            },
            {
                "delta": 41588,
                "node": "8",
                "reporter": "18"
            },
            {
                "delta": 41588,
                "node": "13",
                "reporter": "18"
            },
            {
                "delta": 41588,
                "node": "21",
                "reporter": "18"
            },
            {
                "delta": 41588,
                "node": "27",
                "reporter": "18"
            },
            {
                "delta": 41588,
                "node": "3",
                "reporter": "18"
            },
            {
                "delta": 41670,
                "node": "8",
                "reporter": "25"
            },
            {
                "delta": 41670,
                "node": "13",
                "reporter": "25"
            },
            {
                "delta": 41670,
                "node": "21",
                "reporter": "25"
            },
            {
                "delta": 41671,
                "node": "27",
                "reporter": "25"
            },
            {
                "delta": 41671,
                "node": "3",
                "reporter": "25"
            },
            {
                "delta": 41689,
                "node": "6",
                "reporter": "8"
            },
            {
                "delta": 41689,
                "node": "19",
                "reporter": "8"
            },
            {
                "delta": 41689,
                "node": "23",
                "reporter": "8"
            },
            {
                "delta": 41689,
                "node": "1",
                "reporter": "8"
            },
            {
                "delta": 41690,
                "node": "20",
                "reporter": "8"
            },
            {
                "delta": 41690,
                "node": "15",
                "reporter": "8"
            },
            {
                "delta": 41690,
                "node": "17",
                "reporter": "8"
            },
            {
                "delta": 41690,
                "node": "13",
                "reporter": "8"
            },
            {
                "delta": 41690,
                "node": "21",
                "reporter": "8"
            },
            {
                "delta": 41690,
                "node": "27",
                "reporter": "8"
            },
            {
                "delta": 41765,
                "node": "28",
                "reporter": "8"
            },
            {
                "delta": 41765,
                "node": "10",
                "reporter": "8"
            },
            {
                "delta": 41765,
                "node": "3",
                "reporter": "8"
            },
            {
                "delta": 41765,
                "node": "9",
                "reporter": "8"
            },
            {
                "delta": 42183,
                "node": "8",
                "reporter": "12"
            },
            {
                "delta": 42183,
                "node": "24",
                "reporter": "12"
            },
            {
                "delta": 42183,
                "node": "2",
                "reporter": "12"
            },
            {
                "delta": 42183,
                "node": "20",
                "reporter": "12"
            },
            {
                "delta": 42183,
                "node": "26",
                "reporter": "12"
            },
            {
                "delta": 42184,
                "node": "30",
                "reporter": "12"
            },
            {
                "delta": 42184,
                "node": "7",
                "reporter": "12"
            },
            {
                "delta": 42184,
                "node": "28",
                "reporter": "12"
            },
            {
                "delta": 42184,
                "node": "10",
                "reporter": "12"
            },
            {
                "delta": 42184,
                "node": "11",
                "reporter": "12"
            },
            {
                "delta": 42330,
                "node": "9",
                "reporter": "12"
            },
            {
                "delta": 42587,
                "node": "8",
                "reporter": "14"
            },
            {
                "delta": 42587,
                "node": "13",
                "reporter": "14"
            },
            {
                "delta": 42587,
                "node": "21",
                "reporter": "14"
            },
            {
                "delta": 42587,
                "node": "27",
                "reporter": "14"
            },
            {
                "delta": 42590,
                "node": "3",
                "reporter": "14"
            },
            {
                "delta": 43009,
                "node": "18",
                "reporter": "8"
            },
            {
                "delta": 43580,
                "node": "4",
                "reporter": "8"
            },
            {
                "delta": 43580,
                "node": "16",
                "reporter": "8"
            },
            {
                "delta": 43959,
                "node": "14",
                "reporter": "8"
            },
            {
                "delta": 43960,
                "node": "29",
                "reporter": "8"
            },
            {
                "delta": 44149,
                "node": "12",
                "reporter": "8"
            },
            {
                "delta": 44149,
                "node": "22",
                "reporter": "8"
            },
            {
                "delta": 44149,
                "node": "25",
                "reporter": "8"
            },
            {
                "delta": 44149,
                "node": "5",
                "reporter": "8"
            }
        ]
    }
}