
{
    "id": "00245",
    "seed": 42,
    "repetition": 0,
    "settings": {
        "simulate_catastrophe": true,
        "number_of_nodes": 30,
        "duration": 120000,
        "gossip_delta": 200,
        "failure_delta": 3400,
        "miss_delta": 3400,
        "push_pull": false,
        "pick_strategy": 0,
        "enable_multicast": true,
        "multicast_parameter": 2.75,
        "multicast_max_wait": 6800,
        "expected_first_multicast": 2266
    },
    "result": {
        "start_time": 1500745919647,
        "end_time": 1500746039657,
        "expected_crashes": [
            {
                "delta": 31130,
                "node": "27"
            },
            {
                "delta": 31130,
                "node": "13"
            },
            {
                "delta": 31130,
                "node": "10"
            },
            {
                "delta": 31130,
                "node": "21"
            },
            {
                "delta": 31130,
                "node": "30"
            },
            {
                "delta": 31130,
                "node": "3"
            },
            {
                "delta": 31130,
                "node": "28"
            },
            {
                "delta": 31130,
                "node": "6"
            },
            {
                "delta": 31130,
                "node": "24"
            },
            {
                "delta": 31130,
                "node": "9"
            },
            {
                "delta": 31130,
                "node": "19"
            },
            {
                "delta": 31130,
                "node": "7"
            },
            {
                "delta": 31130,
                "node": "23"
            },
            {
                "delta": 31130,
                "node": "26"
            },
            {
                "delta": 31130,
                "node": "15"
            },
            {
                "delta": 31130,
                "node": "2"
            },
            {
                "delta": 31130,
                "node": "17"
            },
            {
                "delta": 31130,
                "node": "1"
            },
            {
                "delta": 31130,
                "node": "20"
            },
            {
                "delta": 31130,
                "node": "11"
            }
        ],
        "reported_crashes": [
            {
                "delta": 37860,
                "node": "11",
                "reporter": "25"
            },
            {
                "delta": 37939,
                "node": "13",
                "reporter": "8"
            },
            {
                "delta": 37981,
                "node": "26",
                "reporter": "29"
            },
            {
                "delta": 37981,
                "node": "10",
                "reporter": "29"
            },
            {
                "delta": 37996,
                "node": "28",
                "reporter": "14"
            },
            {
                "delta": 37996,
                "node": "10",
                "reporter": "14"
            },
            {
                "delta": 38005,
                "node": "21",
                "reporter": "5"
            },
            {
                "delta": 38016,
                "node": "6",
                "reporter": "18"
            },
            {
                "delta": 38016,
                "node": "23",
                "reporter": "18"
            },
            {
                "delta": 38026,
                "node": "9",
                "reporter": "18"
            },
            {
                "delta": 38038,
                "node": "24",
                "reporter": "4"
            },
            {
                "delta": 38038,
                "node": "27",
                "reporter": "4"
            },
            {
                "delta": 38106,
                "node": "1",
                "reporter": "16"
            },
            {
                "delta": 38146,
                "node": "19",
                "reporter": "5"
            },
            {
                "delta": 38146,
                "node": "2",
                "reporter": "5"
            },
            {
                "delta": 38146,
                "node": "7",
                "reporter": "5"
            },
            {
                "delta": 38165,
                "node": "26",
                "reporter": "14"
            },
            {
                "delta": 38185,
                "node": "20",
                "reporter": "14"
            },
            {
                "delta": 38185,
                "node": "15",
                "reporter": "14"
            },
            {
                "delta": 38186,
                "node": "30",
                "reporter": "14"
            },
            {
                "delta": 38201,
                "node": "6",
                "reporter": "29"
            },
            {
                "delta": 38201,
                "node": "23",
                "reporter": "29"
            },
            {
                "delta": 38201,
                "node": "17",
                "reporter": "29"
            },
            {
                "delta": 38311,
                "node": "13",
                "reporter": "29"
            },
            {
                "delta": 38311,
                "node": "3",
                "reporter": "29"
            },
            {
                "delta": 38364,
                "node": "6",
                "reporter": "12"
            },
            {
                "delta": 38365,
                "node": "23",
                "reporter": "12"
            },
            {
                "delta": 38365,
                "node": "26",
                "reporter": "12"
            },
            {
                "delta": 38367,
                "node": "17",
                "reporter": "12"
            },
            {
                "delta": 38367,
                "node": "13",
                "reporter": "12"
            },
            {
                "delta": 38367,
                "node": "10",
                "reporter": "12"
            },
            {
                "delta": 38368,
                "node": "3",
                "reporter": "12"
            },
            {
                "delta": 38409,
                "node": "1",
                "reporter": "8"
            },
            {
                "delta": 38536,
                "node": "11",
                "reporter": "5"
            },
            {
                "delta": 38537,
                "node": "19",
                "reporter": "16"
            },
            {
                "delta": 38537,
                "node": "2",
                "reporter": "16"
            },
            {
                "delta": 38537,
                "node": "7",
                "reporter": "16"
            },
            {
                "delta": 38537,
                "node": "21",
                "reporter": "16"
            },
            {
                "delta": 38537,
                "node": "24",
                "reporter": "16"
            },
            {
                "delta": 38537,
                "node": "27",
                "reporter": "16"
            },
            {
                "delta": 38718,
                "node": "19",
                "reporter": "18"
            },
            {
                "delta": 38718,
                "node": "1",
                "reporter": "18"
            },
            {
                "delta": 38718,
                "node": "24",
                "reporter": "18"
            },
            {
                "delta": 38718,
                "node": "2",
                "reporter": "18"
            },
            {
                "delta": 38718,
                "node": "7",
                "reporter": "18"
            },
            {
                "delta": 38718,
                "node": "21",
                "reporter": "18"
            },
            {
                "delta": 38718,
                "node": "27",
                "reporter": "18"
            },
            {
                "delta": 38896,
                "node": "6",
                "reporter": "16"
            },
            {
                "delta": 38899,
                "node": "23",
                "reporter": "16"
            },
            {
                "delta": 38903,
                "node": "26",
                "reporter": "16"
            },
            {
                "delta": 38903,
                "node": "17",
                "reporter": "16"
            },
            {
                "delta": 38903,
                "node": "13",
                "reporter": "16"
            },
            {
                "delta": 38904,
                "node": "10",
                "reporter": "16"
            },
            {
                "delta": 38904,
                "node": "3",
                "reporter": "16"
            },
            {
                "delta": 38955,
                "node": "24",
                "reporter": "22"
            },
            {
                "delta": 38955,
                "node": "27",
                "reporter": "22"
            },
            {
                "delta": 39211,
                "node": "11",
                "reporter": "29"
            },
            {
                "delta": 39216,
                "node": "6",
                "reporter": "22"
            },
            {
                "delta": 39216,
                "node": "23",
                "reporter": "22"
            },
            {
                "delta": 39216,
                "node": "26",
                "reporter": "22"
            },
            {
                "delta": 39216,
                "node": "17",
                "reporter": "22"
            },
            {
                "delta": 39216,
                "node": "13",
                "reporter": "22"
            },
            {
                "delta": 39220,
                "node": "10",
                "reporter": "22"
            },
            {
                "delta": 39220,
                "node": "3",
                "reporter": "22"
            },
            {
                "delta": 39369,
                "node": "19",
                "reporter": "8"
            },
            {
                "delta": 39369,
                "node": "2",
                "reporter": "8"
            },
            {
                "delta": 39369,
                "node": "7",
                "reporter": "8"
            },
            {
                "delta": 39369,
                "node": "21",
                "reporter": "8"
            },
            {
                "delta": 39370,
                "node": "11",
                "reporter": "8"
            },
            {
                "delta": 39387,
                "node": "19",
                "reporter": "22"
            },
            {
                "delta": 39387,
                "node": "1",
                "reporter": "22"
            },
            {
                "delta": 39387,
                "node": "2",
                "reporter": "22"
            },
            {
                "delta": 39387,
                "node": "7",
                "reporter": "22"
            },
            {
                "delta": 39387,
                "node": "21",
                "reporter": "22"
            },
            {
                "delta": 39387,
                "node": "9",
                "reporter": "22"
            },
            {
                "delta": 39465,
                "node": "11",
                "reporter": "22"
            },
            {
                "delta": 39471,
                "node": "6",
                "reporter": "25"
            },
            {
                "delta": 39471,
                "node": "19",
                "reporter": "25"
            },
            {
                "delta": 39471,
                "node": "23",
                "reporter": "25"
            },
            {
                "delta": 39471,
                "node": "1",
                "reporter": "25"
            },
            {
                "delta": 39471,
                "node": "24",
                "reporter": "25"
            },
            {
                "delta": 39471,
                "node": "2",
                "reporter": "25"
            },
            {
                "delta": 39471,
                "node": "26",
                "reporter": "25"
            },
            {
                "delta": 39472,
                "node": "17",
                "reporter": "25"
            },
            {
                "delta": 39472,
                "node": "7",
                "reporter": "25"
            },
            {
                "delta": 39472,
                "node": "13",
                "reporter": "25"
            },
            {
                "delta": 39493,
                "node": "21",
                "reporter": "25"
            },
            {
                "delta": 39493,
                "node": "27",
                "reporter": "25"
            },
            {
                "delta": 39493,
                "node": "10",
                "reporter": "25"
            },
            {
                "delta": 39493,
                "node": "3",
                "reporter": "25"
            },
            {
                "delta": 39493,
                "node": "9",
                "reporter": "25"
            },
            {
                "delta": 39538,
                "node": "6",
                "reporter": "4"
            },
            {
                "delta": 39538,
                "node": "23",
                "reporter": "4"
            },
            {
                "delta": 39539,
                "node": "26",
                "reporter": "4"
            },
            {
                "delta": 39539,
                "node": "17",
                "reporter": "4"
            },
            {
                "delta": 39539,
                "node": "13",
                "reporter": "4"
            },
            {
                "delta": 39540,
                "node": "10",
                "reporter": "4"
            },
            {
                "delta": 39540,
                "node": "3",
                "reporter": "4"
            },
            {
                "delta": 39540,
                "node": "11",
                "reporter": "4"
            },
            {
                "delta": 39545,
                "node": "6",
                "reporter": "14"
            },
            {
                "delta": 39545,
                "node": "19",
                "reporter": "14"
            },
            {
                "delta": 39546,
                "node": "23",
                "reporter": "14"
            },
            {
                "delta": 39546,
                "node": "1",
                "reporter": "14"
            },
            {
                "delta": 39546,
                "node": "24",
                "reporter": "14"
            },
            {
                "delta": 39546,
                "node": "2",
                "reporter": "14"
            },
            {
                "delta": 39546,
                "node": "17",
                "reporter": "14"
            },
            {
                "delta": 39547,
                "node": "7",
                "reporter": "14"
            },
            {
                "delta": 39547,
                "node": "13",
                "reporter": "14"
            },
            {
                "delta": 39547,
                "node": "21",
                "reporter": "14"
            },
            {
                "delta": 39693,
                "node": "27",
                "reporter": "14"
            },
            {
                "delta": 39693,
                "node": "3",
                "reporter": "14"
            },
            {
                "delta": 39785,
                "node": "6",
                "reporter": "5"
            },
            {
                "delta": 39786,
                "node": "23",
                "reporter": "5"
            },
            {
                "delta": 39786,
                "node": "1",
                "reporter": "5"
            },
            {
                "delta": 39786,
                "node": "24",
                "reporter": "5"
            },
            {
                "delta": 39786,
                "node": "26",
                "reporter": "5"
            },
            {
                "delta": 39786,
                "node": "17",
                "reporter": "5"
            },
            {
                "delta": 39786,
                "node": "13",
                "reporter": "5"
            },
            {
                "delta": 39787,
                "node": "27",
                "reporter": "5"
            },
            {
                "delta": 39787,
                "node": "10",
                "reporter": "5"
            },
            {
                "delta": 39787,
                "node": "3",
                "reporter": "5"
            },
            {
                "delta": 40008,
                "node": "19",
                "reporter": "4"
            },
            {
                "delta": 40008,
                "node": "1",
                "reporter": "4"
            },
            {
                "delta": 40009,
                "node": "6",
                "reporter": "8"
            },
            {
                "delta": 40009,
                "node": "23",
                "reporter": "8"
            },
            {
                "delta": 40009,
                "node": "24",
                "reporter": "8"
            },
            {
                "delta": 40009,
                "node": "26",
                "reporter": "8"
            },
            {
                "delta": 40009,
                "node": "17",
                "reporter": "8"
            },
            {
                "delta": 40009,
                "node": "27",
                "reporter": "8"
            },
            {
                "delta": 40009,
                "node": "10",
                "reporter": "8"
            },
            {
                "delta": 40010,
                "node": "3",
                "reporter": "8"
            },
            {
                "delta": 40010,
                "node": "2",
                "reporter": "4"
            },
            {
                "delta": 40010,
                "node": "7",
                "reporter": "4"
            },
            {
                "delta": 40010,
                "node": "21",
                "reporter": "4"
            },
            {
                "delta": 40044,
                "node": "11",
                "reporter": "12"
            },
            {
                "delta": 40156,
                "node": "11",
                "reporter": "16"
            },
            {
                "delta": 40181,
                "node": "20",
                "reporter": "25"
            },
            {
                "delta": 40181,
                "node": "15",
                "reporter": "25"
            },
            {
                "delta": 40181,
                "node": "30",
                "reporter": "25"
            },
            {
                "delta": 40181,
                "node": "28",
                "reporter": "25"
            },
            {
                "delta": 40315,
                "node": "20",
                "reporter": "22"
            },
            {
                "delta": 40315,
                "node": "15",
                "reporter": "22"
            },
            {
                "delta": 40315,
                "node": "30",
                "reporter": "22"
            },
            {
                "delta": 40315,
                "node": "28",
                "reporter": "22"
            },
            {
                "delta": 40374,
                "node": "19",
                "reporter": "12"
            },
            {
                "delta": 40374,
                "node": "1",
                "reporter": "12"
            },
            {
                "delta": 40375,
                "node": "24",
                "reporter": "12"
            },
            {
                "delta": 40375,
                "node": "2",
                "reporter": "12"
            },
            {
                "delta": 40375,
                "node": "7",
                "reporter": "12"
            },
            {
                "delta": 40375,
                "node": "21",
                "reporter": "12"
            },
            {
                "delta": 40376,
                "node": "27",
                "reporter": "12"
            },
            {
                "delta": 40457,
                "node": "26",
                "reporter": "18"
            },
            {
                "delta": 40457,
                "node": "17",
                "reporter": "18"
            },
            {
                "delta": 40457,
                "node": "13",
                "reporter": "18"
            },
            {
                "delta": 40457,
                "node": "10",
                "reporter": "18"
            },
            {
                "delta": 40457,
                "node": "3",
                "reporter": "18"
            },
            {
                "delta": 40457,
                "node": "11",
                "reporter": "18"
            },
            {
                "delta": 40496,
                "node": "11",
                "reporter": "14"
            },
            {
                "delta": 40498,
                "node": "20",
                "reporter": "4"
            },
            {
                "delta": 40499,
                "node": "15",
                "reporter": "4"
            },
            {
                "delta": 40499,
                "node": "30",
                "reporter": "4"
            },
            {
                "delta": 40499,
                "node": "28",
                "reporter": "4"
            },
            {
                "delta": 40574,
                "node": "20",
                "reporter": "12"
            },
            {
                "delta": 40574,
                "node": "15",
                "reporter": "12"
            },
            {
                "delta": 40574,
                "node": "30",
                "reporter": "12"
            },
            {
                "delta": 40574,
                "node": "28",
                "reporter": "12"
            },
            {
                "delta": 40574,
                "node": "9",
                "reporter": "12"
            },
            {
                "delta": 40647,
                "node": "9",
                "reporter": "16"
            },
            {
                "delta": 40916,
                "node": "20",
                "reporter": "5"
            },
            {
                "delta": 40917,
                "node": "15",
                "reporter": "5"
            },
            {
                "delta": 40917,
                "node": "30",
                "reporter": "5"
            },
            {
                "delta": 40917,
                "node": "28",
                "reporter": "5"
            },
            {
                "delta": 41025,
                "node": "9",
                "reporter": "5"
            },
            {
                "delta": 41048,
                "node": "9",
                "reporter": "4"
            },
            {
                "delta": 41196,
                "node": "20",
                "reporter": "16"
            },
            {
                "delta": 41196,
                "node": "15",
                "reporter": "16"
            },
            {
                "delta": 41196,
                "node": "30",
                "reporter": "16"
            },
            {
                "delta": 41196,
                "node": "28",
                "reporter": "16"
            },
            {
                "delta": 41216,
                "node": "9",
                "reporter": "14"
            },
            {
                "delta": 41258,
                "node": "9",
                "reporter": "8"
            },
            {
                "delta": 41411,
                "node": "19",
                "reporter": "29"
            },
            {
                "delta": 41411,
                "node": "1",
                "reporter": "29"
            },
            {
                "delta": 41411,
                "node": "24",
                "reporter": "29"
            },
            {
                "delta": 41411,
                "node": "2",
                "reporter": "29"
            },
            {
                "delta": 41415,
                "node": "7",
                "reporter": "29"
            },
            {
                "delta": 41415,
                "node": "21",
                "reporter": "29"
            },
            {
                "delta": 41415,
                "node": "27",
                "reporter": "29"
            },
            {
                "delta": 41415,
                "node": "9",
                "reporter": "29"
            },
            {
                "delta": 41987,
                "node": "20",
                "reporter": "18"
            },
            {
                "delta": 41987,
                "node": "15",
                "reporter": "18"
            },
            {
                "delta": 41987,
                "node": "30",
                "reporter": "18"
            },
            {
                "delta": 41987,
                "node": "28",
                "reporter": "18"
            },
            {
                "delta": 42151,
                "node": "20",
                "reporter": "29"
            },
            {
                "delta": 42151,
                "node": "15",
                "reporter": "29"
            },
            {
                "delta": 42151,
                "node": "30",
                "reporter": "29"
            },
            {
                "delta": 42152,
                "node": "28",
                "reporter": "29"
            },
            {
                "delta": 42739,
                "node": "20",
                "reporter": "8"
            },
            {
                "delta": 42739,
                "node": "15",
                "reporter": "8"
            },
            {
                "delta": 42739,
                "node": "30",
                "reporter": "8"
            },
            {
                "delta": 42740,
                "node": "28",
                "reporter": "8"
            }
        ]
    }
}