
{
    "id": "00240",
    "seed": 42,
    "repetition": 0,
    "settings": {
        "simulate_catastrophe": true,
        "number_of_nodes": 30,
        "duration": 120000,
        "gossip_delta": 200,
        "failure_delta": 3800,
        "miss_delta": 3800,
        "push_pull": true,
        "pick_strategy": 2,
        "enable_multicast": true,
        "multicast_parameter": 2.5,
        "multicast_max_wait": 7600,
        "expected_first_multicast": 2533
    },
    "result": {
        "start_time": 1500745294496,
        "end_time": 1500745414506,
        "expected_crashes": [
            {
                "delta": 31130,
                "node": "27"
            },
            {
                "delta": 31130,
                "node": "13"
            },
            {
                "delta": 31130,
                "node": "10"
            },
            {
                "delta": 31130,
                "node": "21"
            },
            {
                "delta": 31130,
                "node": "30"
            },
            {
                "delta": 31130,
                "node": "3"
            },
            {
                "delta": 31130,
                "node": "28"
            },
            {
                "delta": 31130,
                "node": "6"
            },
            {
                "delta": 31130,
                "node": "24"
            },
            {
                "delta": 31130,
                "node": "9"
            },
            {
                "delta": 31130,
                "node": "19"
            },
            {
                "delta": 31130,
                "node": "7"
            },
            {
                "delta": 31130,
                "node": "23"
            },
            {
                "delta": 31130,
                "node": "26"
            },
            {
                "delta": 31130,
                "node": "15"
            },
            {
                "delta": 31130,
                "node": "2"
            },
            {
                "delta": 31130,
                "node": "17"
            },
            {
                "delta": 31130,
                "node": "1"
            },
            {
                "delta": 31130,
                "node": "20"
            },
            {
                "delta": 31130,
                "node": "11"
            }
        ],
        "reported_crashes": [
            {
                "delta": 38635,
                "node": "2",
                "reporter": "16"
            },
            {
                "delta": 38635,
                "node": "20",
                "reporter": "16"
            },
            {
                "delta": 38706,
                "node": "6",
                "reporter": "22"
            },
            {
                "delta": 38707,
                "node": "7",
                "reporter": "22"
            },
            {
                "delta": 38707,
                "node": "10",
                "reporter": "22"
            },
            {
                "delta": 38749,
                "node": "13",
                "reporter": "8"
            },
            {
                "delta": 38749,
                "node": "9",
                "reporter": "8"
            },
            {
                "delta": 38785,
                "node": "30",
                "reporter": "16"
            },
            {
                "delta": 38825,
                "node": "19",
                "reporter": "29"
            },
            {
                "delta": 38829,
                "node": "15",
                "reporter": "8"
            },
            {
                "delta": 38829,
                "node": "26",
                "reporter": "8"
            },
            {
                "delta": 38835,
                "node": "28",
                "reporter": "29"
            },
            {
                "delta": 38836,
                "node": "13",
                "reporter": "22"
            },
            {
                "delta": 38865,
                "node": "11",
                "reporter": "29"
            },
            {
                "delta": 38881,
                "node": "2",
                "reporter": "25"
            },
            {
                "delta": 38881,
                "node": "20",
                "reporter": "25"
            },
            {
                "delta": 38881,
                "node": "30",
                "reporter": "25"
            },
            {
                "delta": 38890,
                "node": "19",
                "reporter": "25"
            },
            {
                "delta": 38890,
                "node": "28",
                "reporter": "25"
            },
            {
                "delta": 38899,
                "node": "1",
                "reporter": "12"
            },
            {
                "delta": 38906,
                "node": "17",
                "reporter": "16"
            },
            {
                "delta": 38918,
                "node": "24",
                "reporter": "5"
            },
            {
                "delta": 38918,
                "node": "7",
                "reporter": "5"
            },
            {
                "delta": 38918,
                "node": "13",
                "reporter": "5"
            },
            {
                "delta": 38918,
                "node": "27",
                "reporter": "5"
            },
            {
                "delta": 38959,
                "node": "19",
                "reporter": "12"
            },
            {
                "delta": 38959,
                "node": "28",
                "reporter": "12"
            },
            {
                "delta": 38959,
                "node": "11",
                "reporter": "12"
            },
            {
                "delta": 38996,
                "node": "23",
                "reporter": "29"
            },
            {
                "delta": 38996,
                "node": "21",
                "reporter": "29"
            },
            {
                "delta": 39026,
                "node": "24",
                "reporter": "14"
            },
            {
                "delta": 39026,
                "node": "7",
                "reporter": "14"
            },
            {
                "delta": 39026,
                "node": "13",
                "reporter": "14"
            },
            {
                "delta": 39027,
                "node": "27",
                "reporter": "14"
            },
            {
                "delta": 39069,
                "node": "24",
                "reporter": "4"
            },
            {
                "delta": 39069,
                "node": "7",
                "reporter": "4"
            },
            {
                "delta": 39069,
                "node": "13",
                "reporter": "4"
            },
            {
                "delta": 39069,
                "node": "27",
                "reporter": "4"
            },
            {
                "delta": 39075,
                "node": "1",
                "reporter": "29"
            },
            {
                "delta": 39085,
                "node": "3",
                "reporter": "29"
            },
            {
                "delta": 39157,
                "node": "15",
                "reporter": "18"
            },
            {
                "delta": 39157,
                "node": "26",
                "reporter": "18"
            },
            {
                "delta": 39157,
                "node": "13",
                "reporter": "18"
            },
            {
                "delta": 39157,
                "node": "9",
                "reporter": "18"
            },
            {
                "delta": 39168,
                "node": "19",
                "reporter": "5"
            },
            {
                "delta": 39168,
                "node": "1",
                "reporter": "5"
            },
            {
                "delta": 39168,
                "node": "28",
                "reporter": "5"
            },
            {
                "delta": 39168,
                "node": "11",
                "reporter": "5"
            },
            {
                "delta": 39181,
                "node": "19",
                "reporter": "8"
            },
            {
                "delta": 39181,
                "node": "23",
                "reporter": "8"
            },
            {
                "delta": 39181,
                "node": "1",
                "reporter": "8"
            },
            {
                "delta": 39181,
                "node": "21",
                "reporter": "8"
            },
            {
                "delta": 39181,
                "node": "28",
                "reporter": "8"
            },
            {
                "delta": 39181,
                "node": "3",
                "reporter": "8"
            },
            {
                "delta": 39181,
                "node": "11",
                "reporter": "8"
            },
            {
                "delta": 39209,
                "node": "6",
                "reporter": "8"
            },
            {
                "delta": 39209,
                "node": "7",
                "reporter": "8"
            },
            {
                "delta": 39209,
                "node": "10",
                "reporter": "8"
            },
            {
                "delta": 39216,
                "node": "19",
                "reporter": "22"
            },
            {
                "delta": 39216,
                "node": "23",
                "reporter": "22"
            },
            {
                "delta": 39216,
                "node": "1",
                "reporter": "22"
            },
            {
                "delta": 39217,
                "node": "15",
                "reporter": "22"
            },
            {
                "delta": 39217,
                "node": "26",
                "reporter": "22"
            },
            {
                "delta": 39217,
                "node": "21",
                "reporter": "22"
            },
            {
                "delta": 39217,
                "node": "28",
                "reporter": "22"
            },
            {
                "delta": 39217,
                "node": "3",
                "reporter": "22"
            },
            {
                "delta": 39217,
                "node": "11",
                "reporter": "22"
            },
            {
                "delta": 39217,
                "node": "9",
                "reporter": "22"
            },
            {
                "delta": 39249,
                "node": "24",
                "reporter": "12"
            },
            {
                "delta": 39249,
                "node": "7",
                "reporter": "12"
            },
            {
                "delta": 39249,
                "node": "13",
                "reporter": "12"
            },
            {
                "delta": 39249,
                "node": "27",
                "reporter": "12"
            },
            {
                "delta": 39355,
                "node": "15",
                "reporter": "29"
            },
            {
                "delta": 39355,
                "node": "26",
                "reporter": "29"
            },
            {
                "delta": 39355,
                "node": "13",
                "reporter": "29"
            },
            {
                "delta": 39355,
                "node": "9",
                "reporter": "29"
            },
            {
                "delta": 39368,
                "node": "24",
                "reporter": "18"
            },
            {
                "delta": 39368,
                "node": "7",
                "reporter": "18"
            },
            {
                "delta": 39368,
                "node": "27",
                "reporter": "18"
            },
            {
                "delta": 39485,
                "node": "24",
                "reporter": "29"
            },
            {
                "delta": 39485,
                "node": "7",
                "reporter": "29"
            },
            {
                "delta": 39485,
                "node": "27",
                "reporter": "29"
            },
            {
                "delta": 39497,
                "node": "19",
                "reporter": "14"
            },
            {
                "delta": 39497,
                "node": "23",
                "reporter": "14"
            },
            {
                "delta": 39497,
                "node": "1",
                "reporter": "14"
            },
            {
                "delta": 39497,
                "node": "15",
                "reporter": "14"
            },
            {
                "delta": 39497,
                "node": "26",
                "reporter": "14"
            },
            {
                "delta": 39497,
                "node": "21",
                "reporter": "14"
            },
            {
                "delta": 39497,
                "node": "28",
                "reporter": "14"
            },
            {
                "delta": 39498,
                "node": "3",
                "reporter": "14"
            },
            {
                "delta": 39498,
                "node": "11",
                "reporter": "14"
            },
            {
                "delta": 39501,
                "node": "9",
                "reporter": "14"
            },
            {
                "delta": 39549,
                "node": "6",
                "reporter": "4"
            },
            {
                "delta": 39549,
                "node": "19",
                "reporter": "4"
            },
            {
                "delta": 39549,
                "node": "23",
                "reporter": "4"
            },
            {
                "delta": 39549,
                "node": "1",
                "reporter": "4"
            },
            {
                "delta": 39549,
                "node": "15",
                "reporter": "4"
            },
            {
                "delta": 39549,
                "node": "26",
                "reporter": "4"
            },
            {
                "delta": 39550,
                "node": "21",
                "reporter": "4"
            },
            {
                "delta": 39550,
                "node": "28",
                "reporter": "4"
            },
            {
                "delta": 39550,
                "node": "10",
                "reporter": "4"
            },
            {
                "delta": 39550,
                "node": "3",
                "reporter": "4"
            },
            {
                "delta": 39556,
                "node": "24",
                "reporter": "22"
            },
            {
                "delta": 39556,
                "node": "27",
                "reporter": "22"
            },
            {
                "delta": 39589,
                "node": "24",
                "reporter": "8"
            },
            {
                "delta": 39589,
                "node": "27",
                "reporter": "8"
            },
            {
                "delta": 39677,
                "node": "2",
                "reporter": "5"
            },
            {
                "delta": 39677,
                "node": "20",
                "reporter": "5"
            },
            {
                "delta": 39678,
                "node": "30",
                "reporter": "5"
            },
            {
                "delta": 39692,
                "node": "1",
                "reporter": "25"
            },
            {
                "delta": 39692,
                "node": "24",
                "reporter": "25"
            },
            {
                "delta": 39692,
                "node": "7",
                "reporter": "25"
            },
            {
                "delta": 39692,
                "node": "13",
                "reporter": "25"
            },
            {
                "delta": 39692,
                "node": "27",
                "reporter": "25"
            },
            {
                "delta": 39692,
                "node": "11",
                "reporter": "25"
            },
            {
                "delta": 39745,
                "node": "11",
                "reporter": "4"
            },
            {
                "delta": 39745,
                "node": "9",
                "reporter": "4"
            },
            {
                "delta": 39852,
                "node": "6",
                "reporter": "25"
            },
            {
                "delta": 39852,
                "node": "23",
                "reporter": "25"
            },
            {
                "delta": 39853,
                "node": "15",
                "reporter": "25"
            },
            {
                "delta": 39853,
                "node": "26",
                "reporter": "25"
            },
            {
                "delta": 39853,
                "node": "21",
                "reporter": "25"
            },
            {
                "delta": 39853,
                "node": "10",
                "reporter": "25"
            },
            {
                "delta": 39853,
                "node": "3",
                "reporter": "25"
            },
            {
                "delta": 39853,
                "node": "9",
                "reporter": "25"
            },
            {
                "delta": 39878,
                "node": "15",
                "reporter": "5"
            },
            {
                "delta": 39878,
                "node": "26",
                "reporter": "5"
            },
            {
                "delta": 39878,
                "node": "9",
                "reporter": "5"
            },
            {
                "delta": 39905,
                "node": "6",
                "reporter": "16"
            },
            {
                "delta": 39906,
                "node": "19",
                "reporter": "16"
            },
            {
                "delta": 39906,
                "node": "2",
                "reporter": "22"
            },
            {
                "delta": 39906,
                "node": "23",
                "reporter": "16"
            },
            {
                "delta": 39906,
                "node": "20",
                "reporter": "22"
            },
            {
                "delta": 39906,
                "node": "1",
                "reporter": "16"
            },
            {
                "delta": 39906,
                "node": "30",
                "reporter": "22"
            },
            {
                "delta": 39906,
                "node": "24",
                "reporter": "16"
            },
            {
                "delta": 39906,
                "node": "15",
                "reporter": "16"
            },
            {
                "delta": 39906,
                "node": "26",
                "reporter": "16"
            },
            {
                "delta": 39907,
                "node": "7",
                "reporter": "16"
            },
            {
                "delta": 39907,
                "node": "13",
                "reporter": "16"
            },
            {
                "delta": 39907,
                "node": "21",
                "reporter": "16"
            },
            {
                "delta": 39907,
                "node": "27",
                "reporter": "16"
            },
            {
                "delta": 39907,
                "node": "28",
                "reporter": "16"
            },
            {
                "delta": 39928,
                "node": "10",
                "reporter": "16"
            },
            {
                "delta": 39928,
                "node": "3",
                "reporter": "16"
            },
            {
                "delta": 39928,
                "node": "11",
                "reporter": "16"
            },
            {
                "delta": 39928,
                "node": "9",
                "reporter": "16"
            },
            {
                "delta": 39959,
                "node": "2",
                "reporter": "8"
            },
            {
                "delta": 39959,
                "node": "20",
                "reporter": "8"
            },
            {
                "delta": 39959,
                "node": "17",
                "reporter": "8"
            },
            {
                "delta": 39959,
                "node": "30",
                "reporter": "8"
            },
            {
                "delta": 40021,
                "node": "17",
                "reporter": "25"
            },
            {
                "delta": 40028,
                "node": "19",
                "reporter": "18"
            },
            {
                "delta": 40028,
                "node": "1",
                "reporter": "18"
            },
            {
                "delta": 40028,
                "node": "2",
                "reporter": "18"
            },
            {
                "delta": 40028,
                "node": "20",
                "reporter": "18"
            },
            {
                "delta": 40028,
                "node": "30",
                "reporter": "18"
            },
            {
                "delta": 40029,
                "node": "28",
                "reporter": "18"
            },
            {
                "delta": 40029,
                "node": "11",
                "reporter": "18"
            },
            {
                "delta": 40208,
                "node": "6",
                "reporter": "5"
            },
            {
                "delta": 40208,
                "node": "23",
                "reporter": "5"
            },
            {
                "delta": 40208,
                "node": "21",
                "reporter": "5"
            },
            {
                "delta": 40208,
                "node": "10",
                "reporter": "5"
            },
            {
                "delta": 40208,
                "node": "3",
                "reporter": "5"
            },
            {
                "delta": 40209,
                "node": "2",
                "reporter": "4"
            },
            {
                "delta": 40211,
                "node": "20",
                "reporter": "4"
            },
            {
                "delta": 40211,
                "node": "30",
                "reporter": "4"
            },
            {
                "delta": 40426,
                "node": "2",
                "reporter": "29"
            },
            {
                "delta": 40426,
                "node": "20",
                "reporter": "29"
            },
            {
                "delta": 40426,
                "node": "17",
                "reporter": "29"
            },
            {
                "delta": 40426,
                "node": "30",
                "reporter": "29"
            },
            {
                "delta": 40426,
                "node": "10",
                "reporter": "29"
            },
            {
                "delta": 40426,
                "node": "6",
                "reporter": "29"
            },
            {
                "delta": 40617,
                "node": "6",
                "reporter": "14"
            },
            {
                "delta": 40617,
                "node": "2",
                "reporter": "14"
            },
            {
                "delta": 40617,
                "node": "20",
                "reporter": "14"
            },
            {
                "delta": 40617,
                "node": "30",
                "reporter": "14"
            },
            {
                "delta": 40617,
                "node": "10",
                "reporter": "14"
            },
            {
                "delta": 40691,
                "node": "2",
                "reporter": "12"
            },
            {
                "delta": 40692,
                "node": "20",
                "reporter": "12"
            },
            {
                "delta": 40692,
                "node": "15",
                "reporter": "12"
            },
            {
                "delta": 40692,
                "node": "26",
                "reporter": "12"
            },
            {
                "delta": 40692,
                "node": "17",
                "reporter": "12"
            },
            {
                "delta": 40692,
                "node": "30",
                "reporter": "12"
            },
            {
                "delta": 40692,
                "node": "21",
                "reporter": "12"
            },
            {
                "delta": 40692,
                "node": "10",
                "reporter": "12"
            },
            {
                "delta": 40692,
                "node": "3",
                "reporter": "12"
            },
            {
                "delta": 40692,
                "node": "9",
                "reporter": "12"
            },
            {
                "delta": 40834,
                "node": "6",
                "reporter": "12"
            },
            {
                "delta": 40834,
                "node": "23",
                "reporter": "12"
            },
            {
                "delta": 40868,
                "node": "6",
                "reporter": "18"
            },
            {
                "delta": 40870,
                "node": "23",
                "reporter": "18"
            },
            {
                "delta": 40870,
                "node": "21",
                "reporter": "18"
            },
            {
                "delta": 40870,
                "node": "10",
                "reporter": "18"
            },
            {
                "delta": 40870,
                "node": "3",
                "reporter": "18"
            },
            {
                "delta": 40876,
                "node": "17",
                "reporter": "14"
            },
            {
                "delta": 41039,
                "node": "17",
                "reporter": "4"
            },
            {
                "delta": 41047,
                "node": "17",
                "reporter": "22"
            },
            {
                "delta": 41367,
                "node": "17",
                "reporter": "5"
            },
            {
                "delta": 42437,
                "node": "17",
                "reporter": "18"
            }
        ]
    }
}