
{
    "id": "00249",
    "seed": 42,
    "repetition": 0,
    "settings": {
        "simulate_catastrophe": true,
        "number_of_nodes": 30,
        "duration": 120000,
        "gossip_delta": 200,
        "failure_delta": 3400,
        "miss_delta": 3400,
        "push_pull": false,
        "pick_strategy": 1,
        "enable_multicast": true,
        "multicast_parameter": 1.0,
        "multicast_max_wait": 6800,
        "expected_first_multicast": 1133
    },
    "result": {
        "start_time": 1500746419766,
        "end_time": 1500746539777,
        "expected_crashes": [
            {
                "delta": 31130,
                "node": "27"
            },
            {
                "delta": 31130,
                "node": "13"
            },
            {
                "delta": 31130,
                "node": "10"
            },
            {
                "delta": 31130,
                "node": "21"
            },
            {
                "delta": 31130,
                "node": "30"
            },
            {
                "delta": 31130,
                "node": "3"
            },
            {
                "delta": 31130,
                "node": "28"
            },
            {
                "delta": 31130,
                "node": "6"
            },
            {
                "delta": 31130,
                "node": "24"
            },
            {
                "delta": 31130,
                "node": "9"
            },
            {
                "delta": 31130,
                "node": "19"
            },
            {
                "delta": 31130,
                "node": "7"
            },
            {
                "delta": 31130,
                "node": "23"
            },
            {
                "delta": 31130,
                "node": "26"
            },
            {
                "delta": 31130,
                "node": "15"
            },
            {
                "delta": 31130,
                "node": "2"
            },
            {
                "delta": 31130,
                "node": "17"
            },
            {
                "delta": 31130,
                "node": "1"
            },
            {
                "delta": 31130,
                "node": "20"
            },
            {
                "delta": 31130,
                "node": "11"
            }
        ],
        "reported_crashes": [
            {
                "delta": 37675,
                "node": "9",
                "reporter": "12"
            },
            {
                "delta": 37780,
                "node": "23",
                "reporter": "8"
            },
            {
                "delta": 37782,
                "node": "17",
                "reporter": "29"
            },
            {
                "delta": 37828,
                "node": "6",
                "reporter": "18"
            },
            {
                "delta": 37837,
                "node": "2",
                "reporter": "22"
            },
            {
                "delta": 37877,
                "node": "19",
                "reporter": "14"
            },
            {
                "delta": 37877,
                "node": "21",
                "reporter": "14"
            },
            {
                "delta": 37918,
                "node": "20",
                "reporter": "18"
            },
            {
                "delta": 37980,
                "node": "24",
                "reporter": "8"
            },
            {
                "delta": 38039,
                "node": "27",
                "reporter": "4"
            },
            {
                "delta": 38039,
                "node": "11",
                "reporter": "4"
            },
            {
                "delta": 38060,
                "node": "9",
                "reporter": "8"
            },
            {
                "delta": 38061,
                "node": "6",
                "reporter": "8"
            },
            {
                "delta": 38061,
                "node": "20",
                "reporter": "8"
            },
            {
                "delta": 38095,
                "node": "28",
                "reporter": "12"
            },
            {
                "delta": 38097,
                "node": "23",
                "reporter": "14"
            },
            {
                "delta": 38097,
                "node": "24",
                "reporter": "14"
            },
            {
                "delta": 38097,
                "node": "26",
                "reporter": "14"
            },
            {
                "delta": 38107,
                "node": "1",
                "reporter": "14"
            },
            {
                "delta": 38128,
                "node": "30",
                "reporter": "18"
            },
            {
                "delta": 38128,
                "node": "10",
                "reporter": "18"
            },
            {
                "delta": 38166,
                "node": "15",
                "reporter": "5"
            },
            {
                "delta": 38166,
                "node": "7",
                "reporter": "5"
            },
            {
                "delta": 38166,
                "node": "13",
                "reporter": "5"
            },
            {
                "delta": 38166,
                "node": "17",
                "reporter": "14"
            },
            {
                "delta": 38175,
                "node": "27",
                "reporter": "12"
            },
            {
                "delta": 38175,
                "node": "11",
                "reporter": "12"
            },
            {
                "delta": 38186,
                "node": "19",
                "reporter": "5"
            },
            {
                "delta": 38186,
                "node": "21",
                "reporter": "5"
            },
            {
                "delta": 38228,
                "node": "3",
                "reporter": "14"
            },
            {
                "delta": 38400,
                "node": "6",
                "reporter": "4"
            },
            {
                "delta": 38400,
                "node": "20",
                "reporter": "4"
            },
            {
                "delta": 38400,
                "node": "30",
                "reporter": "4"
            },
            {
                "delta": 38400,
                "node": "10",
                "reporter": "4"
            },
            {
                "delta": 38475,
                "node": "6",
                "reporter": "12"
            },
            {
                "delta": 38475,
                "node": "23",
                "reporter": "12"
            },
            {
                "delta": 38475,
                "node": "24",
                "reporter": "12"
            },
            {
                "delta": 38475,
                "node": "20",
                "reporter": "12"
            },
            {
                "delta": 38476,
                "node": "27",
                "reporter": "22"
            },
            {
                "delta": 38477,
                "node": "28",
                "reporter": "22"
            },
            {
                "delta": 38477,
                "node": "11",
                "reporter": "22"
            },
            {
                "delta": 38477,
                "node": "9",
                "reporter": "22"
            },
            {
                "delta": 38526,
                "node": "19",
                "reporter": "22"
            },
            {
                "delta": 38526,
                "node": "15",
                "reporter": "22"
            },
            {
                "delta": 38527,
                "node": "7",
                "reporter": "22"
            },
            {
                "delta": 38527,
                "node": "13",
                "reporter": "22"
            },
            {
                "delta": 38527,
                "node": "21",
                "reporter": "22"
            },
            {
                "delta": 38577,
                "node": "6",
                "reporter": "14"
            },
            {
                "delta": 38577,
                "node": "20",
                "reporter": "14"
            },
            {
                "delta": 38577,
                "node": "30",
                "reporter": "14"
            },
            {
                "delta": 38577,
                "node": "10",
                "reporter": "14"
            },
            {
                "delta": 38889,
                "node": "19",
                "reporter": "18"
            },
            {
                "delta": 38889,
                "node": "15",
                "reporter": "18"
            },
            {
                "delta": 38889,
                "node": "7",
                "reporter": "18"
            },
            {
                "delta": 38889,
                "node": "13",
                "reporter": "18"
            },
            {
                "delta": 38889,
                "node": "21",
                "reporter": "18"
            },
            {
                "delta": 38896,
                "node": "6",
                "reporter": "22"
            },
            {
                "delta": 38896,
                "node": "23",
                "reporter": "22"
            },
            {
                "delta": 38897,
                "node": "24",
                "reporter": "22"
            },
            {
                "delta": 38897,
                "node": "20",
                "reporter": "22"
            },
            {
                "delta": 39068,
                "node": "17",
                "reporter": "18"
            },
            {
                "delta": 39109,
                "node": "6",
                "reporter": "16"
            },
            {
                "delta": 39109,
                "node": "19",
                "reporter": "16"
            },
            {
                "delta": 39109,
                "node": "20",
                "reporter": "16"
            },
            {
                "delta": 39109,
                "node": "15",
                "reporter": "16"
            },
            {
                "delta": 39109,
                "node": "17",
                "reporter": "16"
            },
            {
                "delta": 39109,
                "node": "30",
                "reporter": "16"
            },
            {
                "delta": 39110,
                "node": "7",
                "reporter": "16"
            },
            {
                "delta": 39110,
                "node": "13",
                "reporter": "16"
            },
            {
                "delta": 39110,
                "node": "21",
                "reporter": "16"
            },
            {
                "delta": 39110,
                "node": "10",
                "reporter": "16"
            },
            {
                "delta": 39131,
                "node": "19",
                "reporter": "8"
            },
            {
                "delta": 39131,
                "node": "1",
                "reporter": "8"
            },
            {
                "delta": 39131,
                "node": "26",
                "reporter": "8"
            },
            {
                "delta": 39131,
                "node": "17",
                "reporter": "8"
            },
            {
                "delta": 39131,
                "node": "30",
                "reporter": "8"
            },
            {
                "delta": 39132,
                "node": "21",
                "reporter": "8"
            },
            {
                "delta": 39132,
                "node": "10",
                "reporter": "8"
            },
            {
                "delta": 39132,
                "node": "3",
                "reporter": "8"
            },
            {
                "delta": 39156,
                "node": "6",
                "reporter": "5"
            },
            {
                "delta": 39156,
                "node": "20",
                "reporter": "5"
            },
            {
                "delta": 39156,
                "node": "30",
                "reporter": "5"
            },
            {
                "delta": 39156,
                "node": "27",
                "reporter": "5"
            },
            {
                "delta": 39156,
                "node": "10",
                "reporter": "5"
            },
            {
                "delta": 39156,
                "node": "11",
                "reporter": "5"
            },
            {
                "delta": 39205,
                "node": "17",
                "reporter": "12"
            },
            {
                "delta": 39379,
                "node": "19",
                "reporter": "4"
            },
            {
                "delta": 39381,
                "node": "15",
                "reporter": "8"
            },
            {
                "delta": 39381,
                "node": "7",
                "reporter": "8"
            },
            {
                "delta": 39381,
                "node": "13",
                "reporter": "8"
            },
            {
                "delta": 39381,
                "node": "15",
                "reporter": "4"
            },
            {
                "delta": 39382,
                "node": "17",
                "reporter": "4"
            },
            {
                "delta": 39382,
                "node": "7",
                "reporter": "4"
            },
            {
                "delta": 39382,
                "node": "13",
                "reporter": "4"
            },
            {
                "delta": 39382,
                "node": "21",
                "reporter": "4"
            },
            {
                "delta": 39479,
                "node": "23",
                "reporter": "18"
            },
            {
                "delta": 39479,
                "node": "1",
                "reporter": "18"
            },
            {
                "delta": 39479,
                "node": "24",
                "reporter": "18"
            },
            {
                "delta": 39479,
                "node": "26",
                "reporter": "18"
            },
            {
                "delta": 39479,
                "node": "3",
                "reporter": "18"
            },
            {
                "delta": 39536,
                "node": "17",
                "reporter": "5"
            },
            {
                "delta": 39546,
                "node": "15",
                "reporter": "14"
            },
            {
                "delta": 39547,
                "node": "7",
                "reporter": "14"
            },
            {
                "delta": 39547,
                "node": "13",
                "reporter": "14"
            },
            {
                "delta": 39885,
                "node": "19",
                "reporter": "12"
            },
            {
                "delta": 39885,
                "node": "1",
                "reporter": "12"
            },
            {
                "delta": 39885,
                "node": "15",
                "reporter": "12"
            },
            {
                "delta": 39885,
                "node": "26",
                "reporter": "12"
            },
            {
                "delta": 39886,
                "node": "30",
                "reporter": "12"
            },
            {
                "delta": 39886,
                "node": "7",
                "reporter": "12"
            },
            {
                "delta": 39886,
                "node": "13",
                "reporter": "12"
            },
            {
                "delta": 39886,
                "node": "21",
                "reporter": "12"
            },
            {
                "delta": 39887,
                "node": "10",
                "reporter": "12"
            },
            {
                "delta": 39887,
                "node": "3",
                "reporter": "12"
            },
            {
                "delta": 40012,
                "node": "6",
                "reporter": "25"
            },
            {
                "delta": 40012,
                "node": "19",
                "reporter": "25"
            },
            {
                "delta": 40013,
                "node": "20",
                "reporter": "25"
            },
            {
                "delta": 40013,
                "node": "15",
                "reporter": "25"
            },
            {
                "delta": 40013,
                "node": "17",
                "reporter": "25"
            },
            {
                "delta": 40013,
                "node": "30",
                "reporter": "25"
            },
            {
                "delta": 40013,
                "node": "7",
                "reporter": "25"
            },
            {
                "delta": 40013,
                "node": "13",
                "reporter": "25"
            },
            {
                "delta": 40014,
                "node": "21",
                "reporter": "25"
            },
            {
                "delta": 40014,
                "node": "27",
                "reporter": "25"
            },
            {
                "delta": 40034,
                "node": "10",
                "reporter": "25"
            },
            {
                "delta": 40034,
                "node": "11",
                "reporter": "25"
            },
            {
                "delta": 40096,
                "node": "17",
                "reporter": "22"
            },
            {
                "delta": 40096,
                "node": "30",
                "reporter": "22"
            },
            {
                "delta": 40096,
                "node": "10",
                "reporter": "22"
            },
            {
                "delta": 40176,
                "node": "9",
                "reporter": "14"
            },
            {
                "delta": 40209,
                "node": "27",
                "reporter": "16"
            },
            {
                "delta": 40209,
                "node": "11",
                "reporter": "16"
            },
            {
                "delta": 40377,
                "node": "23",
                "reporter": "5"
            },
            {
                "delta": 40377,
                "node": "1",
                "reporter": "5"
            },
            {
                "delta": 40377,
                "node": "24",
                "reporter": "5"
            },
            {
                "delta": 40377,
                "node": "26",
                "reporter": "5"
            },
            {
                "delta": 40377,
                "node": "3",
                "reporter": "5"
            },
            {
                "delta": 40388,
                "node": "2",
                "reporter": "14"
            },
            {
                "delta": 40388,
                "node": "27",
                "reporter": "14"
            },
            {
                "delta": 40388,
                "node": "28",
                "reporter": "14"
            },
            {
                "delta": 40388,
                "node": "11",
                "reporter": "14"
            },
            {
                "delta": 40423,
                "node": "23",
                "reporter": "25"
            },
            {
                "delta": 40423,
                "node": "1",
                "reporter": "25"
            },
            {
                "delta": 40423,
                "node": "24",
                "reporter": "25"
            },
            {
                "delta": 40423,
                "node": "26",
                "reporter": "25"
            },
            {
                "delta": 40424,
                "node": "3",
                "reporter": "25"
            },
            {
                "delta": 40517,
                "node": "1",
                "reporter": "22"
            },
            {
                "delta": 40517,
                "node": "26",
                "reporter": "22"
            },
            {
                "delta": 40517,
                "node": "3",
                "reporter": "22"
            },
            {
                "delta": 40682,
                "node": "6",
                "reporter": "29"
            },
            {
                "delta": 40682,
                "node": "19",
                "reporter": "29"
            },
            {
                "delta": 40682,
                "node": "23",
                "reporter": "29"
            },
            {
                "delta": 40682,
                "node": "1",
                "reporter": "29"
            },
            {
                "delta": 40683,
                "node": "24",
                "reporter": "29"
            },
            {
                "delta": 40683,
                "node": "20",
                "reporter": "29"
            },
            {
                "delta": 40683,
                "node": "15",
                "reporter": "29"
            },
            {
                "delta": 40683,
                "node": "26",
                "reporter": "29"
            },
            {
                "delta": 40683,
                "node": "30",
                "reporter": "29"
            },
            {
                "delta": 40683,
                "node": "7",
                "reporter": "29"
            },
            {
                "delta": 40928,
                "node": "13",
                "reporter": "29"
            },
            {
                "delta": 40928,
                "node": "21",
                "reporter": "29"
            },
            {
                "delta": 40928,
                "node": "27",
                "reporter": "29"
            },
            {
                "delta": 40928,
                "node": "28",
                "reporter": "29"
            },
            {
                "delta": 40928,
                "node": "10",
                "reporter": "29"
            },
            {
                "delta": 40928,
                "node": "3",
                "reporter": "29"
            },
            {
                "delta": 40928,
                "node": "11",
                "reporter": "29"
            },
            {
                "delta": 40928,
                "node": "9",
                "reporter": "29"
            },
            {
                "delta": 41211,
                "node": "27",
                "reporter": "8"
            },
            {
                "delta": 41211,
                "node": "28",
                "reporter": "8"
            },
            {
                "delta": 41211,
                "node": "11",
                "reporter": "8"
            },
            {
                "delta": 41539,
                "node": "23",
                "reporter": "4"
            },
            {
                "delta": 41539,
                "node": "1",
                "reporter": "4"
            },
            {
                "delta": 41539,
                "node": "24",
                "reporter": "4"
            },
            {
                "delta": 41539,
                "node": "26",
                "reporter": "4"
            },
            {
                "delta": 41539,
                "node": "28",
                "reporter": "4"
            },
            {
                "delta": 41540,
                "node": "3",
                "reporter": "4"
            },
            {
                "delta": 41540,
                "node": "9",
                "reporter": "4"
            },
            {
                "delta": 41679,
                "node": "2",
                "reporter": "4"
            },
            {
                "delta": 42157,
                "node": "28",
                "reporter": "5"
            },
            {
                "delta": 42157,
                "node": "9",
                "reporter": "5"
            },
            {
                "delta": 42259,
                "node": "23",
                "reporter": "16"
            },
            {
                "delta": 42259,
                "node": "1",
                "reporter": "16"
            },
            {
                "delta": 42259,
                "node": "24",
                "reporter": "16"
            },
            {
                "delta": 42259,
                "node": "26",
                "reporter": "16"
            },
            {
                "delta": 42259,
                "node": "28",
                "reporter": "16"
            },
            {
                "delta": 42260,
                "node": "3",
                "reporter": "16"
            },
            {
                "delta": 42261,
                "node": "9",
                "reporter": "16"
            },
            {
                "delta": 42418,
                "node": "2",
                "reporter": "18"
            },
            {
                "delta": 42418,
                "node": "27",
                "reporter": "18"
            },
            {
                "delta": 42418,
                "node": "28",
                "reporter": "18"
            },
            {
                "delta": 42418,
                "node": "11",
                "reporter": "18"
            },
            {
                "delta": 42418,
                "node": "9",
                "reporter": "18"
            },
            {
                "delta": 42622,
                "node": "2",
                "reporter": "25"
            },
            {
                "delta": 42622,
                "node": "28",
                "reporter": "25"
            },
            {
                "delta": 42622,
                "node": "9",
                "reporter": "25"
            },
            {
                "delta": 43120,
                "node": "2",
                "reporter": "8"
            },
            {
                "delta": 43202,
                "node": "2",
                "reporter": "29"
            },
            {
                "delta": 43566,
                "node": "2",
                "reporter": "5"
            },
            {
                "delta": 43610,
                "node": "2",
                "reporter": "16"
            },
            {
                "delta": 44145,
                "node": "2",
                "reporter": "12"
            }
        ]
    }
}