
{
    "id": "00254",
    "seed": 42,
    "repetition": 0,
    "settings": {
        "simulate_catastrophe": true,
        "number_of_nodes": 30,
        "duration": 120000,
        "gossip_delta": 200,
        "failure_delta": 3400,
        "miss_delta": 3400,
        "push_pull": false,
        "pick_strategy": 2,
        "enable_multicast": true,
        "multicast_parameter": 1.0,
        "multicast_max_wait": 6800,
        "expected_first_multicast": 1133
    },
    "result": {
        "start_time": 1500747044916,
        "end_time": 1500747164927,
        "expected_crashes": [
            {
                "delta": 31130,
                "node": "27"
            },
            {
                "delta": 31130,
                "node": "13"
            },
            {
                "delta": 31130,
                "node": "10"
            },
            {
                "delta": 31130,
                "node": "21"
            },
            {
                "delta": 31130,
                "node": "30"
            },
            {
                "delta": 31130,
                "node": "3"
            },
            {
                "delta": 31130,
                "node": "28"
            },
            {
                "delta": 31130,
                "node": "6"
            },
            {
                "delta": 31130,
                "node": "24"
            },
            {
                "delta": 31130,
                "node": "9"
            },
            {
                "delta": 31130,
                "node": "19"
            },
            {
                "delta": 31130,
                "node": "7"
            },
            {
                "delta": 31130,
                "node": "23"
            },
            {
                "delta": 31130,
                "node": "26"
            },
            {
                "delta": 31130,
                "node": "15"
            },
            {
                "delta": 31130,
                "node": "2"
            },
            {
                "delta": 31130,
                "node": "17"
            },
            {
                "delta": 31130,
                "node": "1"
            },
            {
                "delta": 31130,
                "node": "20"
            },
            {
                "delta": 31130,
                "node": "11"
            }
        ],
        "reported_crashes": [
            {
                "delta": 37682,
                "node": "21",
                "reporter": "12"
            },
            {
                "delta": 37801,
                "node": "19",
                "reporter": "4"
            },
            {
                "delta": 37916,
                "node": "30",
                "reporter": "5"
            },
            {
                "delta": 37927,
                "node": "27",
                "reporter": "14"
            },
            {
                "delta": 37985,
                "node": "9",
                "reporter": "5"
            },
            {
                "delta": 38013,
                "node": "23",
                "reporter": "29"
            },
            {
                "delta": 38013,
                "node": "1",
                "reporter": "29"
            },
            {
                "delta": 38014,
                "node": "10",
                "reporter": "29"
            },
            {
                "delta": 38014,
                "node": "11",
                "reporter": "29"
            },
            {
                "delta": 38093,
                "node": "19",
                "reporter": "29"
            },
            {
                "delta": 38093,
                "node": "20",
                "reporter": "29"
            },
            {
                "delta": 38101,
                "node": "7",
                "reporter": "8"
            },
            {
                "delta": 38107,
                "node": "2",
                "reporter": "14"
            },
            {
                "delta": 38130,
                "node": "17",
                "reporter": "16"
            },
            {
                "delta": 38172,
                "node": "26",
                "reporter": "29"
            },
            {
                "delta": 38172,
                "node": "30",
                "reporter": "12"
            },
            {
                "delta": 38172,
                "node": "9",
                "reporter": "12"
            },
            {
                "delta": 38187,
                "node": "13",
                "reporter": "14"
            },
            {
                "delta": 38188,
                "node": "21",
                "reporter": "14"
            },
            {
                "delta": 38192,
                "node": "24",
                "reporter": "29"
            },
            {
                "delta": 38193,
                "node": "15",
                "reporter": "25"
            },
            {
                "delta": 38209,
                "node": "21",
                "reporter": "18"
            },
            {
                "delta": 38226,
                "node": "6",
                "reporter": "5"
            },
            {
                "delta": 38257,
                "node": "19",
                "reporter": "18"
            },
            {
                "delta": 38288,
                "node": "20",
                "reporter": "18"
            },
            {
                "delta": 38288,
                "node": "3",
                "reporter": "18"
            },
            {
                "delta": 38307,
                "node": "7",
                "reporter": "14"
            },
            {
                "delta": 38321,
                "node": "6",
                "reporter": "16"
            },
            {
                "delta": 38321,
                "node": "30",
                "reporter": "16"
            },
            {
                "delta": 38321,
                "node": "9",
                "reporter": "16"
            },
            {
                "delta": 38390,
                "node": "15",
                "reporter": "16"
            },
            {
                "delta": 38391,
                "node": "2",
                "reporter": "4"
            },
            {
                "delta": 38393,
                "node": "13",
                "reporter": "4"
            },
            {
                "delta": 38393,
                "node": "21",
                "reporter": "4"
            },
            {
                "delta": 38394,
                "node": "27",
                "reporter": "4"
            },
            {
                "delta": 38536,
                "node": "28",
                "reporter": "5"
            },
            {
                "delta": 38536,
                "node": "7",
                "reporter": "5"
            },
            {
                "delta": 38771,
                "node": "15",
                "reporter": "4"
            },
            {
                "delta": 38888,
                "node": "6",
                "reporter": "18"
            },
            {
                "delta": 38888,
                "node": "30",
                "reporter": "18"
            },
            {
                "delta": 38888,
                "node": "7",
                "reporter": "18"
            },
            {
                "delta": 38888,
                "node": "28",
                "reporter": "18"
            },
            {
                "delta": 38888,
                "node": "9",
                "reporter": "18"
            },
            {
                "delta": 38941,
                "node": "19",
                "reporter": "8"
            },
            {
                "delta": 38941,
                "node": "20",
                "reporter": "8"
            },
            {
                "delta": 38941,
                "node": "21",
                "reporter": "8"
            },
            {
                "delta": 38941,
                "node": "3",
                "reporter": "8"
            },
            {
                "delta": 39057,
                "node": "19",
                "reporter": "22"
            },
            {
                "delta": 39057,
                "node": "20",
                "reporter": "22"
            },
            {
                "delta": 39057,
                "node": "7",
                "reporter": "22"
            },
            {
                "delta": 39058,
                "node": "21",
                "reporter": "22"
            },
            {
                "delta": 39058,
                "node": "3",
                "reporter": "22"
            },
            {
                "delta": 39177,
                "node": "15",
                "reporter": "18"
            },
            {
                "delta": 39212,
                "node": "30",
                "reporter": "4"
            },
            {
                "delta": 39212,
                "node": "9",
                "reporter": "4"
            },
            {
                "delta": 39212,
                "node": "2",
                "reporter": "29"
            },
            {
                "delta": 39213,
                "node": "7",
                "reporter": "29"
            },
            {
                "delta": 39213,
                "node": "13",
                "reporter": "29"
            },
            {
                "delta": 39213,
                "node": "21",
                "reporter": "29"
            },
            {
                "delta": 39213,
                "node": "27",
                "reporter": "29"
            },
            {
                "delta": 39242,
                "node": "6",
                "reporter": "29"
            },
            {
                "delta": 39242,
                "node": "30",
                "reporter": "29"
            },
            {
                "delta": 39242,
                "node": "28",
                "reporter": "29"
            },
            {
                "delta": 39242,
                "node": "3",
                "reporter": "29"
            },
            {
                "delta": 39244,
                "node": "9",
                "reporter": "29"
            },
            {
                "delta": 39320,
                "node": "21",
                "reporter": "16"
            },
            {
                "delta": 39672,
                "node": "6",
                "reporter": "12"
            },
            {
                "delta": 39672,
                "node": "19",
                "reporter": "12"
            },
            {
                "delta": 39672,
                "node": "20",
                "reporter": "12"
            },
            {
                "delta": 39673,
                "node": "15",
                "reporter": "12"
            },
            {
                "delta": 39673,
                "node": "7",
                "reporter": "12"
            },
            {
                "delta": 39673,
                "node": "28",
                "reporter": "12"
            },
            {
                "delta": 39673,
                "node": "3",
                "reporter": "12"
            },
            {
                "delta": 39681,
                "node": "6",
                "reporter": "8"
            },
            {
                "delta": 39681,
                "node": "15",
                "reporter": "8"
            },
            {
                "delta": 39681,
                "node": "17",
                "reporter": "8"
            },
            {
                "delta": 39681,
                "node": "30",
                "reporter": "8"
            },
            {
                "delta": 39681,
                "node": "9",
                "reporter": "8"
            },
            {
                "delta": 39691,
                "node": "19",
                "reporter": "16"
            },
            {
                "delta": 39691,
                "node": "20",
                "reporter": "16"
            },
            {
                "delta": 39691,
                "node": "7",
                "reporter": "16"
            },
            {
                "delta": 39691,
                "node": "3",
                "reporter": "16"
            },
            {
                "delta": 39866,
                "node": "2",
                "reporter": "5"
            },
            {
                "delta": 39866,
                "node": "13",
                "reporter": "5"
            },
            {
                "delta": 39866,
                "node": "21",
                "reporter": "5"
            },
            {
                "delta": 39866,
                "node": "27",
                "reporter": "5"
            },
            {
                "delta": 40032,
                "node": "15",
                "reporter": "29"
            },
            {
                "delta": 40033,
                "node": "17",
                "reporter": "29"
            },
            {
                "delta": 40148,
                "node": "2",
                "reporter": "18"
            },
            {
                "delta": 40148,
                "node": "13",
                "reporter": "18"
            },
            {
                "delta": 40148,
                "node": "27",
                "reporter": "18"
            },
            {
                "delta": 40221,
                "node": "6",
                "reporter": "4"
            },
            {
                "delta": 40221,
                "node": "23",
                "reporter": "4"
            },
            {
                "delta": 40223,
                "node": "1",
                "reporter": "4"
            },
            {
                "delta": 40223,
                "node": "24",
                "reporter": "4"
            },
            {
                "delta": 40223,
                "node": "20",
                "reporter": "4"
            },
            {
                "delta": 40223,
                "node": "26",
                "reporter": "4"
            },
            {
                "delta": 40223,
                "node": "17",
                "reporter": "4"
            },
            {
                "delta": 40224,
                "node": "7",
                "reporter": "4"
            },
            {
                "delta": 40224,
                "node": "28",
                "reporter": "4"
            },
            {
                "delta": 40224,
                "node": "10",
                "reporter": "4"
            },
            {
                "delta": 40410,
                "node": "3",
                "reporter": "4"
            },
            {
                "delta": 40410,
                "node": "11",
                "reporter": "4"
            },
            {
                "delta": 40416,
                "node": "19",
                "reporter": "5"
            },
            {
                "delta": 40416,
                "node": "20",
                "reporter": "5"
            },
            {
                "delta": 40416,
                "node": "15",
                "reporter": "5"
            },
            {
                "delta": 40416,
                "node": "17",
                "reporter": "5"
            },
            {
                "delta": 40416,
                "node": "3",
                "reporter": "5"
            },
            {
                "delta": 40650,
                "node": "2",
                "reporter": "16"
            },
            {
                "delta": 40650,
                "node": "13",
                "reporter": "16"
            },
            {
                "delta": 40650,
                "node": "27",
                "reporter": "16"
            },
            {
                "delta": 40651,
                "node": "28",
                "reporter": "16"
            },
            {
                "delta": 41247,
                "node": "6",
                "reporter": "14"
            },
            {
                "delta": 41247,
                "node": "19",
                "reporter": "14"
            },
            {
                "delta": 41247,
                "node": "20",
                "reporter": "14"
            },
            {
                "delta": 41247,
                "node": "15",
                "reporter": "14"
            },
            {
                "delta": 41247,
                "node": "17",
                "reporter": "14"
            },
            {
                "delta": 41248,
                "node": "30",
                "reporter": "14"
            },
            {
                "delta": 41248,
                "node": "3",
                "reporter": "14"
            },
            {
                "delta": 41248,
                "node": "9",
                "reporter": "14"
            },
            {
                "delta": 41361,
                "node": "2",
                "reporter": "8"
            },
            {
                "delta": 41361,
                "node": "13",
                "reporter": "8"
            },
            {
                "delta": 41361,
                "node": "27",
                "reporter": "8"
            },
            {
                "delta": 41361,
                "node": "28",
                "reporter": "8"
            },
            {
                "delta": 41557,
                "node": "23",
                "reporter": "14"
            },
            {
                "delta": 41557,
                "node": "1",
                "reporter": "14"
            },
            {
                "delta": 41557,
                "node": "24",
                "reporter": "14"
            },
            {
                "delta": 41557,
                "node": "26",
                "reporter": "14"
            },
            {
                "delta": 41557,
                "node": "28",
                "reporter": "14"
            },
            {
                "delta": 41558,
                "node": "11",
                "reporter": "14"
            },
            {
                "delta": 41558,
                "node": "10",
                "reporter": "14"
            },
            {
                "delta": 41576,
                "node": "6",
                "reporter": "22"
            },
            {
                "delta": 41577,
                "node": "2",
                "reporter": "22"
            },
            {
                "delta": 41577,
                "node": "15",
                "reporter": "22"
            },
            {
                "delta": 41577,
                "node": "17",
                "reporter": "22"
            },
            {
                "delta": 41577,
                "node": "30",
                "reporter": "22"
            },
            {
                "delta": 41577,
                "node": "13",
                "reporter": "22"
            },
            {
                "delta": 41577,
                "node": "27",
                "reporter": "22"
            },
            {
                "delta": 41578,
                "node": "28",
                "reporter": "22"
            },
            {
                "delta": 41578,
                "node": "9",
                "reporter": "22"
            },
            {
                "delta": 41597,
                "node": "25",
                "reporter": "22"
            },
            {
                "delta": 41652,
                "node": "23",
                "reporter": "22"
            },
            {
                "delta": 41652,
                "node": "1",
                "reporter": "22"
            },
            {
                "delta": 41652,
                "node": "24",
                "reporter": "22"
            },
            {
                "delta": 41652,
                "node": "26",
                "reporter": "22"
            },
            {
                "delta": 41652,
                "node": "10",
                "reporter": "22"
            },
            {
                "delta": 41653,
                "node": "11",
                "reporter": "22"
            },
            {
                "delta": 42282,
                "node": "23",
                "reporter": "8"
            },
            {
                "delta": 42282,
                "node": "1",
                "reporter": "8"
            },
            {
                "delta": 42282,
                "node": "24",
                "reporter": "8"
            },
            {
                "delta": 42282,
                "node": "26",
                "reporter": "8"
            },
            {
                "delta": 42282,
                "node": "10",
                "reporter": "8"
            },
            {
                "delta": 42282,
                "node": "11",
                "reporter": "8"
            },
            {
                "delta": 42343,
                "node": "6",
                "reporter": "25"
            },
            {
                "delta": 42344,
                "node": "19",
                "reporter": "25"
            },
            {
                "delta": 42344,
                "node": "20",
                "reporter": "25"
            },
            {
                "delta": 42344,
                "node": "2",
                "reporter": "25"
            },
            {
                "delta": 42344,
                "node": "17",
                "reporter": "25"
            },
            {
                "delta": 42344,
                "node": "30",
                "reporter": "25"
            },
            {
                "delta": 42344,
                "node": "7",
                "reporter": "25"
            },
            {
                "delta": 42345,
                "node": "13",
                "reporter": "25"
            },
            {
                "delta": 42345,
                "node": "21",
                "reporter": "25"
            },
            {
                "delta": 42345,
                "node": "27",
                "reporter": "25"
            },
            {
                "delta": 42366,
                "node": "28",
                "reporter": "25"
            },
            {
                "delta": 42366,
                "node": "3",
                "reporter": "25"
            },
            {
                "delta": 42366,
                "node": "9",
                "reporter": "25"
            },
            {
                "delta": 42422,
                "node": "23",
                "reporter": "12"
            },
            {
                "delta": 42422,
                "node": "1",
                "reporter": "12"
            },
            {
                "delta": 42422,
                "node": "24",
                "reporter": "12"
            },
            {
                "delta": 42423,
                "node": "2",
                "reporter": "12"
            },
            {
                "delta": 42423,
                "node": "26",
                "reporter": "12"
            },
            {
                "delta": 42423,
                "node": "17",
                "reporter": "12"
            },
            {
                "delta": 42423,
                "node": "13",
                "reporter": "12"
            },
            {
                "delta": 42423,
                "node": "27",
                "reporter": "12"
            },
            {
                "delta": 42423,
                "node": "10",
                "reporter": "12"
            },
            {
                "delta": 42423,
                "node": "11",
                "reporter": "12"
            },
            {
                "delta": 42473,
                "node": "23",
                "reporter": "25"
            },
            {
                "delta": 42473,
                "node": "1",
                "reporter": "25"
            },
            {
                "delta": 42473,
                "node": "24",
                "reporter": "25"
            },
            {
                "delta": 42473,
                "node": "26",
                "reporter": "25"
            },
            {
                "delta": 42473,
                "node": "10",
                "reporter": "25"
            },
            {
                "delta": 42473,
                "node": "11",
                "reporter": "25"
            },
            {
                "delta": 42611,
                "node": "25",
                "reporter": "8"
            },
            {
                "delta": 43050,
                "node": "23",
                "reporter": "16"
            },
            {
                "delta": 43051,
                "node": "1",
                "reporter": "16"
            },
            {
                "delta": 43051,
                "node": "24",
                "reporter": "16"
            },
            {
                "delta": 43051,
                "node": "26",
                "reporter": "16"
            },
            {
                "delta": 43051,
                "node": "10",
                "reporter": "16"
            },
            {
                "delta": 43051,
                "node": "11",
                "reporter": "16"
            },
            {
                "delta": 43051,
                "node": "25",
                "reporter": "16"
            },
            {
                "delta": 43467,
                "node": "23",
                "reporter": "18"
            },
            {
                "delta": 43468,
                "node": "1",
                "reporter": "18"
            },
            {
                "delta": 43468,
                "node": "24",
                "reporter": "18"
            },
            {
                "delta": 43468,
                "node": "26",
                "reporter": "18"
            },
            {
                "delta": 43468,
                "node": "17",
                "reporter": "18"
            },
            {
                "delta": 43468,
                "node": "10",
                "reporter": "18"
            },
            {
                "delta": 43468,
                "node": "11",
                "reporter": "18"
            },
            {
                "delta": 43576,
                "node": "23",
                "reporter": "5"
            },
            {
                "delta": 43576,
                "node": "1",
                "reporter": "5"
            },
            {
                "delta": 43576,
                "node": "24",
                "reporter": "5"
            },
            {
                "delta": 43576,
                "node": "26",
                "reporter": "5"
            },
            {
                "delta": 43576,
                "node": "11",
                "reporter": "5"
            },
            {
                "delta": 43576,
                "node": "10",
                "reporter": "5"
            },
            {
                "delta": 43796,
                "node": "25",
                "reporter": "5"
            },
            {
                "delta": 44137,
                "node": "25",
                "reporter": "18"
            },
            {
                "delta": 44382,
                "node": "25",
                "reporter": "12"
            },
            {
                "delta": 44903,
                "node": "25",
                "reporter": "29"
            },
            {
                "delta": 45042,
                "node": "25",
                "reporter": "4"
            },
            {
                "delta": 45397,
                "node": "25",
                "reporter": "14"
            },
            {
                "delta": 48162,
                "node": "8",
                "reporter": "25"
            },
            {
                "delta": 48163,
                "node": "18",
                "reporter": "25"
            },
            {
                "delta": 48163,
                "node": "12",
                "reporter": "25"
            },
            {
                "delta": 48163,
                "node": "29",
                "reporter": "25"
            },
            {
                "delta": 48163,
                "node": "14",
                "reporter": "25"
            },
            {
                "delta": 48163,
                "node": "22",
                "reporter": "25"
            },
            {
                "delta": 48163,
                "node": "5",
                "reporter": "25"
            },
            {
                "delta": 48203,
                "node": "4",
                "reporter": "25"
            },
            {
                "delta": 48203,
                "node": "16",
                "reporter": "25"
            }
        ]
    }
}