
{
    "id": "00266",
    "seed": 42,
    "repetition": 0,
    "settings": {
        "simulate_catastrophe": true,
        "number_of_nodes": 30,
        "duration": 120000,
        "gossip_delta": 200,
        "failure_delta": 3400,
        "miss_delta": 3400,
        "push_pull": true,
        "pick_strategy": 2,
        "enable_multicast": false,
        "multicast_parameter": null,
        "multicast_max_wait": null,
        "expected_first_multicast": null
    },
    "result": {
        "start_time": 1500748545276,
        "end_time": 1500748665287,
        "expected_crashes": [
            {
                "delta": 31130,
                "node": "27"
            },
            {
                "delta": 31130,
                "node": "13"
            },
            {
                "delta": 31130,
                "node": "10"
            },
            {
                "delta": 31130,
                "node": "21"
            },
            {
                "delta": 31130,
                "node": "30"
            },
            {
                "delta": 31130,
                "node": "3"
            },
            {
                "delta": 31130,
                "node": "28"
            },
            {
                "delta": 31130,
                "node": "6"
            },
            {
                "delta": 31130,
                "node": "24"
            },
            {
                "delta": 31130,
                "node": "9"
            },
            {
                "delta": 31130,
                "node": "19"
            },
            {
                "delta": 31130,
                "node": "7"
            },
            {
                "delta": 31130,
                "node": "23"
            },
            {
                "delta": 31130,
                "node": "26"
            },
            {
                "delta": 31130,
                "node": "15"
            },
            {
                "delta": 31130,
                "node": "2"
            },
            {
                "delta": 31130,
                "node": "17"
            },
            {
                "delta": 31130,
                "node": "1"
            },
            {
                "delta": 31130,
                "node": "20"
            },
            {
                "delta": 31130,
                "node": "11"
            }
        ],
        "reported_crashes": [
            {
                "delta": 34264,
                "node": "9",
                "reporter": "16"
            },
            {
                "delta": 34313,
                "node": "3",
                "reporter": "16"
            },
            {
                "delta": 34374,
                "node": "13",
                "reporter": "18"
            },
            {
                "delta": 34440,
                "node": "3",
                "reporter": "12"
            },
            {
                "delta": 34441,
                "node": "9",
                "reporter": "12"
            },
            {
                "delta": 34444,
                "node": "9",
                "reporter": "22"
            },
            {
                "delta": 34472,
                "node": "3",
                "reporter": "8"
            },
            {
                "delta": 34473,
                "node": "9",
                "reporter": "8"
            },
            {
                "delta": 34498,
                "node": "24",
                "reporter": "5"
            },
            {
                "delta": 34585,
                "node": "3",
                "reporter": "22"
            },
            {
                "delta": 34614,
                "node": "17",
                "reporter": "18"
            },
            {
                "delta": 34634,
                "node": "15",
                "reporter": "18"
            },
            {
                "delta": 34645,
                "node": "6",
                "reporter": "22"
            },
            {
                "delta": 34645,
                "node": "2",
                "reporter": "22"
            },
            {
                "delta": 34668,
                "node": "28",
                "reporter": "5"
            },
            {
                "delta": 34671,
                "node": "6",
                "reporter": "12"
            },
            {
                "delta": 34682,
                "node": "6",
                "reporter": "25"
            },
            {
                "delta": 34682,
                "node": "21",
                "reporter": "25"
            },
            {
                "delta": 34693,
                "node": "19",
                "reporter": "16"
            },
            {
                "delta": 34693,
                "node": "17",
                "reporter": "16"
            },
            {
                "delta": 34694,
                "node": "13",
                "reporter": "16"
            },
            {
                "delta": 34694,
                "node": "28",
                "reporter": "16"
            },
            {
                "delta": 34694,
                "node": "24",
                "reporter": "16"
            },
            {
                "delta": 34702,
                "node": "6",
                "reporter": "8"
            },
            {
                "delta": 34734,
                "node": "7",
                "reporter": "4"
            },
            {
                "delta": 34734,
                "node": "10",
                "reporter": "4"
            },
            {
                "delta": 34734,
                "node": "1",
                "reporter": "18"
            },
            {
                "delta": 34734,
                "node": "3",
                "reporter": "18"
            },
            {
                "delta": 34753,
                "node": "3",
                "reporter": "29"
            },
            {
                "delta": 34753,
                "node": "9",
                "reporter": "29"
            },
            {
                "delta": 34754,
                "node": "26",
                "reporter": "18"
            },
            {
                "delta": 34754,
                "node": "7",
                "reporter": "18"
            },
            {
                "delta": 34754,
                "node": "27",
                "reporter": "18"
            },
            {
                "delta": 34755,
                "node": "10",
                "reporter": "18"
            },
            {
                "delta": 34755,
                "node": "7",
                "reporter": "22"
            },
            {
                "delta": 34755,
                "node": "9",
                "reporter": "18"
            },
            {
                "delta": 34755,
                "node": "10",
                "reporter": "22"
            },
            {
                "delta": 34793,
                "node": "6",
                "reporter": "29"
            },
            {
                "delta": 34793,
                "node": "23",
                "reporter": "29"
            },
            {
                "delta": 34794,
                "node": "20",
                "reporter": "29"
            },
            {
                "delta": 34794,
                "node": "17",
                "reporter": "29"
            },
            {
                "delta": 34794,
                "node": "30",
                "reporter": "29"
            },
            {
                "delta": 34794,
                "node": "13",
                "reporter": "29"
            },
            {
                "delta": 34794,
                "node": "10",
                "reporter": "29"
            },
            {
                "delta": 34794,
                "node": "11",
                "reporter": "29"
            },
            {
                "delta": 34869,
                "node": "19",
                "reporter": "5"
            },
            {
                "delta": 34869,
                "node": "17",
                "reporter": "5"
            },
            {
                "delta": 34869,
                "node": "13",
                "reporter": "5"
            },
            {
                "delta": 34869,
                "node": "3",
                "reporter": "5"
            },
            {
                "delta": 34869,
                "node": "9",
                "reporter": "5"
            },
            {
                "delta": 34873,
                "node": "6",
                "reporter": "4"
            },
            {
                "delta": 34874,
                "node": "2",
                "reporter": "4"
            },
            {
                "delta": 34874,
                "node": "3",
                "reporter": "4"
            },
            {
                "delta": 34874,
                "node": "9",
                "reporter": "4"
            },
            {
                "delta": 34959,
                "node": "6",
                "reporter": "5"
            },
            {
                "delta": 34959,
                "node": "2",
                "reporter": "5"
            },
            {
                "delta": 34959,
                "node": "7",
                "reporter": "5"
            },
            {
                "delta": 34959,
                "node": "10",
                "reporter": "5"
            },
            {
                "delta": 34963,
                "node": "19",
                "reporter": "4"
            },
            {
                "delta": 34963,
                "node": "24",
                "reporter": "4"
            },
            {
                "delta": 34963,
                "node": "17",
                "reporter": "4"
            },
            {
                "delta": 34965,
                "node": "13",
                "reporter": "4"
            },
            {
                "delta": 34965,
                "node": "28",
                "reporter": "4"
            },
            {
                "delta": 34966,
                "node": "6",
                "reporter": "14"
            },
            {
                "delta": 34966,
                "node": "23",
                "reporter": "14"
            },
            {
                "delta": 34967,
                "node": "20",
                "reporter": "14"
            },
            {
                "delta": 34967,
                "node": "17",
                "reporter": "14"
            },
            {
                "delta": 34967,
                "node": "30",
                "reporter": "14"
            },
            {
                "delta": 34967,
                "node": "13",
                "reporter": "14"
            },
            {
                "delta": 34967,
                "node": "10",
                "reporter": "14"
            },
            {
                "delta": 34967,
                "node": "3",
                "reporter": "14"
            },
            {
                "delta": 34967,
                "node": "11",
                "reporter": "14"
            },
            {
                "delta": 34967,
                "node": "9",
                "reporter": "14"
            },
            {
                "delta": 35070,
                "node": "19",
                "reporter": "12"
            },
            {
                "delta": 35070,
                "node": "24",
                "reporter": "12"
            },
            {
                "delta": 35071,
                "node": "16",
                "reporter": "12"
            },
            {
                "delta": 35071,
                "node": "17",
                "reporter": "12"
            },
            {
                "delta": 35071,
                "node": "13",
                "reporter": "12"
            },
            {
                "delta": 35071,
                "node": "28",
                "reporter": "12"
            },
            {
                "delta": 35074,
                "node": "6",
                "reporter": "16"
            },
            {
                "delta": 35212,
                "node": "2",
                "reporter": "8"
            },
            {
                "delta": 35212,
                "node": "7",
                "reporter": "8"
            },
            {
                "delta": 35212,
                "node": "10",
                "reporter": "8"
            },
            {
                "delta": 35243,
                "node": "1",
                "reporter": "4"
            },
            {
                "delta": 35243,
                "node": "15",
                "reporter": "4"
            },
            {
                "delta": 35243,
                "node": "26",
                "reporter": "4"
            },
            {
                "delta": 35243,
                "node": "27",
                "reporter": "4"
            },
            {
                "delta": 35321,
                "node": "19",
                "reporter": "25"
            },
            {
                "delta": 35321,
                "node": "24",
                "reporter": "25"
            },
            {
                "delta": 35321,
                "node": "2",
                "reporter": "25"
            },
            {
                "delta": 35322,
                "node": "17",
                "reporter": "25"
            },
            {
                "delta": 35322,
                "node": "7",
                "reporter": "25"
            },
            {
                "delta": 35328,
                "node": "13",
                "reporter": "25"
            },
            {
                "delta": 35328,
                "node": "28",
                "reporter": "25"
            },
            {
                "delta": 35328,
                "node": "10",
                "reporter": "25"
            },
            {
                "delta": 35328,
                "node": "3",
                "reporter": "25"
            },
            {
                "delta": 35328,
                "node": "9",
                "reporter": "25"
            },
            {
                "delta": 35395,
                "node": "6",
                "reporter": "18"
            },
            {
                "delta": 35395,
                "node": "19",
                "reporter": "18"
            },
            {
                "delta": 35395,
                "node": "24",
                "reporter": "18"
            },
            {
                "delta": 35395,
                "node": "2",
                "reporter": "18"
            },
            {
                "delta": 35395,
                "node": "28",
                "reporter": "18"
            },
            {
                "delta": 35470,
                "node": "1",
                "reporter": "12"
            },
            {
                "delta": 35470,
                "node": "2",
                "reporter": "12"
            },
            {
                "delta": 35471,
                "node": "15",
                "reporter": "12"
            },
            {
                "delta": 35471,
                "node": "26",
                "reporter": "12"
            },
            {
                "delta": 35471,
                "node": "7",
                "reporter": "12"
            },
            {
                "delta": 35471,
                "node": "27",
                "reporter": "12"
            },
            {
                "delta": 35471,
                "node": "10",
                "reporter": "12"
            },
            {
                "delta": 35485,
                "node": "19",
                "reporter": "22"
            },
            {
                "delta": 35485,
                "node": "24",
                "reporter": "22"
            },
            {
                "delta": 35485,
                "node": "17",
                "reporter": "22"
            },
            {
                "delta": 35485,
                "node": "13",
                "reporter": "22"
            },
            {
                "delta": 35486,
                "node": "21",
                "reporter": "22"
            },
            {
                "delta": 35486,
                "node": "28",
                "reporter": "22"
            },
            {
                "delta": 35498,
                "node": "21",
                "reporter": "5"
            },
            {
                "delta": 35597,
                "node": "2",
                "reporter": "14"
            },
            {
                "delta": 35597,
                "node": "7",
                "reporter": "14"
            },
            {
                "delta": 35613,
                "node": "23",
                "reporter": "8"
            },
            {
                "delta": 35613,
                "node": "20",
                "reporter": "8"
            },
            {
                "delta": 35613,
                "node": "17",
                "reporter": "8"
            },
            {
                "delta": 35613,
                "node": "30",
                "reporter": "8"
            },
            {
                "delta": 35613,
                "node": "13",
                "reporter": "8"
            },
            {
                "delta": 35613,
                "node": "11",
                "reporter": "8"
            },
            {
                "delta": 35879,
                "node": "1",
                "reporter": "5"
            },
            {
                "delta": 35879,
                "node": "15",
                "reporter": "5"
            },
            {
                "delta": 35879,
                "node": "26",
                "reporter": "5"
            },
            {
                "delta": 35879,
                "node": "27",
                "reporter": "5"
            },
            {
                "delta": 36025,
                "node": "21",
                "reporter": "18"
            },
            {
                "delta": 36098,
                "node": "19",
                "reporter": "14"
            },
            {
                "delta": 36098,
                "node": "1",
                "reporter": "14"
            },
            {
                "delta": 36099,
                "node": "24",
                "reporter": "14"
            },
            {
                "delta": 36099,
                "node": "15",
                "reporter": "14"
            },
            {
                "delta": 36099,
                "node": "26",
                "reporter": "14"
            },
            {
                "delta": 36099,
                "node": "27",
                "reporter": "14"
            },
            {
                "delta": 36099,
                "node": "28",
                "reporter": "14"
            },
            {
                "delta": 36212,
                "node": "23",
                "reporter": "25"
            },
            {
                "delta": 36212,
                "node": "20",
                "reporter": "25"
            },
            {
                "delta": 36212,
                "node": "30",
                "reporter": "25"
            },
            {
                "delta": 36212,
                "node": "11",
                "reporter": "25"
            },
            {
                "delta": 36213,
                "node": "19",
                "reporter": "29"
            },
            {
                "delta": 36213,
                "node": "24",
                "reporter": "29"
            },
            {
                "delta": 36213,
                "node": "2",
                "reporter": "29"
            },
            {
                "delta": 36214,
                "node": "7",
                "reporter": "29"
            },
            {
                "delta": 36214,
                "node": "21",
                "reporter": "29"
            },
            {
                "delta": 36214,
                "node": "28",
                "reporter": "29"
            },
            {
                "delta": 36223,
                "node": "23",
                "reporter": "4"
            },
            {
                "delta": 36223,
                "node": "20",
                "reporter": "4"
            },
            {
                "delta": 36223,
                "node": "1",
                "reporter": "29"
            },
            {
                "delta": 36224,
                "node": "30",
                "reporter": "4"
            },
            {
                "delta": 36224,
                "node": "15",
                "reporter": "29"
            },
            {
                "delta": 36224,
                "node": "11",
                "reporter": "4"
            },
            {
                "delta": 36224,
                "node": "26",
                "reporter": "29"
            },
            {
                "delta": 36225,
                "node": "1",
                "reporter": "22"
            },
            {
                "delta": 36225,
                "node": "15",
                "reporter": "22"
            },
            {
                "delta": 36225,
                "node": "26",
                "reporter": "22"
            },
            {
                "delta": 36225,
                "node": "27",
                "reporter": "22"
            },
            {
                "delta": 36241,
                "node": "23",
                "reporter": "12"
            },
            {
                "delta": 36241,
                "node": "20",
                "reporter": "12"
            },
            {
                "delta": 36241,
                "node": "30",
                "reporter": "12"
            },
            {
                "delta": 36241,
                "node": "21",
                "reporter": "12"
            },
            {
                "delta": 36242,
                "node": "11",
                "reporter": "12"
            },
            {
                "delta": 36243,
                "node": "19",
                "reporter": "8"
            },
            {
                "delta": 36243,
                "node": "1",
                "reporter": "8"
            },
            {
                "delta": 36243,
                "node": "24",
                "reporter": "8"
            },
            {
                "delta": 36244,
                "node": "15",
                "reporter": "8"
            },
            {
                "delta": 36244,
                "node": "26",
                "reporter": "8"
            },
            {
                "delta": 36244,
                "node": "21",
                "reporter": "8"
            },
            {
                "delta": 36244,
                "node": "27",
                "reporter": "8"
            },
            {
                "delta": 36244,
                "node": "28",
                "reporter": "8"
            },
            {
                "delta": 36329,
                "node": "27",
                "reporter": "29"
            },
            {
                "delta": 36343,
                "node": "1",
                "reporter": "16"
            },
            {
                "delta": 36343,
                "node": "21",
                "reporter": "4"
            },
            {
                "delta": 36343,
                "node": "2",
                "reporter": "16"
            },
            {
                "delta": 36343,
                "node": "15",
                "reporter": "16"
            },
            {
                "delta": 36344,
                "node": "26",
                "reporter": "16"
            },
            {
                "delta": 36344,
                "node": "7",
                "reporter": "16"
            },
            {
                "delta": 36344,
                "node": "21",
                "reporter": "16"
            },
            {
                "delta": 36344,
                "node": "27",
                "reporter": "16"
            },
            {
                "delta": 36344,
                "node": "10",
                "reporter": "16"
            },
            {
                "delta": 36347,
                "node": "21",
                "reporter": "14"
            },
            {
                "delta": 36365,
                "node": "23",
                "reporter": "22"
            },
            {
                "delta": 36365,
                "node": "20",
                "reporter": "22"
            },
            {
                "delta": 36365,
                "node": "30",
                "reporter": "22"
            },
            {
                "delta": 36365,
                "node": "11",
                "reporter": "22"
            },
            {
                "delta": 36482,
                "node": "1",
                "reporter": "25"
            },
            {
                "delta": 36482,
                "node": "15",
                "reporter": "25"
            },
            {
                "delta": 36482,
                "node": "26",
                "reporter": "25"
            },
            {
                "delta": 36482,
                "node": "27",
                "reporter": "25"
            },
            {
                "delta": 36633,
                "node": "23",
                "reporter": "16"
            },
            {
                "delta": 36634,
                "node": "20",
                "reporter": "16"
            },
            {
                "delta": 36634,
                "node": "30",
                "reporter": "16"
            },
            {
                "delta": 36634,
                "node": "11",
                "reporter": "16"
            },
            {
                "delta": 36775,
                "node": "23",
                "reporter": "18"
            },
            {
                "delta": 36775,
                "node": "20",
                "reporter": "18"
            },
            {
                "delta": 36775,
                "node": "30",
                "reporter": "18"
            },
            {
                "delta": 36775,
                "node": "11",
                "reporter": "18"
            },
            {
                "delta": 37009,
                "node": "23",
                "reporter": "5"
            },
            {
                "delta": 37010,
                "node": "20",
                "reporter": "5"
            },
            {
                "delta": 37010,
                "node": "30",
                "reporter": "5"
            },
            {
                "delta": 37010,
                "node": "11",
                "reporter": "5"
            }
        ]
    }
}