
{
    "id": "00274",
    "seed": 42,
    "repetition": 0,
    "settings": {
        "simulate_catastrophe": true,
        "number_of_nodes": 30,
        "duration": 120000,
        "gossip_delta": 200,
        "failure_delta": 3000,
        "miss_delta": 3000,
        "push_pull": false,
        "pick_strategy": 0,
        "enable_multicast": true,
        "multicast_parameter": 1.0,
        "multicast_max_wait": 6000,
        "expected_first_multicast": 1000
    },
    "result": {
        "start_time": 1500749545516,
        "end_time": 1500749665527,
        "expected_crashes": [
            {
                "delta": 31130,
                "node": "27"
            },
            {
                "delta": 31130,
                "node": "13"
            },
            {
                "delta": 31130,
                "node": "10"
            },
            {
                "delta": 31130,
                "node": "21"
            },
            {
                "delta": 31130,
                "node": "30"
            },
            {
                "delta": 31130,
                "node": "3"
            },
            {
                "delta": 31130,
                "node": "28"
            },
            {
                "delta": 31130,
                "node": "6"
            },
            {
                "delta": 31130,
                "node": "24"
            },
            {
                "delta": 31130,
                "node": "9"
            },
            {
                "delta": 31130,
                "node": "19"
            },
            {
                "delta": 31130,
                "node": "7"
            },
            {
                "delta": 31130,
                "node": "23"
            },
            {
                "delta": 31130,
                "node": "26"
            },
            {
                "delta": 31130,
                "node": "15"
            },
            {
                "delta": 31130,
                "node": "2"
            },
            {
                "delta": 31130,
                "node": "17"
            },
            {
                "delta": 31130,
                "node": "1"
            },
            {
                "delta": 31130,
                "node": "20"
            },
            {
                "delta": 31130,
                "node": "11"
            }
        ],
        "reported_crashes": [
            {
                "delta": 36859,
                "node": "1",
                "reporter": "5"
            },
            {
                "delta": 36984,
                "node": "8",
                "reporter": "22"
            },
            {
                "delta": 37024,
                "node": "1",
                "reporter": "22"
            },
            {
                "delta": 37024,
                "node": "13",
                "reporter": "22"
            },
            {
                "delta": 37090,
                "node": "20",
                "reporter": "29"
            },
            {
                "delta": 37110,
                "node": "1",
                "reporter": "12"
            },
            {
                "delta": 37110,
                "node": "7",
                "reporter": "12"
            },
            {
                "delta": 37110,
                "node": "21",
                "reporter": "12"
            },
            {
                "delta": 37110,
                "node": "9",
                "reporter": "12"
            },
            {
                "delta": 37219,
                "node": "19",
                "reporter": "5"
            },
            {
                "delta": 37233,
                "node": "6",
                "reporter": "25"
            },
            {
                "delta": 37235,
                "node": "23",
                "reporter": "25"
            },
            {
                "delta": 37235,
                "node": "26",
                "reporter": "25"
            },
            {
                "delta": 37235,
                "node": "27",
                "reporter": "25"
            },
            {
                "delta": 37235,
                "node": "28",
                "reporter": "25"
            },
            {
                "delta": 37235,
                "node": "10",
                "reporter": "25"
            },
            {
                "delta": 37235,
                "node": "11",
                "reporter": "25"
            },
            {
                "delta": 37256,
                "node": "3",
                "reporter": "18"
            },
            {
                "delta": 37293,
                "node": "15",
                "reporter": "4"
            },
            {
                "delta": 37316,
                "node": "1",
                "reporter": "18"
            },
            {
                "delta": 37316,
                "node": "2",
                "reporter": "18"
            },
            {
                "delta": 37317,
                "node": "17",
                "reporter": "18"
            },
            {
                "delta": 37317,
                "node": "30",
                "reporter": "18"
            },
            {
                "delta": 37318,
                "node": "13",
                "reporter": "18"
            },
            {
                "delta": 37324,
                "node": "24",
                "reporter": "22"
            },
            {
                "delta": 37480,
                "node": "15",
                "reporter": "29"
            },
            {
                "delta": 37615,
                "node": "1",
                "reporter": "16"
            },
            {
                "delta": 37615,
                "node": "24",
                "reporter": "16"
            },
            {
                "delta": 37615,
                "node": "13",
                "reporter": "16"
            },
            {
                "delta": 37696,
                "node": "6",
                "reporter": "18"
            },
            {
                "delta": 37697,
                "node": "23",
                "reporter": "18"
            },
            {
                "delta": 37697,
                "node": "26",
                "reporter": "18"
            },
            {
                "delta": 37697,
                "node": "27",
                "reporter": "18"
            },
            {
                "delta": 37697,
                "node": "28",
                "reporter": "18"
            },
            {
                "delta": 37697,
                "node": "10",
                "reporter": "18"
            },
            {
                "delta": 37697,
                "node": "11",
                "reporter": "18"
            },
            {
                "delta": 37702,
                "node": "1",
                "reporter": "8"
            },
            {
                "delta": 37703,
                "node": "7",
                "reporter": "8"
            },
            {
                "delta": 37703,
                "node": "21",
                "reporter": "8"
            },
            {
                "delta": 37703,
                "node": "9",
                "reporter": "8"
            },
            {
                "delta": 37890,
                "node": "24",
                "reporter": "12"
            },
            {
                "delta": 37890,
                "node": "13",
                "reporter": "12"
            },
            {
                "delta": 38010,
                "node": "1",
                "reporter": "29"
            },
            {
                "delta": 38010,
                "node": "24",
                "reporter": "29"
            },
            {
                "delta": 38010,
                "node": "7",
                "reporter": "29"
            },
            {
                "delta": 38010,
                "node": "13",
                "reporter": "29"
            },
            {
                "delta": 38010,
                "node": "21",
                "reporter": "29"
            },
            {
                "delta": 38010,
                "node": "9",
                "reporter": "29"
            },
            {
                "delta": 38026,
                "node": "15",
                "reporter": "14"
            },
            {
                "delta": 38033,
                "node": "24",
                "reporter": "8"
            },
            {
                "delta": 38033,
                "node": "13",
                "reporter": "8"
            },
            {
                "delta": 38210,
                "node": "19",
                "reporter": "12"
            },
            {
                "delta": 38229,
                "node": "24",
                "reporter": "5"
            },
            {
                "delta": 38229,
                "node": "7",
                "reporter": "5"
            },
            {
                "delta": 38229,
                "node": "13",
                "reporter": "5"
            },
            {
                "delta": 38229,
                "node": "21",
                "reporter": "5"
            },
            {
                "delta": 38229,
                "node": "9",
                "reporter": "5"
            },
            {
                "delta": 38304,
                "node": "15",
                "reporter": "22"
            },
            {
                "delta": 38400,
                "node": "6",
                "reporter": "29"
            },
            {
                "delta": 38400,
                "node": "23",
                "reporter": "29"
            },
            {
                "delta": 38400,
                "node": "26",
                "reporter": "29"
            },
            {
                "delta": 38400,
                "node": "27",
                "reporter": "29"
            },
            {
                "delta": 38400,
                "node": "28",
                "reporter": "29"
            },
            {
                "delta": 38400,
                "node": "10",
                "reporter": "29"
            },
            {
                "delta": 38400,
                "node": "11",
                "reporter": "29"
            },
            {
                "delta": 38427,
                "node": "1",
                "reporter": "14"
            },
            {
                "delta": 38427,
                "node": "24",
                "reporter": "14"
            },
            {
                "delta": 38427,
                "node": "20",
                "reporter": "14"
            },
            {
                "delta": 38427,
                "node": "7",
                "reporter": "14"
            },
            {
                "delta": 38427,
                "node": "13",
                "reporter": "14"
            },
            {
                "delta": 38427,
                "node": "21",
                "reporter": "14"
            },
            {
                "delta": 38427,
                "node": "9",
                "reporter": "14"
            },
            {
                "delta": 38547,
                "node": "24",
                "reporter": "18"
            },
            {
                "delta": 38565,
                "node": "19",
                "reporter": "16"
            },
            {
                "delta": 38565,
                "node": "7",
                "reporter": "16"
            },
            {
                "delta": 38565,
                "node": "21",
                "reporter": "16"
            },
            {
                "delta": 38565,
                "node": "9",
                "reporter": "16"
            },
            {
                "delta": 38657,
                "node": "20",
                "reporter": "18"
            },
            {
                "delta": 38657,
                "node": "15",
                "reporter": "18"
            },
            {
                "delta": 38657,
                "node": "7",
                "reporter": "18"
            },
            {
                "delta": 38657,
                "node": "21",
                "reporter": "18"
            },
            {
                "delta": 38657,
                "node": "9",
                "reporter": "18"
            },
            {
                "delta": 38961,
                "node": "1",
                "reporter": "25"
            },
            {
                "delta": 38961,
                "node": "24",
                "reporter": "25"
            },
            {
                "delta": 38963,
                "node": "2",
                "reporter": "25"
            },
            {
                "delta": 38963,
                "node": "20",
                "reporter": "25"
            },
            {
                "delta": 38963,
                "node": "15",
                "reporter": "25"
            },
            {
                "delta": 38963,
                "node": "17",
                "reporter": "25"
            },
            {
                "delta": 38963,
                "node": "30",
                "reporter": "25"
            },
            {
                "delta": 38963,
                "node": "7",
                "reporter": "25"
            },
            {
                "delta": 38963,
                "node": "13",
                "reporter": "25"
            },
            {
                "delta": 38963,
                "node": "21",
                "reporter": "25"
            },
            {
                "delta": 38983,
                "node": "3",
                "reporter": "25"
            },
            {
                "delta": 38983,
                "node": "9",
                "reporter": "25"
            },
            {
                "delta": 38984,
                "node": "1",
                "reporter": "4"
            },
            {
                "delta": 38984,
                "node": "24",
                "reporter": "4"
            },
            {
                "delta": 38984,
                "node": "13",
                "reporter": "4"
            },
            {
                "delta": 39035,
                "node": "6",
                "reporter": "16"
            },
            {
                "delta": 39035,
                "node": "23",
                "reporter": "16"
            },
            {
                "delta": 39035,
                "node": "20",
                "reporter": "16"
            },
            {
                "delta": 39036,
                "node": "15",
                "reporter": "16"
            },
            {
                "delta": 39036,
                "node": "26",
                "reporter": "16"
            },
            {
                "delta": 39036,
                "node": "27",
                "reporter": "16"
            },
            {
                "delta": 39036,
                "node": "28",
                "reporter": "16"
            },
            {
                "delta": 39036,
                "node": "10",
                "reporter": "16"
            },
            {
                "delta": 39036,
                "node": "11",
                "reporter": "16"
            },
            {
                "delta": 39410,
                "node": "20",
                "reporter": "12"
            },
            {
                "delta": 39410,
                "node": "15",
                "reporter": "12"
            },
            {
                "delta": 39515,
                "node": "6",
                "reporter": "22"
            },
            {
                "delta": 39515,
                "node": "19",
                "reporter": "22"
            },
            {
                "delta": 39515,
                "node": "23",
                "reporter": "22"
            },
            {
                "delta": 39515,
                "node": "20",
                "reporter": "22"
            },
            {
                "delta": 39515,
                "node": "26",
                "reporter": "22"
            },
            {
                "delta": 39515,
                "node": "7",
                "reporter": "22"
            },
            {
                "delta": 39515,
                "node": "21",
                "reporter": "22"
            },
            {
                "delta": 39515,
                "node": "27",
                "reporter": "22"
            },
            {
                "delta": 39516,
                "node": "28",
                "reporter": "22"
            },
            {
                "delta": 39516,
                "node": "10",
                "reporter": "22"
            },
            {
                "delta": 39590,
                "node": "11",
                "reporter": "22"
            },
            {
                "delta": 39590,
                "node": "9",
                "reporter": "22"
            },
            {
                "delta": 39726,
                "node": "19",
                "reporter": "18"
            },
            {
                "delta": 40097,
                "node": "6",
                "reporter": "14"
            },
            {
                "delta": 40097,
                "node": "23",
                "reporter": "14"
            },
            {
                "delta": 40098,
                "node": "26",
                "reporter": "14"
            },
            {
                "delta": 40098,
                "node": "27",
                "reporter": "14"
            },
            {
                "delta": 40098,
                "node": "28",
                "reporter": "14"
            },
            {
                "delta": 40098,
                "node": "10",
                "reporter": "14"
            },
            {
                "delta": 40098,
                "node": "11",
                "reporter": "14"
            },
            {
                "delta": 40210,
                "node": "6",
                "reporter": "12"
            },
            {
                "delta": 40210,
                "node": "23",
                "reporter": "12"
            },
            {
                "delta": 40210,
                "node": "26",
                "reporter": "12"
            },
            {
                "delta": 40210,
                "node": "27",
                "reporter": "12"
            },
            {
                "delta": 40211,
                "node": "28",
                "reporter": "12"
            },
            {
                "delta": 40211,
                "node": "10",
                "reporter": "12"
            },
            {
                "delta": 40211,
                "node": "11",
                "reporter": "12"
            },
            {
                "delta": 40303,
                "node": "6",
                "reporter": "8"
            },
            {
                "delta": 40303,
                "node": "23",
                "reporter": "8"
            },
            {
                "delta": 40303,
                "node": "20",
                "reporter": "8"
            },
            {
                "delta": 40303,
                "node": "15",
                "reporter": "8"
            },
            {
                "delta": 40303,
                "node": "26",
                "reporter": "8"
            },
            {
                "delta": 40303,
                "node": "27",
                "reporter": "8"
            },
            {
                "delta": 40303,
                "node": "28",
                "reporter": "8"
            },
            {
                "delta": 40304,
                "node": "10",
                "reporter": "8"
            },
            {
                "delta": 40304,
                "node": "11",
                "reporter": "8"
            },
            {
                "delta": 40451,
                "node": "19",
                "reporter": "25"
            },
            {
                "delta": 40554,
                "node": "2",
                "reporter": "22"
            },
            {
                "delta": 40554,
                "node": "17",
                "reporter": "22"
            },
            {
                "delta": 40554,
                "node": "30",
                "reporter": "22"
            },
            {
                "delta": 40554,
                "node": "3",
                "reporter": "22"
            },
            {
                "delta": 40799,
                "node": "6",
                "reporter": "5"
            },
            {
                "delta": 40799,
                "node": "23",
                "reporter": "5"
            },
            {
                "delta": 40800,
                "node": "2",
                "reporter": "5"
            },
            {
                "delta": 40800,
                "node": "20",
                "reporter": "5"
            },
            {
                "delta": 40800,
                "node": "15",
                "reporter": "5"
            },
            {
                "delta": 40800,
                "node": "26",
                "reporter": "5"
            },
            {
                "delta": 40800,
                "node": "17",
                "reporter": "5"
            },
            {
                "delta": 40801,
                "node": "30",
                "reporter": "5"
            },
            {
                "delta": 40801,
                "node": "27",
                "reporter": "5"
            },
            {
                "delta": 40801,
                "node": "28",
                "reporter": "5"
            },
            {
                "delta": 40949,
                "node": "19",
                "reporter": "29"
            },
            {
                "delta": 40982,
                "node": "10",
                "reporter": "5"
            },
            {
                "delta": 40982,
                "node": "3",
                "reporter": "5"
            },
            {
                "delta": 40982,
                "node": "11",
                "reporter": "5"
            },
            {
                "delta": 41092,
                "node": "19",
                "reporter": "8"
            },
            {
                "delta": 41092,
                "node": "2",
                "reporter": "8"
            },
            {
                "delta": 41093,
                "node": "17",
                "reporter": "8"
            },
            {
                "delta": 41093,
                "node": "30",
                "reporter": "8"
            },
            {
                "delta": 41093,
                "node": "3",
                "reporter": "8"
            },
            {
                "delta": 41304,
                "node": "6",
                "reporter": "4"
            },
            {
                "delta": 41304,
                "node": "19",
                "reporter": "4"
            },
            {
                "delta": 41304,
                "node": "23",
                "reporter": "4"
            },
            {
                "delta": 41304,
                "node": "20",
                "reporter": "4"
            },
            {
                "delta": 41304,
                "node": "26",
                "reporter": "4"
            },
            {
                "delta": 41305,
                "node": "7",
                "reporter": "4"
            },
            {
                "delta": 41305,
                "node": "21",
                "reporter": "4"
            },
            {
                "delta": 41305,
                "node": "27",
                "reporter": "4"
            },
            {
                "delta": 41305,
                "node": "28",
                "reporter": "4"
            },
            {
                "delta": 41305,
                "node": "11",
                "reporter": "4"
            },
            {
                "delta": 41460,
                "node": "2",
                "reporter": "12"
            },
            {
                "delta": 41460,
                "node": "17",
                "reporter": "12"
            },
            {
                "delta": 41460,
                "node": "30",
                "reporter": "12"
            },
            {
                "delta": 41460,
                "node": "3",
                "reporter": "12"
            },
            {
                "delta": 41485,
                "node": "10",
                "reporter": "4"
            },
            {
                "delta": 41485,
                "node": "9",
                "reporter": "4"
            },
            {
                "delta": 41916,
                "node": "19",
                "reporter": "14"
            },
            {
                "delta": 42005,
                "node": "2",
                "reporter": "4"
            },
            {
                "delta": 42005,
                "node": "17",
                "reporter": "4"
            },
            {
                "delta": 42005,
                "node": "30",
                "reporter": "4"
            },
            {
                "delta": 42006,
                "node": "3",
                "reporter": "4"
            },
            {
                "delta": 42400,
                "node": "2",
                "reporter": "29"
            },
            {
                "delta": 42400,
                "node": "17",
                "reporter": "29"
            },
            {
                "delta": 42400,
                "node": "30",
                "reporter": "29"
            },
            {
                "delta": 42400,
                "node": "3",
                "reporter": "29"
            },
            {
                "delta": 42536,
                "node": "2",
                "reporter": "14"
            },
            {
                "delta": 42537,
                "node": "17",
                "reporter": "14"
            },
            {
                "delta": 42537,
                "node": "30",
                "reporter": "14"
            },
            {
                "delta": 42537,
                "node": "3",
                "reporter": "14"
            },
            {
                "delta": 42944,
                "node": "2",
                "reporter": "16"
            },
            {
                "delta": 42945,
                "node": "17",
                "reporter": "16"
            },
            {
                "delta": 42945,
                "node": "30",
                "reporter": "16"
            },
            {
                "delta": 42945,
                "node": "3",
                "reporter": "16"
            }
        ]
    }
}