
{
    "id": "00290",
    "seed": 42,
    "repetition": 0,
    "settings": {
        "simulate_catastrophe": true,
        "number_of_nodes": 30,
        "duration": 120000,
        "gossip_delta": 200,
        "failure_delta": 3000,
        "miss_delta": 3000,
        "push_pull": true,
        "pick_strategy": 0,
        "enable_multicast": true,
        "multicast_parameter": 2.75,
        "multicast_max_wait": 6000,
        "expected_first_multicast": 2000
    },
    "result": {
        "start_time": 1500751545997,
        "end_time": 1500751666007,
        "expected_crashes": [
            {
                "delta": 31130,
                "node": "27"
            },
            {
                "delta": 31130,
                "node": "13"
            },
            {
                "delta": 31130,
                "node": "10"
            },
            {
                "delta": 31130,
                "node": "21"
            },
            {
                "delta": 31130,
                "node": "30"
            },
            {
                "delta": 31130,
                "node": "3"
            },
            {
                "delta": 31130,
                "node": "28"
            },
            {
                "delta": 31130,
                "node": "6"
            },
            {
                "delta": 31130,
                "node": "24"
            },
            {
                "delta": 31130,
                "node": "9"
            },
            {
                "delta": 31130,
                "node": "19"
            },
            {
                "delta": 31130,
                "node": "7"
            },
            {
                "delta": 31130,
                "node": "23"
            },
            {
                "delta": 31130,
                "node": "26"
            },
            {
                "delta": 31130,
                "node": "15"
            },
            {
                "delta": 31130,
                "node": "2"
            },
            {
                "delta": 31130,
                "node": "17"
            },
            {
                "delta": 31130,
                "node": "1"
            },
            {
                "delta": 31130,
                "node": "20"
            },
            {
                "delta": 31130,
                "node": "11"
            }
        ],
        "reported_crashes": [
            {
                "delta": 36914,
                "node": "19",
                "reporter": "12"
            },
            {
                "delta": 36980,
                "node": "24",
                "reporter": "16"
            },
            {
                "delta": 37009,
                "node": "23",
                "reporter": "14"
            },
            {
                "delta": 37050,
                "node": "19",
                "reporter": "16"
            },
            {
                "delta": 37058,
                "node": "19",
                "reporter": "22"
            },
            {
                "delta": 37077,
                "node": "23",
                "reporter": "25"
            },
            {
                "delta": 37082,
                "node": "26",
                "reporter": "18"
            },
            {
                "delta": 37160,
                "node": "30",
                "reporter": "16"
            },
            {
                "delta": 37167,
                "node": "2",
                "reporter": "25"
            },
            {
                "delta": 37172,
                "node": "10",
                "reporter": "18"
            },
            {
                "delta": 37174,
                "node": "15",
                "reporter": "12"
            },
            {
                "delta": 37186,
                "node": "24",
                "reporter": "25"
            },
            {
                "delta": 37187,
                "node": "17",
                "reporter": "25"
            },
            {
                "delta": 37187,
                "node": "21",
                "reporter": "25"
            },
            {
                "delta": 37203,
                "node": "23",
                "reporter": "5"
            },
            {
                "delta": 37203,
                "node": "1",
                "reporter": "5"
            },
            {
                "delta": 37220,
                "node": "23",
                "reporter": "16"
            },
            {
                "delta": 37220,
                "node": "2",
                "reporter": "16"
            },
            {
                "delta": 37220,
                "node": "17",
                "reporter": "16"
            },
            {
                "delta": 37220,
                "node": "21",
                "reporter": "16"
            },
            {
                "delta": 37227,
                "node": "19",
                "reporter": "25"
            },
            {
                "delta": 37227,
                "node": "30",
                "reporter": "25"
            },
            {
                "delta": 37251,
                "node": "20",
                "reporter": "18"
            },
            {
                "delta": 37251,
                "node": "13",
                "reporter": "18"
            },
            {
                "delta": 37264,
                "node": "3",
                "reporter": "12"
            },
            {
                "delta": 37286,
                "node": "15",
                "reporter": "25"
            },
            {
                "delta": 37287,
                "node": "3",
                "reporter": "25"
            },
            {
                "delta": 37310,
                "node": "10",
                "reporter": "29"
            },
            {
                "delta": 37311,
                "node": "27",
                "reporter": "18"
            },
            {
                "delta": 37332,
                "node": "6",
                "reporter": "8"
            },
            {
                "delta": 37332,
                "node": "13",
                "reporter": "8"
            },
            {
                "delta": 37332,
                "node": "24",
                "reporter": "8"
            },
            {
                "delta": 37332,
                "node": "9",
                "reporter": "8"
            },
            {
                "delta": 37362,
                "node": "7",
                "reporter": "18"
            },
            {
                "delta": 37414,
                "node": "23",
                "reporter": "12"
            },
            {
                "delta": 37414,
                "node": "24",
                "reporter": "12"
            },
            {
                "delta": 37414,
                "node": "2",
                "reporter": "12"
            },
            {
                "delta": 37414,
                "node": "17",
                "reporter": "12"
            },
            {
                "delta": 37414,
                "node": "30",
                "reporter": "12"
            },
            {
                "delta": 37414,
                "node": "21",
                "reporter": "12"
            },
            {
                "delta": 37419,
                "node": "19",
                "reporter": "14"
            },
            {
                "delta": 37419,
                "node": "1",
                "reporter": "14"
            },
            {
                "delta": 37419,
                "node": "11",
                "reporter": "14"
            },
            {
                "delta": 37428,
                "node": "26",
                "reporter": "4"
            },
            {
                "delta": 37437,
                "node": "10",
                "reporter": "4"
            },
            {
                "delta": 37510,
                "node": "15",
                "reporter": "16"
            },
            {
                "delta": 37510,
                "node": "3",
                "reporter": "16"
            },
            {
                "delta": 37537,
                "node": "28",
                "reporter": "4"
            },
            {
                "delta": 37569,
                "node": "24",
                "reporter": "14"
            },
            {
                "delta": 37570,
                "node": "2",
                "reporter": "14"
            },
            {
                "delta": 37570,
                "node": "15",
                "reporter": "14"
            },
            {
                "delta": 37570,
                "node": "17",
                "reporter": "14"
            },
            {
                "delta": 37570,
                "node": "30",
                "reporter": "14"
            },
            {
                "delta": 37570,
                "node": "21",
                "reporter": "14"
            },
            {
                "delta": 37570,
                "node": "3",
                "reporter": "14"
            },
            {
                "delta": 37587,
                "node": "1",
                "reporter": "25"
            },
            {
                "delta": 37587,
                "node": "11",
                "reporter": "25"
            },
            {
                "delta": 37599,
                "node": "26",
                "reporter": "16"
            },
            {
                "delta": 37600,
                "node": "28",
                "reporter": "16"
            },
            {
                "delta": 37600,
                "node": "10",
                "reporter": "16"
            },
            {
                "delta": 37697,
                "node": "20",
                "reporter": "4"
            },
            {
                "delta": 37697,
                "node": "7",
                "reporter": "4"
            },
            {
                "delta": 37703,
                "node": "1",
                "reporter": "16"
            },
            {
                "delta": 37703,
                "node": "11",
                "reporter": "16"
            },
            {
                "delta": 37707,
                "node": "13",
                "reporter": "4"
            },
            {
                "delta": 37708,
                "node": "27",
                "reporter": "4"
            },
            {
                "delta": 37757,
                "node": "10",
                "reporter": "25"
            },
            {
                "delta": 37789,
                "node": "23",
                "reporter": "4"
            },
            {
                "delta": 37789,
                "node": "2",
                "reporter": "4"
            },
            {
                "delta": 37789,
                "node": "24",
                "reporter": "4"
            },
            {
                "delta": 37789,
                "node": "15",
                "reporter": "4"
            },
            {
                "delta": 37789,
                "node": "17",
                "reporter": "4"
            },
            {
                "delta": 37789,
                "node": "30",
                "reporter": "4"
            },
            {
                "delta": 37849,
                "node": "26",
                "reporter": "14"
            },
            {
                "delta": 37849,
                "node": "28",
                "reporter": "14"
            },
            {
                "delta": 37849,
                "node": "10",
                "reporter": "14"
            },
            {
                "delta": 37878,
                "node": "21",
                "reporter": "4"
            },
            {
                "delta": 37878,
                "node": "3",
                "reporter": "4"
            },
            {
                "delta": 37878,
                "node": "19",
                "reporter": "4"
            },
            {
                "delta": 37971,
                "node": "19",
                "reporter": "29"
            },
            {
                "delta": 37971,
                "node": "23",
                "reporter": "29"
            },
            {
                "delta": 37971,
                "node": "1",
                "reporter": "29"
            },
            {
                "delta": 37971,
                "node": "24",
                "reporter": "29"
            },
            {
                "delta": 37971,
                "node": "2",
                "reporter": "29"
            },
            {
                "delta": 37971,
                "node": "15",
                "reporter": "29"
            },
            {
                "delta": 37971,
                "node": "17",
                "reporter": "29"
            },
            {
                "delta": 37971,
                "node": "30",
                "reporter": "29"
            },
            {
                "delta": 37971,
                "node": "21",
                "reporter": "29"
            },
            {
                "delta": 37971,
                "node": "3",
                "reporter": "29"
            },
            {
                "delta": 37978,
                "node": "10",
                "reporter": "22"
            },
            {
                "delta": 38015,
                "node": "19",
                "reporter": "5"
            },
            {
                "delta": 38015,
                "node": "24",
                "reporter": "5"
            },
            {
                "delta": 38016,
                "node": "2",
                "reporter": "5"
            },
            {
                "delta": 38016,
                "node": "15",
                "reporter": "5"
            },
            {
                "delta": 38016,
                "node": "26",
                "reporter": "5"
            },
            {
                "delta": 38016,
                "node": "17",
                "reporter": "5"
            },
            {
                "delta": 38016,
                "node": "30",
                "reporter": "5"
            },
            {
                "delta": 38016,
                "node": "21",
                "reporter": "5"
            },
            {
                "delta": 38016,
                "node": "28",
                "reporter": "5"
            },
            {
                "delta": 38016,
                "node": "10",
                "reporter": "5"
            },
            {
                "delta": 38198,
                "node": "3",
                "reporter": "5"
            },
            {
                "delta": 38198,
                "node": "11",
                "reporter": "5"
            },
            {
                "delta": 38199,
                "node": "11",
                "reporter": "29"
            },
            {
                "delta": 38280,
                "node": "20",
                "reporter": "29"
            },
            {
                "delta": 38280,
                "node": "26",
                "reporter": "29"
            },
            {
                "delta": 38280,
                "node": "7",
                "reporter": "29"
            },
            {
                "delta": 38280,
                "node": "13",
                "reporter": "29"
            },
            {
                "delta": 38280,
                "node": "27",
                "reporter": "29"
            },
            {
                "delta": 38335,
                "node": "19",
                "reporter": "8"
            },
            {
                "delta": 38335,
                "node": "23",
                "reporter": "8"
            },
            {
                "delta": 38335,
                "node": "1",
                "reporter": "8"
            },
            {
                "delta": 38335,
                "node": "2",
                "reporter": "8"
            },
            {
                "delta": 38335,
                "node": "15",
                "reporter": "8"
            },
            {
                "delta": 38335,
                "node": "26",
                "reporter": "8"
            },
            {
                "delta": 38335,
                "node": "17",
                "reporter": "8"
            },
            {
                "delta": 38335,
                "node": "30",
                "reporter": "8"
            },
            {
                "delta": 38335,
                "node": "21",
                "reporter": "8"
            },
            {
                "delta": 38335,
                "node": "28",
                "reporter": "8"
            },
            {
                "delta": 38355,
                "node": "19",
                "reporter": "18"
            },
            {
                "delta": 38355,
                "node": "23",
                "reporter": "18"
            },
            {
                "delta": 38355,
                "node": "1",
                "reporter": "18"
            },
            {
                "delta": 38355,
                "node": "24",
                "reporter": "18"
            },
            {
                "delta": 38355,
                "node": "2",
                "reporter": "18"
            },
            {
                "delta": 38355,
                "node": "15",
                "reporter": "18"
            },
            {
                "delta": 38355,
                "node": "17",
                "reporter": "18"
            },
            {
                "delta": 38355,
                "node": "30",
                "reporter": "18"
            },
            {
                "delta": 38355,
                "node": "21",
                "reporter": "18"
            },
            {
                "delta": 38355,
                "node": "3",
                "reporter": "18"
            },
            {
                "delta": 38410,
                "node": "10",
                "reporter": "8"
            },
            {
                "delta": 38410,
                "node": "3",
                "reporter": "8"
            },
            {
                "delta": 38410,
                "node": "11",
                "reporter": "8"
            },
            {
                "delta": 38419,
                "node": "6",
                "reporter": "14"
            },
            {
                "delta": 38419,
                "node": "13",
                "reporter": "14"
            },
            {
                "delta": 38419,
                "node": "9",
                "reporter": "14"
            },
            {
                "delta": 38479,
                "node": "20",
                "reporter": "14"
            },
            {
                "delta": 38479,
                "node": "7",
                "reporter": "14"
            },
            {
                "delta": 38479,
                "node": "27",
                "reporter": "14"
            },
            {
                "delta": 38502,
                "node": "11",
                "reporter": "18"
            },
            {
                "delta": 38502,
                "node": "6",
                "reporter": "18"
            },
            {
                "delta": 38502,
                "node": "9",
                "reporter": "18"
            },
            {
                "delta": 38552,
                "node": "20",
                "reporter": "8"
            },
            {
                "delta": 38552,
                "node": "7",
                "reporter": "8"
            },
            {
                "delta": 38552,
                "node": "27",
                "reporter": "8"
            },
            {
                "delta": 38631,
                "node": "28",
                "reporter": "18"
            },
            {
                "delta": 38771,
                "node": "6",
                "reporter": "16"
            },
            {
                "delta": 38771,
                "node": "20",
                "reporter": "16"
            },
            {
                "delta": 38771,
                "node": "9",
                "reporter": "16"
            },
            {
                "delta": 38771,
                "node": "7",
                "reporter": "16"
            },
            {
                "delta": 38771,
                "node": "27",
                "reporter": "16"
            },
            {
                "delta": 38771,
                "node": "13",
                "reporter": "16"
            },
            {
                "delta": 38799,
                "node": "23",
                "reporter": "22"
            },
            {
                "delta": 38799,
                "node": "24",
                "reporter": "22"
            },
            {
                "delta": 38799,
                "node": "2",
                "reporter": "22"
            },
            {
                "delta": 38799,
                "node": "20",
                "reporter": "22"
            },
            {
                "delta": 38799,
                "node": "15",
                "reporter": "22"
            },
            {
                "delta": 38800,
                "node": "26",
                "reporter": "22"
            },
            {
                "delta": 38800,
                "node": "17",
                "reporter": "22"
            },
            {
                "delta": 38800,
                "node": "30",
                "reporter": "22"
            },
            {
                "delta": 38800,
                "node": "7",
                "reporter": "22"
            },
            {
                "delta": 38800,
                "node": "13",
                "reporter": "22"
            },
            {
                "delta": 38874,
                "node": "21",
                "reporter": "22"
            },
            {
                "delta": 38874,
                "node": "27",
                "reporter": "22"
            },
            {
                "delta": 38874,
                "node": "28",
                "reporter": "22"
            },
            {
                "delta": 38874,
                "node": "3",
                "reporter": "22"
            },
            {
                "delta": 39168,
                "node": "6",
                "reporter": "4"
            },
            {
                "delta": 39168,
                "node": "1",
                "reporter": "4"
            },
            {
                "delta": 39168,
                "node": "11",
                "reporter": "4"
            },
            {
                "delta": 39168,
                "node": "9",
                "reporter": "4"
            },
            {
                "delta": 39195,
                "node": "6",
                "reporter": "5"
            },
            {
                "delta": 39195,
                "node": "20",
                "reporter": "5"
            },
            {
                "delta": 39195,
                "node": "7",
                "reporter": "5"
            },
            {
                "delta": 39195,
                "node": "13",
                "reporter": "5"
            },
            {
                "delta": 39195,
                "node": "27",
                "reporter": "5"
            },
            {
                "delta": 39195,
                "node": "9",
                "reporter": "5"
            },
            {
                "delta": 39220,
                "node": "6",
                "reporter": "12"
            },
            {
                "delta": 39220,
                "node": "1",
                "reporter": "12"
            },
            {
                "delta": 39220,
                "node": "20",
                "reporter": "12"
            },
            {
                "delta": 39220,
                "node": "26",
                "reporter": "12"
            },
            {
                "delta": 39220,
                "node": "7",
                "reporter": "12"
            },
            {
                "delta": 39220,
                "node": "13",
                "reporter": "12"
            },
            {
                "delta": 39221,
                "node": "27",
                "reporter": "12"
            },
            {
                "delta": 39221,
                "node": "28",
                "reporter": "12"
            },
            {
                "delta": 39221,
                "node": "10",
                "reporter": "12"
            },
            {
                "delta": 39221,
                "node": "11",
                "reporter": "12"
            },
            {
                "delta": 39221,
                "node": "9",
                "reporter": "12"
            },
            {
                "delta": 39508,
                "node": "6",
                "reporter": "25"
            },
            {
                "delta": 39508,
                "node": "20",
                "reporter": "25"
            },
            {
                "delta": 39508,
                "node": "26",
                "reporter": "25"
            },
            {
                "delta": 39508,
                "node": "7",
                "reporter": "25"
            },
            {
                "delta": 39508,
                "node": "13",
                "reporter": "25"
            },
            {
                "delta": 39508,
                "node": "27",
                "reporter": "25"
            },
            {
                "delta": 39508,
                "node": "28",
                "reporter": "25"
            },
            {
                "delta": 39508,
                "node": "9",
                "reporter": "25"
            },
            {
                "delta": 39920,
                "node": "6",
                "reporter": "29"
            },
            {
                "delta": 39920,
                "node": "28",
                "reporter": "29"
            },
            {
                "delta": 39920,
                "node": "9",
                "reporter": "29"
            },
            {
                "delta": 40028,
                "node": "6",
                "reporter": "22"
            },
            {
                "delta": 40028,
                "node": "1",
                "reporter": "22"
            },
            {
                "delta": 40028,
                "node": "11",
                "reporter": "22"
            },
            {
                "delta": 40028,
                "node": "9",
                "reporter": "22"
            }
        ]
    }
}