
{
    "id": "00291",
    "seed": 42,
    "repetition": 0,
    "settings": {
        "simulate_catastrophe": true,
        "number_of_nodes": 30,
        "duration": 120000,
        "gossip_delta": 200,
        "failure_delta": 3000,
        "miss_delta": 3000,
        "push_pull": true,
        "pick_strategy": 1,
        "enable_multicast": false,
        "multicast_parameter": null,
        "multicast_max_wait": null,
        "expected_first_multicast": null
    },
    "result": {
        "start_time": 1500751671026,
        "end_time": 1500751791036,
        "expected_crashes": [
            {
                "delta": 31130,
                "node": "27"
            },
            {
                "delta": 31130,
                "node": "13"
            },
            {
                "delta": 31130,
                "node": "10"
            },
            {
                "delta": 31130,
                "node": "21"
            },
            {
                "delta": 31130,
                "node": "30"
            },
            {
                "delta": 31130,
                "node": "3"
            },
            {
                "delta": 31130,
                "node": "28"
            },
            {
                "delta": 31130,
                "node": "6"
            },
            {
                "delta": 31130,
                "node": "24"
            },
            {
                "delta": 31130,
                "node": "9"
            },
            {
                "delta": 31130,
                "node": "19"
            },
            {
                "delta": 31130,
                "node": "7"
            },
            {
                "delta": 31130,
                "node": "23"
            },
            {
                "delta": 31130,
                "node": "26"
            },
            {
                "delta": 31130,
                "node": "15"
            },
            {
                "delta": 31130,
                "node": "2"
            },
            {
                "delta": 31130,
                "node": "17"
            },
            {
                "delta": 31130,
                "node": "1"
            },
            {
                "delta": 31130,
                "node": "20"
            },
            {
                "delta": 31130,
                "node": "11"
            }
        ],
        "reported_crashes": [
            {
                "delta": 33917,
                "node": "9",
                "reporter": "25"
            },
            {
                "delta": 33951,
                "node": "15",
                "reporter": "16"
            },
            {
                "delta": 34003,
                "node": "9",
                "reporter": "8"
            },
            {
                "delta": 34011,
                "node": "9",
                "reporter": "16"
            },
            {
                "delta": 34017,
                "node": "15",
                "reporter": "25"
            },
            {
                "delta": 34059,
                "node": "2",
                "reporter": "4"
            },
            {
                "delta": 34081,
                "node": "27",
                "reporter": "16"
            },
            {
                "delta": 34081,
                "node": "23",
                "reporter": "16"
            },
            {
                "delta": 34095,
                "node": "7",
                "reporter": "12"
            },
            {
                "delta": 34108,
                "node": "10",
                "reporter": "4"
            },
            {
                "delta": 34123,
                "node": "15",
                "reporter": "18"
            },
            {
                "delta": 34159,
                "node": "15",
                "reporter": "22"
            },
            {
                "delta": 34171,
                "node": "6",
                "reporter": "29"
            },
            {
                "delta": 34171,
                "node": "15",
                "reporter": "29"
            },
            {
                "delta": 34178,
                "node": "2",
                "reporter": "25"
            },
            {
                "delta": 34178,
                "node": "3",
                "reporter": "25"
            },
            {
                "delta": 34188,
                "node": "23",
                "reporter": "25"
            },
            {
                "delta": 34188,
                "node": "1",
                "reporter": "25"
            },
            {
                "delta": 34190,
                "node": "2",
                "reporter": "14"
            },
            {
                "delta": 34192,
                "node": "11",
                "reporter": "8"
            },
            {
                "delta": 34231,
                "node": "21",
                "reporter": "16"
            },
            {
                "delta": 34231,
                "node": "11",
                "reporter": "16"
            },
            {
                "delta": 34233,
                "node": "23",
                "reporter": "8"
            },
            {
                "delta": 34233,
                "node": "2",
                "reporter": "8"
            },
            {
                "delta": 34233,
                "node": "30",
                "reporter": "8"
            },
            {
                "delta": 34241,
                "node": "28",
                "reporter": "29"
            },
            {
                "delta": 34250,
                "node": "7",
                "reporter": "29"
            },
            {
                "delta": 34280,
                "node": "7",
                "reporter": "14"
            },
            {
                "delta": 34315,
                "node": "2",
                "reporter": "12"
            },
            {
                "delta": 34316,
                "node": "20",
                "reporter": "12"
            },
            {
                "delta": 34316,
                "node": "26",
                "reporter": "12"
            },
            {
                "delta": 34321,
                "node": "7",
                "reporter": "18"
            },
            {
                "delta": 34338,
                "node": "19",
                "reporter": "25"
            },
            {
                "delta": 34338,
                "node": "24",
                "reporter": "25"
            },
            {
                "delta": 34338,
                "node": "17",
                "reporter": "25"
            },
            {
                "delta": 34380,
                "node": "23",
                "reporter": "14"
            },
            {
                "delta": 34380,
                "node": "1",
                "reporter": "14"
            },
            {
                "delta": 34380,
                "node": "15",
                "reporter": "14"
            },
            {
                "delta": 34380,
                "node": "3",
                "reporter": "14"
            },
            {
                "delta": 34380,
                "node": "9",
                "reporter": "14"
            },
            {
                "delta": 34393,
                "node": "17",
                "reporter": "8"
            },
            {
                "delta": 34398,
                "node": "7",
                "reporter": "25"
            },
            {
                "delta": 34399,
                "node": "17",
                "reporter": "14"
            },
            {
                "delta": 34399,
                "node": "13",
                "reporter": "14"
            },
            {
                "delta": 34404,
                "node": "2",
                "reporter": "5"
            },
            {
                "delta": 34404,
                "node": "20",
                "reporter": "5"
            },
            {
                "delta": 34405,
                "node": "26",
                "reporter": "5"
            },
            {
                "delta": 34432,
                "node": "2",
                "reporter": "18"
            },
            {
                "delta": 34432,
                "node": "10",
                "reporter": "18"
            },
            {
                "delta": 34452,
                "node": "19",
                "reporter": "16"
            },
            {
                "delta": 34452,
                "node": "1",
                "reporter": "16"
            },
            {
                "delta": 34452,
                "node": "24",
                "reporter": "16"
            },
            {
                "delta": 34452,
                "node": "2",
                "reporter": "16"
            },
            {
                "delta": 34452,
                "node": "17",
                "reporter": "16"
            },
            {
                "delta": 34453,
                "node": "7",
                "reporter": "16"
            },
            {
                "delta": 34453,
                "node": "3",
                "reporter": "16"
            },
            {
                "delta": 34458,
                "node": "21",
                "reporter": "25"
            },
            {
                "delta": 34458,
                "node": "27",
                "reporter": "25"
            },
            {
                "delta": 34458,
                "node": "11",
                "reporter": "25"
            },
            {
                "delta": 34464,
                "node": "6",
                "reporter": "5"
            },
            {
                "delta": 34464,
                "node": "15",
                "reporter": "5"
            },
            {
                "delta": 34465,
                "node": "7",
                "reporter": "5"
            },
            {
                "delta": 34465,
                "node": "28",
                "reporter": "5"
            },
            {
                "delta": 34475,
                "node": "23",
                "reporter": "12"
            },
            {
                "delta": 34475,
                "node": "1",
                "reporter": "12"
            },
            {
                "delta": 34475,
                "node": "15",
                "reporter": "12"
            },
            {
                "delta": 34476,
                "node": "17",
                "reporter": "12"
            },
            {
                "delta": 34476,
                "node": "13",
                "reporter": "12"
            },
            {
                "delta": 34476,
                "node": "3",
                "reporter": "12"
            },
            {
                "delta": 34476,
                "node": "9",
                "reporter": "12"
            },
            {
                "delta": 34490,
                "node": "20",
                "reporter": "14"
            },
            {
                "delta": 34490,
                "node": "26",
                "reporter": "14"
            },
            {
                "delta": 34509,
                "node": "6",
                "reporter": "22"
            },
            {
                "delta": 34509,
                "node": "2",
                "reporter": "22"
            },
            {
                "delta": 34510,
                "node": "20",
                "reporter": "22"
            },
            {
                "delta": 34510,
                "node": "26",
                "reporter": "22"
            },
            {
                "delta": 34510,
                "node": "7",
                "reporter": "22"
            },
            {
                "delta": 34510,
                "node": "28",
                "reporter": "22"
            },
            {
                "delta": 34544,
                "node": "23",
                "reporter": "18"
            },
            {
                "delta": 34544,
                "node": "1",
                "reporter": "18"
            },
            {
                "delta": 34544,
                "node": "3",
                "reporter": "18"
            },
            {
                "delta": 34544,
                "node": "9",
                "reporter": "18"
            },
            {
                "delta": 34609,
                "node": "15",
                "reporter": "4"
            },
            {
                "delta": 34609,
                "node": "7",
                "reporter": "4"
            },
            {
                "delta": 34641,
                "node": "2",
                "reporter": "29"
            },
            {
                "delta": 34641,
                "node": "20",
                "reporter": "29"
            },
            {
                "delta": 34641,
                "node": "26",
                "reporter": "29"
            },
            {
                "delta": 34761,
                "node": "19",
                "reporter": "29"
            },
            {
                "delta": 34761,
                "node": "23",
                "reporter": "29"
            },
            {
                "delta": 34761,
                "node": "1",
                "reporter": "29"
            },
            {
                "delta": 34761,
                "node": "24",
                "reporter": "29"
            },
            {
                "delta": 34761,
                "node": "17",
                "reporter": "29"
            },
            {
                "delta": 34762,
                "node": "21",
                "reporter": "29"
            },
            {
                "delta": 34762,
                "node": "27",
                "reporter": "29"
            },
            {
                "delta": 34762,
                "node": "6",
                "reporter": "16"
            },
            {
                "delta": 34762,
                "node": "20",
                "reporter": "16"
            },
            {
                "delta": 34762,
                "node": "26",
                "reporter": "16"
            },
            {
                "delta": 34762,
                "node": "28",
                "reporter": "16"
            },
            {
                "delta": 34822,
                "node": "19",
                "reporter": "18"
            },
            {
                "delta": 34822,
                "node": "24",
                "reporter": "18"
            },
            {
                "delta": 34822,
                "node": "17",
                "reporter": "18"
            },
            {
                "delta": 34823,
                "node": "21",
                "reporter": "18"
            },
            {
                "delta": 34823,
                "node": "27",
                "reporter": "18"
            },
            {
                "delta": 34823,
                "node": "11",
                "reporter": "18"
            },
            {
                "delta": 34838,
                "node": "10",
                "reporter": "25"
            },
            {
                "delta": 34869,
                "node": "3",
                "reporter": "29"
            },
            {
                "delta": 34869,
                "node": "11",
                "reporter": "29"
            },
            {
                "delta": 34869,
                "node": "9",
                "reporter": "29"
            },
            {
                "delta": 35030,
                "node": "19",
                "reporter": "22"
            },
            {
                "delta": 35030,
                "node": "23",
                "reporter": "22"
            },
            {
                "delta": 35030,
                "node": "1",
                "reporter": "22"
            },
            {
                "delta": 35030,
                "node": "24",
                "reporter": "22"
            },
            {
                "delta": 35030,
                "node": "17",
                "reporter": "22"
            },
            {
                "delta": 35030,
                "node": "21",
                "reporter": "22"
            },
            {
                "delta": 35031,
                "node": "27",
                "reporter": "22"
            },
            {
                "delta": 35031,
                "node": "3",
                "reporter": "22"
            },
            {
                "delta": 35031,
                "node": "11",
                "reporter": "22"
            },
            {
                "delta": 35031,
                "node": "9",
                "reporter": "22"
            },
            {
                "delta": 35138,
                "node": "6",
                "reporter": "25"
            },
            {
                "delta": 35138,
                "node": "20",
                "reporter": "25"
            },
            {
                "delta": 35138,
                "node": "26",
                "reporter": "25"
            },
            {
                "delta": 35138,
                "node": "28",
                "reporter": "25"
            },
            {
                "delta": 35170,
                "node": "10",
                "reporter": "22"
            },
            {
                "delta": 35191,
                "node": "30",
                "reporter": "29"
            },
            {
                "delta": 35214,
                "node": "6",
                "reporter": "8"
            },
            {
                "delta": 35214,
                "node": "19",
                "reporter": "8"
            },
            {
                "delta": 35214,
                "node": "1",
                "reporter": "8"
            },
            {
                "delta": 35214,
                "node": "24",
                "reporter": "8"
            },
            {
                "delta": 35214,
                "node": "20",
                "reporter": "8"
            },
            {
                "delta": 35214,
                "node": "15",
                "reporter": "8"
            },
            {
                "delta": 35214,
                "node": "26",
                "reporter": "8"
            },
            {
                "delta": 35214,
                "node": "7",
                "reporter": "8"
            },
            {
                "delta": 35214,
                "node": "21",
                "reporter": "8"
            },
            {
                "delta": 35214,
                "node": "27",
                "reporter": "8"
            },
            {
                "delta": 35214,
                "node": "28",
                "reporter": "8"
            },
            {
                "delta": 35231,
                "node": "10",
                "reporter": "16"
            },
            {
                "delta": 35242,
                "node": "20",
                "reporter": "18"
            },
            {
                "delta": 35242,
                "node": "26",
                "reporter": "18"
            },
            {
                "delta": 35242,
                "node": "13",
                "reporter": "18"
            },
            {
                "delta": 35290,
                "node": "3",
                "reporter": "8"
            },
            {
                "delta": 35315,
                "node": "19",
                "reporter": "5"
            },
            {
                "delta": 35315,
                "node": "23",
                "reporter": "5"
            },
            {
                "delta": 35315,
                "node": "1",
                "reporter": "5"
            },
            {
                "delta": 35315,
                "node": "24",
                "reporter": "5"
            },
            {
                "delta": 35315,
                "node": "17",
                "reporter": "5"
            },
            {
                "delta": 35315,
                "node": "21",
                "reporter": "5"
            },
            {
                "delta": 35315,
                "node": "27",
                "reporter": "5"
            },
            {
                "delta": 35315,
                "node": "10",
                "reporter": "5"
            },
            {
                "delta": 35316,
                "node": "3",
                "reporter": "5"
            },
            {
                "delta": 35316,
                "node": "11",
                "reporter": "5"
            },
            {
                "delta": 35320,
                "node": "6",
                "reporter": "14"
            },
            {
                "delta": 35320,
                "node": "19",
                "reporter": "14"
            },
            {
                "delta": 35320,
                "node": "24",
                "reporter": "14"
            },
            {
                "delta": 35320,
                "node": "30",
                "reporter": "14"
            },
            {
                "delta": 35321,
                "node": "21",
                "reporter": "14"
            },
            {
                "delta": 35321,
                "node": "27",
                "reporter": "14"
            },
            {
                "delta": 35321,
                "node": "28",
                "reporter": "14"
            },
            {
                "delta": 35321,
                "node": "11",
                "reporter": "14"
            },
            {
                "delta": 35343,
                "node": "13",
                "reporter": "8"
            },
            {
                "delta": 35390,
                "node": "10",
                "reporter": "14"
            },
            {
                "delta": 35415,
                "node": "6",
                "reporter": "12"
            },
            {
                "delta": 35415,
                "node": "19",
                "reporter": "12"
            },
            {
                "delta": 35415,
                "node": "24",
                "reporter": "12"
            },
            {
                "delta": 35415,
                "node": "21",
                "reporter": "12"
            },
            {
                "delta": 35415,
                "node": "27",
                "reporter": "12"
            },
            {
                "delta": 35415,
                "node": "28",
                "reporter": "12"
            },
            {
                "delta": 35416,
                "node": "10",
                "reporter": "12"
            },
            {
                "delta": 35416,
                "node": "11",
                "reporter": "12"
            },
            {
                "delta": 35497,
                "node": "9",
                "reporter": "5"
            },
            {
                "delta": 35509,
                "node": "13",
                "reporter": "22"
            },
            {
                "delta": 35535,
                "node": "13",
                "reporter": "5"
            },
            {
                "delta": 35575,
                "node": "30",
                "reporter": "5"
            },
            {
                "delta": 35593,
                "node": "10",
                "reporter": "8"
            },
            {
                "delta": 35610,
                "node": "13",
                "reporter": "29"
            },
            {
                "delta": 35611,
                "node": "10",
                "reporter": "29"
            },
            {
                "delta": 35679,
                "node": "6",
                "reporter": "4"
            },
            {
                "delta": 35679,
                "node": "19",
                "reporter": "4"
            },
            {
                "delta": 35679,
                "node": "23",
                "reporter": "4"
            },
            {
                "delta": 35679,
                "node": "1",
                "reporter": "4"
            },
            {
                "delta": 35679,
                "node": "24",
                "reporter": "4"
            },
            {
                "delta": 35679,
                "node": "20",
                "reporter": "4"
            },
            {
                "delta": 35680,
                "node": "26",
                "reporter": "4"
            },
            {
                "delta": 35680,
                "node": "17",
                "reporter": "4"
            },
            {
                "delta": 35680,
                "node": "13",
                "reporter": "4"
            },
            {
                "delta": 35682,
                "node": "21",
                "reporter": "4"
            },
            {
                "delta": 35732,
                "node": "6",
                "reporter": "18"
            },
            {
                "delta": 35732,
                "node": "30",
                "reporter": "18"
            },
            {
                "delta": 35732,
                "node": "28",
                "reporter": "18"
            },
            {
                "delta": 35860,
                "node": "27",
                "reporter": "4"
            },
            {
                "delta": 35860,
                "node": "28",
                "reporter": "4"
            },
            {
                "delta": 35860,
                "node": "3",
                "reporter": "4"
            },
            {
                "delta": 35860,
                "node": "11",
                "reporter": "4"
            },
            {
                "delta": 35860,
                "node": "9",
                "reporter": "4"
            },
            {
                "delta": 35905,
                "node": "30",
                "reporter": "12"
            },
            {
                "delta": 36082,
                "node": "30",
                "reporter": "16"
            },
            {
                "delta": 36082,
                "node": "13",
                "reporter": "16"
            },
            {
                "delta": 36459,
                "node": "30",
                "reporter": "4"
            },
            {
                "delta": 36469,
                "node": "30",
                "reporter": "22"
            },
            {
                "delta": 36818,
                "node": "30",
                "reporter": "25"
            },
            {
                "delta": 36818,
                "node": "13",
                "reporter": "25"
            }
        ]
    }
}