
{
    "id": "00302",
    "seed": 42,
    "repetition": 0,
    "settings": {
        "simulate_catastrophe": true,
        "number_of_nodes": 30,
        "duration": 120000,
        "gossip_delta": 200,
        "failure_delta": 2600,
        "miss_delta": 2600,
        "push_pull": false,
        "pick_strategy": 0,
        "enable_multicast": true,
        "multicast_parameter": 1.0,
        "multicast_max_wait": 2600,
        "expected_first_multicast": 866
    },
    "result": {
        "start_time": 1500753046357,
        "end_time": 1500753166366,
        "expected_crashes": [
            {
                "delta": 31130,
                "node": "27"
            },
            {
                "delta": 31130,
                "node": "13"
            },
            {
                "delta": 31130,
                "node": "10"
            },
            {
                "delta": 31130,
                "node": "21"
            },
            {
                "delta": 31130,
                "node": "30"
            },
            {
                "delta": 31130,
                "node": "3"
            },
            {
                "delta": 31130,
                "node": "28"
            },
            {
                "delta": 31130,
                "node": "6"
            },
            {
                "delta": 31130,
                "node": "24"
            },
            {
                "delta": 31130,
                "node": "9"
            },
            {
                "delta": 31130,
                "node": "19"
            },
            {
                "delta": 31130,
                "node": "7"
            },
            {
                "delta": 31130,
                "node": "23"
            },
            {
                "delta": 31130,
                "node": "26"
            },
            {
                "delta": 31130,
                "node": "15"
            },
            {
                "delta": 31130,
                "node": "2"
            },
            {
                "delta": 31130,
                "node": "17"
            },
            {
                "delta": 31130,
                "node": "1"
            },
            {
                "delta": 31130,
                "node": "20"
            },
            {
                "delta": 31130,
                "node": "11"
            }
        ],
        "reported_crashes": [
            {
                "delta": 36069,
                "node": "9",
                "reporter": "8"
            },
            {
                "delta": 36135,
                "node": "19",
                "reporter": "14"
            },
            {
                "delta": 36170,
                "node": "7",
                "reporter": "29"
            },
            {
                "delta": 36189,
                "node": "27",
                "reporter": "29"
            },
            {
                "delta": 36193,
                "node": "3",
                "reporter": "16"
            },
            {
                "delta": 36323,
                "node": "1",
                "reporter": "16"
            },
            {
                "delta": 36324,
                "node": "13",
                "reporter": "16"
            },
            {
                "delta": 36405,
                "node": "2",
                "reporter": "25"
            },
            {
                "delta": 36406,
                "node": "20",
                "reporter": "25"
            },
            {
                "delta": 36406,
                "node": "3",
                "reporter": "25"
            },
            {
                "delta": 36423,
                "node": "9",
                "reporter": "16"
            },
            {
                "delta": 36436,
                "node": "23",
                "reporter": "25"
            },
            {
                "delta": 36493,
                "node": "10",
                "reporter": "4"
            },
            {
                "delta": 36506,
                "node": "6",
                "reporter": "22"
            },
            {
                "delta": 36506,
                "node": "15",
                "reporter": "22"
            },
            {
                "delta": 36532,
                "node": "26",
                "reporter": "5"
            },
            {
                "delta": 36532,
                "node": "30",
                "reporter": "5"
            },
            {
                "delta": 36532,
                "node": "7",
                "reporter": "5"
            },
            {
                "delta": 36532,
                "node": "21",
                "reporter": "5"
            },
            {
                "delta": 36533,
                "node": "27",
                "reporter": "5"
            },
            {
                "delta": 36539,
                "node": "11",
                "reporter": "8"
            },
            {
                "delta": 36542,
                "node": "24",
                "reporter": "5"
            },
            {
                "delta": 36593,
                "node": "28",
                "reporter": "12"
            },
            {
                "delta": 36593,
                "node": "10",
                "reporter": "12"
            },
            {
                "delta": 36608,
                "node": "17",
                "reporter": "8"
            },
            {
                "delta": 36686,
                "node": "28",
                "reporter": "25"
            },
            {
                "delta": 36686,
                "node": "10",
                "reporter": "25"
            },
            {
                "delta": 36703,
                "node": "23",
                "reporter": "12"
            },
            {
                "delta": 36703,
                "node": "2",
                "reporter": "12"
            },
            {
                "delta": 36703,
                "node": "20",
                "reporter": "12"
            },
            {
                "delta": 36703,
                "node": "3",
                "reporter": "12"
            },
            {
                "delta": 36739,
                "node": "19",
                "reporter": "8"
            },
            {
                "delta": 36932,
                "node": "6",
                "reporter": "5"
            },
            {
                "delta": 36932,
                "node": "15",
                "reporter": "5"
            },
            {
                "delta": 36938,
                "node": "23",
                "reporter": "18"
            },
            {
                "delta": 36938,
                "node": "2",
                "reporter": "18"
            },
            {
                "delta": 36938,
                "node": "20",
                "reporter": "18"
            },
            {
                "delta": 36938,
                "node": "28",
                "reporter": "18"
            },
            {
                "delta": 36939,
                "node": "10",
                "reporter": "18"
            },
            {
                "delta": 36939,
                "node": "3",
                "reporter": "18"
            },
            {
                "delta": 36989,
                "node": "7",
                "reporter": "8"
            },
            {
                "delta": 36989,
                "node": "27",
                "reporter": "8"
            },
            {
                "delta": 37052,
                "node": "19",
                "reporter": "4"
            },
            {
                "delta": 37136,
                "node": "19",
                "reporter": "22"
            },
            {
                "delta": 37136,
                "node": "10",
                "reporter": "22"
            },
            {
                "delta": 37163,
                "node": "19",
                "reporter": "5"
            },
            {
                "delta": 37163,
                "node": "17",
                "reporter": "5"
            },
            {
                "delta": 37163,
                "node": "11",
                "reporter": "5"
            },
            {
                "delta": 37163,
                "node": "9",
                "reporter": "5"
            },
            {
                "delta": 37179,
                "node": "1",
                "reporter": "29"
            },
            {
                "delta": 37179,
                "node": "13",
                "reporter": "29"
            },
            {
                "delta": 37179,
                "node": "3",
                "reporter": "29"
            },
            {
                "delta": 37179,
                "node": "9",
                "reporter": "29"
            },
            {
                "delta": 37199,
                "node": "23",
                "reporter": "29"
            },
            {
                "delta": 37201,
                "node": "2",
                "reporter": "29"
            },
            {
                "delta": 37201,
                "node": "20",
                "reporter": "29"
            },
            {
                "delta": 37201,
                "node": "28",
                "reporter": "29"
            },
            {
                "delta": 37201,
                "node": "10",
                "reporter": "29"
            },
            {
                "delta": 37256,
                "node": "17",
                "reporter": "22"
            },
            {
                "delta": 37256,
                "node": "7",
                "reporter": "22"
            },
            {
                "delta": 37256,
                "node": "27",
                "reporter": "22"
            },
            {
                "delta": 37256,
                "node": "11",
                "reporter": "22"
            },
            {
                "delta": 37256,
                "node": "9",
                "reporter": "22"
            },
            {
                "delta": 37479,
                "node": "23",
                "reporter": "8"
            },
            {
                "delta": 37479,
                "node": "2",
                "reporter": "8"
            },
            {
                "delta": 37479,
                "node": "20",
                "reporter": "8"
            },
            {
                "delta": 37479,
                "node": "28",
                "reporter": "8"
            },
            {
                "delta": 37479,
                "node": "10",
                "reporter": "8"
            },
            {
                "delta": 37482,
                "node": "3",
                "reporter": "8"
            },
            {
                "delta": 37563,
                "node": "1",
                "reporter": "4"
            },
            {
                "delta": 37563,
                "node": "13",
                "reporter": "4"
            },
            {
                "delta": 37563,
                "node": "3",
                "reporter": "4"
            },
            {
                "delta": 37563,
                "node": "9",
                "reporter": "4"
            },
            {
                "delta": 37595,
                "node": "1",
                "reporter": "25"
            },
            {
                "delta": 37595,
                "node": "7",
                "reporter": "25"
            },
            {
                "delta": 37595,
                "node": "13",
                "reporter": "25"
            },
            {
                "delta": 37596,
                "node": "27",
                "reporter": "25"
            },
            {
                "delta": 37596,
                "node": "9",
                "reporter": "25"
            },
            {
                "delta": 37632,
                "node": "23",
                "reporter": "5"
            },
            {
                "delta": 37632,
                "node": "2",
                "reporter": "5"
            },
            {
                "delta": 37632,
                "node": "20",
                "reporter": "5"
            },
            {
                "delta": 37632,
                "node": "28",
                "reporter": "5"
            },
            {
                "delta": 37632,
                "node": "10",
                "reporter": "5"
            },
            {
                "delta": 37633,
                "node": "3",
                "reporter": "5"
            },
            {
                "delta": 37634,
                "node": "6",
                "reporter": "14"
            },
            {
                "delta": 37634,
                "node": "24",
                "reporter": "14"
            },
            {
                "delta": 37634,
                "node": "15",
                "reporter": "14"
            },
            {
                "delta": 37635,
                "node": "26",
                "reporter": "14"
            },
            {
                "delta": 37635,
                "node": "17",
                "reporter": "14"
            },
            {
                "delta": 37635,
                "node": "30",
                "reporter": "14"
            },
            {
                "delta": 37637,
                "node": "7",
                "reporter": "14"
            },
            {
                "delta": 37640,
                "node": "21",
                "reporter": "14"
            },
            {
                "delta": 37640,
                "node": "27",
                "reporter": "14"
            },
            {
                "delta": 37640,
                "node": "11",
                "reporter": "14"
            },
            {
                "delta": 37655,
                "node": "1",
                "reporter": "22"
            },
            {
                "delta": 37655,
                "node": "13",
                "reporter": "22"
            },
            {
                "delta": 37655,
                "node": "3",
                "reporter": "22"
            },
            {
                "delta": 37676,
                "node": "19",
                "reporter": "25"
            },
            {
                "delta": 37676,
                "node": "17",
                "reporter": "25"
            },
            {
                "delta": 37676,
                "node": "11",
                "reporter": "25"
            },
            {
                "delta": 37781,
                "node": "9",
                "reporter": "14"
            },
            {
                "delta": 37781,
                "node": "10",
                "reporter": "14"
            },
            {
                "delta": 37823,
                "node": "19",
                "reporter": "12"
            },
            {
                "delta": 37823,
                "node": "1",
                "reporter": "12"
            },
            {
                "delta": 37824,
                "node": "13",
                "reporter": "12"
            },
            {
                "delta": 37824,
                "node": "9",
                "reporter": "12"
            },
            {
                "delta": 37879,
                "node": "1",
                "reporter": "18"
            },
            {
                "delta": 37879,
                "node": "7",
                "reporter": "18"
            },
            {
                "delta": 37879,
                "node": "13",
                "reporter": "18"
            },
            {
                "delta": 37879,
                "node": "27",
                "reporter": "18"
            },
            {
                "delta": 37879,
                "node": "9",
                "reporter": "18"
            },
            {
                "delta": 37953,
                "node": "23",
                "reporter": "16"
            },
            {
                "delta": 37953,
                "node": "2",
                "reporter": "16"
            },
            {
                "delta": 37953,
                "node": "20",
                "reporter": "16"
            },
            {
                "delta": 37953,
                "node": "7",
                "reporter": "16"
            },
            {
                "delta": 37953,
                "node": "27",
                "reporter": "16"
            },
            {
                "delta": 37953,
                "node": "28",
                "reporter": "16"
            },
            {
                "delta": 37954,
                "node": "10",
                "reporter": "16"
            },
            {
                "delta": 37975,
                "node": "23",
                "reporter": "22"
            },
            {
                "delta": 37975,
                "node": "24",
                "reporter": "22"
            },
            {
                "delta": 37978,
                "node": "2",
                "reporter": "22"
            },
            {
                "delta": 37978,
                "node": "20",
                "reporter": "22"
            },
            {
                "delta": 37978,
                "node": "26",
                "reporter": "22"
            },
            {
                "delta": 37978,
                "node": "30",
                "reporter": "22"
            },
            {
                "delta": 37979,
                "node": "21",
                "reporter": "22"
            },
            {
                "delta": 37979,
                "node": "28",
                "reporter": "22"
            },
            {
                "delta": 38155,
                "node": "23",
                "reporter": "14"
            },
            {
                "delta": 38155,
                "node": "1",
                "reporter": "14"
            },
            {
                "delta": 38155,
                "node": "2",
                "reporter": "14"
            },
            {
                "delta": 38155,
                "node": "20",
                "reporter": "14"
            },
            {
                "delta": 38156,
                "node": "13",
                "reporter": "14"
            },
            {
                "delta": 38156,
                "node": "28",
                "reporter": "14"
            },
            {
                "delta": 38156,
                "node": "3",
                "reporter": "14"
            },
            {
                "delta": 38243,
                "node": "6",
                "reporter": "12"
            },
            {
                "delta": 38243,
                "node": "24",
                "reporter": "12"
            },
            {
                "delta": 38243,
                "node": "15",
                "reporter": "12"
            },
            {
                "delta": 38243,
                "node": "26",
                "reporter": "12"
            },
            {
                "delta": 38243,
                "node": "17",
                "reporter": "12"
            },
            {
                "delta": 38243,
                "node": "30",
                "reporter": "12"
            },
            {
                "delta": 38243,
                "node": "7",
                "reporter": "12"
            },
            {
                "delta": 38243,
                "node": "21",
                "reporter": "12"
            },
            {
                "delta": 38244,
                "node": "27",
                "reporter": "12"
            },
            {
                "delta": 38244,
                "node": "11",
                "reporter": "12"
            },
            {
                "delta": 38710,
                "node": "6",
                "reporter": "29"
            },
            {
                "delta": 38710,
                "node": "19",
                "reporter": "29"
            },
            {
                "delta": 38710,
                "node": "24",
                "reporter": "29"
            },
            {
                "delta": 38710,
                "node": "15",
                "reporter": "29"
            },
            {
                "delta": 38710,
                "node": "26",
                "reporter": "29"
            },
            {
                "delta": 38710,
                "node": "17",
                "reporter": "29"
            },
            {
                "delta": 38710,
                "node": "30",
                "reporter": "29"
            },
            {
                "delta": 38711,
                "node": "21",
                "reporter": "29"
            },
            {
                "delta": 38711,
                "node": "11",
                "reporter": "29"
            },
            {
                "delta": 38822,
                "node": "1",
                "reporter": "5"
            },
            {
                "delta": 38822,
                "node": "13",
                "reporter": "5"
            },
            {
                "delta": 38842,
                "node": "23",
                "reporter": "4"
            },
            {
                "delta": 38842,
                "node": "2",
                "reporter": "4"
            },
            {
                "delta": 38843,
                "node": "20",
                "reporter": "4"
            },
            {
                "delta": 38843,
                "node": "17",
                "reporter": "4"
            },
            {
                "delta": 38843,
                "node": "7",
                "reporter": "4"
            },
            {
                "delta": 38843,
                "node": "27",
                "reporter": "4"
            },
            {
                "delta": 38843,
                "node": "28",
                "reporter": "4"
            },
            {
                "delta": 38843,
                "node": "11",
                "reporter": "4"
            },
            {
                "delta": 39153,
                "node": "19",
                "reporter": "16"
            },
            {
                "delta": 39153,
                "node": "17",
                "reporter": "16"
            },
            {
                "delta": 39153,
                "node": "11",
                "reporter": "16"
            },
            {
                "delta": 39446,
                "node": "6",
                "reporter": "25"
            },
            {
                "delta": 39446,
                "node": "24",
                "reporter": "25"
            },
            {
                "delta": 39446,
                "node": "15",
                "reporter": "25"
            },
            {
                "delta": 39447,
                "node": "26",
                "reporter": "25"
            },
            {
                "delta": 39447,
                "node": "30",
                "reporter": "25"
            },
            {
                "delta": 39447,
                "node": "21",
                "reporter": "25"
            },
            {
                "delta": 39469,
                "node": "6",
                "reporter": "8"
            },
            {
                "delta": 39469,
                "node": "1",
                "reporter": "8"
            },
            {
                "delta": 39469,
                "node": "24",
                "reporter": "8"
            },
            {
                "delta": 39469,
                "node": "15",
                "reporter": "8"
            },
            {
                "delta": 39470,
                "node": "26",
                "reporter": "8"
            },
            {
                "delta": 39470,
                "node": "30",
                "reporter": "8"
            },
            {
                "delta": 39470,
                "node": "13",
                "reporter": "8"
            },
            {
                "delta": 39470,
                "node": "21",
                "reporter": "8"
            },
            {
                "delta": 39628,
                "node": "19",
                "reporter": "18"
            },
            {
                "delta": 39629,
                "node": "17",
                "reporter": "18"
            },
            {
                "delta": 39629,
                "node": "11",
                "reporter": "18"
            },
            {
                "delta": 40108,
                "node": "6",
                "reporter": "18"
            },
            {
                "delta": 40108,
                "node": "24",
                "reporter": "18"
            },
            {
                "delta": 40108,
                "node": "15",
                "reporter": "18"
            },
            {
                "delta": 40109,
                "node": "26",
                "reporter": "18"
            },
            {
                "delta": 40109,
                "node": "30",
                "reporter": "18"
            },
            {
                "delta": 40109,
                "node": "21",
                "reporter": "18"
            },
            {
                "delta": 40453,
                "node": "6",
                "reporter": "4"
            },
            {
                "delta": 40453,
                "node": "24",
                "reporter": "4"
            },
            {
                "delta": 40453,
                "node": "15",
                "reporter": "4"
            },
            {
                "delta": 40453,
                "node": "26",
                "reporter": "4"
            },
            {
                "delta": 40455,
                "node": "30",
                "reporter": "4"
            },
            {
                "delta": 40456,
                "node": "21",
                "reporter": "4"
            },
            {
                "delta": 40783,
                "node": "6",
                "reporter": "16"
            },
            {
                "delta": 40783,
                "node": "24",
                "reporter": "16"
            },
            {
                "delta": 40783,
                "node": "15",
                "reporter": "16"
            },
            {
                "delta": 40783,
                "node": "26",
                "reporter": "16"
            },
            {
                "delta": 40783,
                "node": "30",
                "reporter": "16"
            },
            {
                "delta": 40784,
                "node": "21",
                "reporter": "16"
            }
        ]
    }
}