
{
    "id": "00305",
    "seed": 42,
    "repetition": 0,
    "settings": {
        "simulate_catastrophe": true,
        "number_of_nodes": 30,
        "duration": 120000,
        "gossip_delta": 200,
        "failure_delta": 2600,
        "miss_delta": 2600,
        "push_pull": false,
        "pick_strategy": 0,
        "enable_multicast": true,
        "multicast_parameter": 1.0,
        "multicast_max_wait": 5200,
        "expected_first_multicast": 1733
    },
    "result": {
        "start_time": 1500753421446,
        "end_time": 1500753541457,
        "expected_crashes": [
            {
                "delta": 31130,
                "node": "27"
            },
            {
                "delta": 31130,
                "node": "13"
            },
            {
                "delta": 31130,
                "node": "10"
            },
            {
                "delta": 31130,
                "node": "21"
            },
            {
                "delta": 31130,
                "node": "30"
            },
            {
                "delta": 31130,
                "node": "3"
            },
            {
                "delta": 31130,
                "node": "28"
            },
            {
                "delta": 31130,
                "node": "6"
            },
            {
                "delta": 31130,
                "node": "24"
            },
            {
                "delta": 31130,
                "node": "9"
            },
            {
                "delta": 31130,
                "node": "19"
            },
            {
                "delta": 31130,
                "node": "7"
            },
            {
                "delta": 31130,
                "node": "23"
            },
            {
                "delta": 31130,
                "node": "26"
            },
            {
                "delta": 31130,
                "node": "15"
            },
            {
                "delta": 31130,
                "node": "2"
            },
            {
                "delta": 31130,
                "node": "17"
            },
            {
                "delta": 31130,
                "node": "1"
            },
            {
                "delta": 31130,
                "node": "20"
            },
            {
                "delta": 31130,
                "node": "11"
            }
        ],
        "reported_crashes": [
            {
                "delta": 36116,
                "node": "7",
                "reporter": "22"
            },
            {
                "delta": 36182,
                "node": "7",
                "reporter": "16"
            },
            {
                "delta": 36194,
                "node": "24",
                "reporter": "29"
            },
            {
                "delta": 36276,
                "node": "1",
                "reporter": "22"
            },
            {
                "delta": 36322,
                "node": "17",
                "reporter": "16"
            },
            {
                "delta": 36332,
                "node": "19",
                "reporter": "5"
            },
            {
                "delta": 36332,
                "node": "30",
                "reporter": "5"
            },
            {
                "delta": 36333,
                "node": "13",
                "reporter": "5"
            },
            {
                "delta": 36336,
                "node": "20",
                "reporter": "22"
            },
            {
                "delta": 36336,
                "node": "11",
                "reporter": "22"
            },
            {
                "delta": 36406,
                "node": "23",
                "reporter": "14"
            },
            {
                "delta": 36489,
                "node": "1",
                "reporter": "8"
            },
            {
                "delta": 36489,
                "node": "17",
                "reporter": "8"
            },
            {
                "delta": 36489,
                "node": "7",
                "reporter": "8"
            },
            {
                "delta": 36490,
                "node": "27",
                "reporter": "8"
            },
            {
                "delta": 36496,
                "node": "9",
                "reporter": "12"
            },
            {
                "delta": 36573,
                "node": "10",
                "reporter": "29"
            },
            {
                "delta": 36573,
                "node": "15",
                "reporter": "29"
            },
            {
                "delta": 36633,
                "node": "6",
                "reporter": "4"
            },
            {
                "delta": 36663,
                "node": "2",
                "reporter": "18"
            },
            {
                "delta": 36663,
                "node": "26",
                "reporter": "18"
            },
            {
                "delta": 36663,
                "node": "21",
                "reporter": "18"
            },
            {
                "delta": 36663,
                "node": "28",
                "reporter": "18"
            },
            {
                "delta": 36672,
                "node": "9",
                "reporter": "16"
            },
            {
                "delta": 36724,
                "node": "3",
                "reporter": "29"
            },
            {
                "delta": 36793,
                "node": "23",
                "reporter": "4"
            },
            {
                "delta": 36885,
                "node": "1",
                "reporter": "12"
            },
            {
                "delta": 36886,
                "node": "17",
                "reporter": "12"
            },
            {
                "delta": 36886,
                "node": "7",
                "reporter": "12"
            },
            {
                "delta": 36886,
                "node": "27",
                "reporter": "12"
            },
            {
                "delta": 36895,
                "node": "17",
                "reporter": "14"
            },
            {
                "delta": 36896,
                "node": "7",
                "reporter": "14"
            },
            {
                "delta": 36896,
                "node": "9",
                "reporter": "14"
            },
            {
                "delta": 36985,
                "node": "19",
                "reporter": "12"
            },
            {
                "delta": 36985,
                "node": "30",
                "reporter": "12"
            },
            {
                "delta": 36985,
                "node": "13",
                "reporter": "12"
            },
            {
                "delta": 37093,
                "node": "24",
                "reporter": "5"
            },
            {
                "delta": 37093,
                "node": "15",
                "reporter": "5"
            },
            {
                "delta": 37093,
                "node": "10",
                "reporter": "5"
            },
            {
                "delta": 37093,
                "node": "3",
                "reporter": "5"
            },
            {
                "delta": 37096,
                "node": "20",
                "reporter": "12"
            },
            {
                "delta": 37096,
                "node": "11",
                "reporter": "12"
            },
            {
                "delta": 37328,
                "node": "19",
                "reporter": "25"
            },
            {
                "delta": 37328,
                "node": "1",
                "reporter": "25"
            },
            {
                "delta": 37328,
                "node": "20",
                "reporter": "25"
            },
            {
                "delta": 37328,
                "node": "17",
                "reporter": "25"
            },
            {
                "delta": 37328,
                "node": "30",
                "reporter": "25"
            },
            {
                "delta": 37328,
                "node": "13",
                "reporter": "25"
            },
            {
                "delta": 37328,
                "node": "27",
                "reporter": "25"
            },
            {
                "delta": 37328,
                "node": "11",
                "reporter": "25"
            },
            {
                "delta": 37328,
                "node": "9",
                "reporter": "25"
            },
            {
                "delta": 37328,
                "node": "7",
                "reporter": "25"
            },
            {
                "delta": 37337,
                "node": "2",
                "reporter": "25"
            },
            {
                "delta": 37338,
                "node": "26",
                "reporter": "25"
            },
            {
                "delta": 37338,
                "node": "21",
                "reporter": "25"
            },
            {
                "delta": 37338,
                "node": "28",
                "reporter": "25"
            },
            {
                "delta": 37353,
                "node": "1",
                "reporter": "5"
            },
            {
                "delta": 37353,
                "node": "20",
                "reporter": "5"
            },
            {
                "delta": 37353,
                "node": "7",
                "reporter": "5"
            },
            {
                "delta": 37353,
                "node": "11",
                "reporter": "5"
            },
            {
                "delta": 37435,
                "node": "6",
                "reporter": "14"
            },
            {
                "delta": 37567,
                "node": "6",
                "reporter": "22"
            },
            {
                "delta": 37567,
                "node": "23",
                "reporter": "22"
            },
            {
                "delta": 37633,
                "node": "6",
                "reporter": "5"
            },
            {
                "delta": 37633,
                "node": "23",
                "reporter": "5"
            },
            {
                "delta": 37633,
                "node": "17",
                "reporter": "5"
            },
            {
                "delta": 37633,
                "node": "9",
                "reporter": "5"
            },
            {
                "delta": 37777,
                "node": "6",
                "reporter": "25"
            },
            {
                "delta": 37777,
                "node": "23",
                "reporter": "25"
            },
            {
                "delta": 37777,
                "node": "24",
                "reporter": "25"
            },
            {
                "delta": 37777,
                "node": "15",
                "reporter": "25"
            },
            {
                "delta": 37777,
                "node": "10",
                "reporter": "25"
            },
            {
                "delta": 37777,
                "node": "3",
                "reporter": "25"
            },
            {
                "delta": 37824,
                "node": "6",
                "reporter": "29"
            },
            {
                "delta": 37824,
                "node": "23",
                "reporter": "29"
            },
            {
                "delta": 37824,
                "node": "17",
                "reporter": "29"
            },
            {
                "delta": 37824,
                "node": "7",
                "reporter": "29"
            },
            {
                "delta": 37824,
                "node": "9",
                "reporter": "29"
            },
            {
                "delta": 37875,
                "node": "2",
                "reporter": "14"
            },
            {
                "delta": 37875,
                "node": "26",
                "reporter": "14"
            },
            {
                "delta": 37875,
                "node": "21",
                "reporter": "14"
            },
            {
                "delta": 37875,
                "node": "28",
                "reporter": "14"
            },
            {
                "delta": 37932,
                "node": "19",
                "reporter": "16"
            },
            {
                "delta": 37932,
                "node": "1",
                "reporter": "16"
            },
            {
                "delta": 37932,
                "node": "20",
                "reporter": "16"
            },
            {
                "delta": 37933,
                "node": "30",
                "reporter": "16"
            },
            {
                "delta": 37933,
                "node": "13",
                "reporter": "16"
            },
            {
                "delta": 37933,
                "node": "27",
                "reporter": "16"
            },
            {
                "delta": 37933,
                "node": "11",
                "reporter": "16"
            },
            {
                "delta": 37983,
                "node": "2",
                "reporter": "5"
            },
            {
                "delta": 37983,
                "node": "6",
                "reporter": "16"
            },
            {
                "delta": 37983,
                "node": "26",
                "reporter": "5"
            },
            {
                "delta": 37983,
                "node": "23",
                "reporter": "16"
            },
            {
                "delta": 37983,
                "node": "24",
                "reporter": "16"
            },
            {
                "delta": 37983,
                "node": "21",
                "reporter": "5"
            },
            {
                "delta": 37983,
                "node": "15",
                "reporter": "16"
            },
            {
                "delta": 37983,
                "node": "27",
                "reporter": "5"
            },
            {
                "delta": 37983,
                "node": "10",
                "reporter": "16"
            },
            {
                "delta": 37983,
                "node": "28",
                "reporter": "5"
            },
            {
                "delta": 37984,
                "node": "3",
                "reporter": "16"
            },
            {
                "delta": 38114,
                "node": "2",
                "reporter": "4"
            },
            {
                "delta": 38114,
                "node": "26",
                "reporter": "4"
            },
            {
                "delta": 38114,
                "node": "21",
                "reporter": "4"
            },
            {
                "delta": 38114,
                "node": "28",
                "reporter": "4"
            },
            {
                "delta": 38156,
                "node": "6",
                "reporter": "12"
            },
            {
                "delta": 38156,
                "node": "23",
                "reporter": "12"
            },
            {
                "delta": 38156,
                "node": "2",
                "reporter": "12"
            },
            {
                "delta": 38156,
                "node": "26",
                "reporter": "12"
            },
            {
                "delta": 38156,
                "node": "21",
                "reporter": "12"
            },
            {
                "delta": 38156,
                "node": "28",
                "reporter": "12"
            },
            {
                "delta": 38157,
                "node": "24",
                "reporter": "12"
            },
            {
                "delta": 38157,
                "node": "15",
                "reporter": "12"
            },
            {
                "delta": 38157,
                "node": "10",
                "reporter": "12"
            },
            {
                "delta": 38157,
                "node": "3",
                "reporter": "12"
            },
            {
                "delta": 38186,
                "node": "19",
                "reporter": "22"
            },
            {
                "delta": 38186,
                "node": "24",
                "reporter": "22"
            },
            {
                "delta": 38186,
                "node": "2",
                "reporter": "22"
            },
            {
                "delta": 38186,
                "node": "15",
                "reporter": "22"
            },
            {
                "delta": 38186,
                "node": "26",
                "reporter": "22"
            },
            {
                "delta": 38187,
                "node": "17",
                "reporter": "22"
            },
            {
                "delta": 38187,
                "node": "30",
                "reporter": "22"
            },
            {
                "delta": 38187,
                "node": "13",
                "reporter": "22"
            },
            {
                "delta": 38187,
                "node": "21",
                "reporter": "22"
            },
            {
                "delta": 38187,
                "node": "27",
                "reporter": "22"
            },
            {
                "delta": 38193,
                "node": "1",
                "reporter": "4"
            },
            {
                "delta": 38193,
                "node": "20",
                "reporter": "4"
            },
            {
                "delta": 38193,
                "node": "7",
                "reporter": "4"
            },
            {
                "delta": 38193,
                "node": "11",
                "reporter": "4"
            },
            {
                "delta": 38253,
                "node": "19",
                "reporter": "4"
            },
            {
                "delta": 38253,
                "node": "17",
                "reporter": "4"
            },
            {
                "delta": 38262,
                "node": "28",
                "reporter": "22"
            },
            {
                "delta": 38262,
                "node": "10",
                "reporter": "22"
            },
            {
                "delta": 38262,
                "node": "3",
                "reporter": "22"
            },
            {
                "delta": 38262,
                "node": "9",
                "reporter": "22"
            },
            {
                "delta": 38302,
                "node": "30",
                "reporter": "4"
            },
            {
                "delta": 38302,
                "node": "13",
                "reporter": "4"
            },
            {
                "delta": 38302,
                "node": "27",
                "reporter": "4"
            },
            {
                "delta": 38302,
                "node": "9",
                "reporter": "4"
            },
            {
                "delta": 38409,
                "node": "6",
                "reporter": "8"
            },
            {
                "delta": 38409,
                "node": "19",
                "reporter": "8"
            },
            {
                "delta": 38409,
                "node": "23",
                "reporter": "8"
            },
            {
                "delta": 38410,
                "node": "2",
                "reporter": "8"
            },
            {
                "delta": 38410,
                "node": "20",
                "reporter": "8"
            },
            {
                "delta": 38410,
                "node": "26",
                "reporter": "8"
            },
            {
                "delta": 38410,
                "node": "30",
                "reporter": "8"
            },
            {
                "delta": 38410,
                "node": "13",
                "reporter": "8"
            },
            {
                "delta": 38411,
                "node": "21",
                "reporter": "8"
            },
            {
                "delta": 38411,
                "node": "28",
                "reporter": "8"
            },
            {
                "delta": 38485,
                "node": "11",
                "reporter": "8"
            },
            {
                "delta": 38485,
                "node": "9",
                "reporter": "8"
            },
            {
                "delta": 38502,
                "node": "2",
                "reporter": "16"
            },
            {
                "delta": 38502,
                "node": "26",
                "reporter": "16"
            },
            {
                "delta": 38502,
                "node": "21",
                "reporter": "16"
            },
            {
                "delta": 38502,
                "node": "28",
                "reporter": "16"
            },
            {
                "delta": 38724,
                "node": "2",
                "reporter": "29"
            },
            {
                "delta": 38724,
                "node": "26",
                "reporter": "29"
            },
            {
                "delta": 38724,
                "node": "21",
                "reporter": "29"
            },
            {
                "delta": 38724,
                "node": "28",
                "reporter": "29"
            },
            {
                "delta": 38913,
                "node": "6",
                "reporter": "18"
            },
            {
                "delta": 38913,
                "node": "23",
                "reporter": "18"
            },
            {
                "delta": 38913,
                "node": "17",
                "reporter": "18"
            },
            {
                "delta": 38913,
                "node": "7",
                "reporter": "18"
            },
            {
                "delta": 38913,
                "node": "9",
                "reporter": "18"
            },
            {
                "delta": 38923,
                "node": "24",
                "reporter": "18"
            },
            {
                "delta": 38923,
                "node": "15",
                "reporter": "18"
            },
            {
                "delta": 38923,
                "node": "3",
                "reporter": "18"
            },
            {
                "delta": 38923,
                "node": "10",
                "reporter": "18"
            },
            {
                "delta": 39555,
                "node": "24",
                "reporter": "14"
            },
            {
                "delta": 39555,
                "node": "15",
                "reporter": "14"
            },
            {
                "delta": 39555,
                "node": "10",
                "reporter": "14"
            },
            {
                "delta": 39555,
                "node": "3",
                "reporter": "14"
            },
            {
                "delta": 39630,
                "node": "24",
                "reporter": "8"
            },
            {
                "delta": 39630,
                "node": "15",
                "reporter": "8"
            },
            {
                "delta": 39630,
                "node": "10",
                "reporter": "8"
            },
            {
                "delta": 39630,
                "node": "3",
                "reporter": "8"
            },
            {
                "delta": 40344,
                "node": "19",
                "reporter": "29"
            },
            {
                "delta": 40344,
                "node": "1",
                "reporter": "29"
            },
            {
                "delta": 40344,
                "node": "20",
                "reporter": "29"
            },
            {
                "delta": 40344,
                "node": "30",
                "reporter": "29"
            },
            {
                "delta": 40344,
                "node": "13",
                "reporter": "29"
            },
            {
                "delta": 40345,
                "node": "27",
                "reporter": "29"
            },
            {
                "delta": 40345,
                "node": "11",
                "reporter": "29"
            },
            {
                "delta": 40403,
                "node": "24",
                "reporter": "4"
            },
            {
                "delta": 40404,
                "node": "15",
                "reporter": "4"
            },
            {
                "delta": 40404,
                "node": "3",
                "reporter": "4"
            },
            {
                "delta": 40404,
                "node": "10",
                "reporter": "4"
            },
            {
                "delta": 40465,
                "node": "19",
                "reporter": "14"
            },
            {
                "delta": 40465,
                "node": "1",
                "reporter": "14"
            },
            {
                "delta": 40465,
                "node": "20",
                "reporter": "14"
            },
            {
                "delta": 40466,
                "node": "30",
                "reporter": "14"
            },
            {
                "delta": 40466,
                "node": "13",
                "reporter": "14"
            },
            {
                "delta": 40466,
                "node": "27",
                "reporter": "14"
            },
            {
                "delta": 40466,
                "node": "11",
                "reporter": "14"
            },
            {
                "delta": 40633,
                "node": "19",
                "reporter": "18"
            },
            {
                "delta": 40633,
                "node": "1",
                "reporter": "18"
            },
            {
                "delta": 40633,
                "node": "20",
                "reporter": "18"
            },
            {
                "delta": 40633,
                "node": "30",
                "reporter": "18"
            },
            {
                "delta": 40633,
                "node": "13",
                "reporter": "18"
            },
            {
                "delta": 40633,
                "node": "27",
                "reporter": "18"
            },
            {
                "delta": 40635,
                "node": "11",
                "reporter": "18"
            }
        ]
    }
}