
{
    "id": "00319",
    "seed": 42,
    "repetition": 0,
    "settings": {
        "simulate_catastrophe": true,
        "number_of_nodes": 30,
        "duration": 120000,
        "gossip_delta": 200,
        "failure_delta": 2600,
        "miss_delta": 2600,
        "push_pull": true,
        "pick_strategy": 0,
        "enable_multicast": true,
        "multicast_parameter": 1.0,
        "multicast_max_wait": 5200,
        "expected_first_multicast": 866
    },
    "result": {
        "start_time": 1500755171856,
        "end_time": 1500755291867,
        "expected_crashes": [
            {
                "delta": 31130,
                "node": "27"
            },
            {
                "delta": 31130,
                "node": "13"
            },
            {
                "delta": 31130,
                "node": "10"
            },
            {
                "delta": 31130,
                "node": "21"
            },
            {
                "delta": 31130,
                "node": "30"
            },
            {
                "delta": 31130,
                "node": "3"
            },
            {
                "delta": 31130,
                "node": "28"
            },
            {
                "delta": 31130,
                "node": "6"
            },
            {
                "delta": 31130,
                "node": "24"
            },
            {
                "delta": 31130,
                "node": "9"
            },
            {
                "delta": 31130,
                "node": "19"
            },
            {
                "delta": 31130,
                "node": "7"
            },
            {
                "delta": 31130,
                "node": "23"
            },
            {
                "delta": 31130,
                "node": "26"
            },
            {
                "delta": 31130,
                "node": "15"
            },
            {
                "delta": 31130,
                "node": "2"
            },
            {
                "delta": 31130,
                "node": "17"
            },
            {
                "delta": 31130,
                "node": "1"
            },
            {
                "delta": 31130,
                "node": "20"
            },
            {
                "delta": 31130,
                "node": "11"
            }
        ],
        "reported_crashes": [
            {
                "delta": 36365,
                "node": "24",
                "reporter": "16"
            },
            {
                "delta": 36365,
                "node": "2",
                "reporter": "16"
            },
            {
                "delta": 36387,
                "node": "23",
                "reporter": "22"
            },
            {
                "delta": 36389,
                "node": "15",
                "reporter": "22"
            },
            {
                "delta": 36389,
                "node": "13",
                "reporter": "22"
            },
            {
                "delta": 36389,
                "node": "10",
                "reporter": "22"
            },
            {
                "delta": 36394,
                "node": "24",
                "reporter": "5"
            },
            {
                "delta": 36417,
                "node": "1",
                "reporter": "25"
            },
            {
                "delta": 36435,
                "node": "23",
                "reporter": "16"
            },
            {
                "delta": 36435,
                "node": "15",
                "reporter": "16"
            },
            {
                "delta": 36435,
                "node": "13",
                "reporter": "16"
            },
            {
                "delta": 36435,
                "node": "10",
                "reporter": "16"
            },
            {
                "delta": 36436,
                "node": "23",
                "reporter": "14"
            },
            {
                "delta": 36436,
                "node": "10",
                "reporter": "14"
            },
            {
                "delta": 36461,
                "node": "24",
                "reporter": "8"
            },
            {
                "delta": 36461,
                "node": "26",
                "reporter": "8"
            },
            {
                "delta": 36461,
                "node": "7",
                "reporter": "8"
            },
            {
                "delta": 36461,
                "node": "27",
                "reporter": "8"
            },
            {
                "delta": 36461,
                "node": "17",
                "reporter": "4"
            },
            {
                "delta": 36461,
                "node": "9",
                "reporter": "4"
            },
            {
                "delta": 36470,
                "node": "13",
                "reporter": "4"
            },
            {
                "delta": 36489,
                "node": "13",
                "reporter": "12"
            },
            {
                "delta": 36490,
                "node": "3",
                "reporter": "12"
            },
            {
                "delta": 36490,
                "node": "11",
                "reporter": "12"
            },
            {
                "delta": 36497,
                "node": "24",
                "reporter": "22"
            },
            {
                "delta": 36497,
                "node": "2",
                "reporter": "22"
            },
            {
                "delta": 36506,
                "node": "19",
                "reporter": "22"
            },
            {
                "delta": 36507,
                "node": "20",
                "reporter": "22"
            },
            {
                "delta": 36527,
                "node": "23",
                "reporter": "25"
            },
            {
                "delta": 36527,
                "node": "24",
                "reporter": "25"
            },
            {
                "delta": 36528,
                "node": "2",
                "reporter": "25"
            },
            {
                "delta": 36528,
                "node": "15",
                "reporter": "25"
            },
            {
                "delta": 36528,
                "node": "13",
                "reporter": "25"
            },
            {
                "delta": 36528,
                "node": "10",
                "reporter": "25"
            },
            {
                "delta": 36533,
                "node": "17",
                "reporter": "5"
            },
            {
                "delta": 36534,
                "node": "13",
                "reporter": "5"
            },
            {
                "delta": 36534,
                "node": "9",
                "reporter": "5"
            },
            {
                "delta": 36535,
                "node": "1",
                "reporter": "16"
            },
            {
                "delta": 36540,
                "node": "24",
                "reporter": "4"
            },
            {
                "delta": 36580,
                "node": "23",
                "reporter": "29"
            },
            {
                "delta": 36580,
                "node": "10",
                "reporter": "29"
            },
            {
                "delta": 36591,
                "node": "6",
                "reporter": "4"
            },
            {
                "delta": 36591,
                "node": "28",
                "reporter": "4"
            },
            {
                "delta": 36616,
                "node": "26",
                "reporter": "16"
            },
            {
                "delta": 36616,
                "node": "7",
                "reporter": "16"
            },
            {
                "delta": 36616,
                "node": "27",
                "reporter": "16"
            },
            {
                "delta": 36626,
                "node": "23",
                "reporter": "18"
            },
            {
                "delta": 36626,
                "node": "10",
                "reporter": "18"
            },
            {
                "delta": 36641,
                "node": "30",
                "reporter": "4"
            },
            {
                "delta": 36641,
                "node": "21",
                "reporter": "4"
            },
            {
                "delta": 36681,
                "node": "23",
                "reporter": "8"
            },
            {
                "delta": 36681,
                "node": "1",
                "reporter": "8"
            },
            {
                "delta": 36681,
                "node": "2",
                "reporter": "8"
            },
            {
                "delta": 36681,
                "node": "15",
                "reporter": "8"
            },
            {
                "delta": 36681,
                "node": "13",
                "reporter": "8"
            },
            {
                "delta": 36681,
                "node": "10",
                "reporter": "8"
            },
            {
                "delta": 36804,
                "node": "3",
                "reporter": "5"
            },
            {
                "delta": 36804,
                "node": "11",
                "reporter": "5"
            },
            {
                "delta": 36880,
                "node": "24",
                "reporter": "12"
            },
            {
                "delta": 36880,
                "node": "17",
                "reporter": "12"
            },
            {
                "delta": 36880,
                "node": "9",
                "reporter": "12"
            },
            {
                "delta": 37001,
                "node": "6",
                "reporter": "8"
            },
            {
                "delta": 37001,
                "node": "17",
                "reporter": "8"
            },
            {
                "delta": 37001,
                "node": "30",
                "reporter": "8"
            },
            {
                "delta": 37001,
                "node": "21",
                "reporter": "8"
            },
            {
                "delta": 37001,
                "node": "28",
                "reporter": "8"
            },
            {
                "delta": 37001,
                "node": "9",
                "reporter": "8"
            },
            {
                "delta": 37037,
                "node": "19",
                "reporter": "14"
            },
            {
                "delta": 37037,
                "node": "24",
                "reporter": "14"
            },
            {
                "delta": 37037,
                "node": "15",
                "reporter": "14"
            },
            {
                "delta": 37037,
                "node": "13",
                "reporter": "14"
            },
            {
                "delta": 37037,
                "node": "2",
                "reporter": "14"
            },
            {
                "delta": 37037,
                "node": "20",
                "reporter": "14"
            },
            {
                "delta": 37101,
                "node": "3",
                "reporter": "8"
            },
            {
                "delta": 37101,
                "node": "11",
                "reporter": "8"
            },
            {
                "delta": 37101,
                "node": "23",
                "reporter": "4"
            },
            {
                "delta": 37101,
                "node": "1",
                "reporter": "4"
            },
            {
                "delta": 37101,
                "node": "2",
                "reporter": "4"
            },
            {
                "delta": 37101,
                "node": "15",
                "reporter": "4"
            },
            {
                "delta": 37101,
                "node": "26",
                "reporter": "4"
            },
            {
                "delta": 37101,
                "node": "7",
                "reporter": "4"
            },
            {
                "delta": 37101,
                "node": "27",
                "reporter": "4"
            },
            {
                "delta": 37101,
                "node": "10",
                "reporter": "4"
            },
            {
                "delta": 37126,
                "node": "26",
                "reporter": "14"
            },
            {
                "delta": 37126,
                "node": "7",
                "reporter": "14"
            },
            {
                "delta": 37126,
                "node": "27",
                "reporter": "14"
            },
            {
                "delta": 37126,
                "node": "1",
                "reporter": "14"
            },
            {
                "delta": 37136,
                "node": "19",
                "reporter": "16"
            },
            {
                "delta": 37136,
                "node": "20",
                "reporter": "16"
            },
            {
                "delta": 37139,
                "node": "17",
                "reporter": "25"
            },
            {
                "delta": 37139,
                "node": "3",
                "reporter": "25"
            },
            {
                "delta": 37139,
                "node": "11",
                "reporter": "25"
            },
            {
                "delta": 37139,
                "node": "9",
                "reporter": "25"
            },
            {
                "delta": 37156,
                "node": "1",
                "reporter": "18"
            },
            {
                "delta": 37156,
                "node": "24",
                "reporter": "18"
            },
            {
                "delta": 37156,
                "node": "2",
                "reporter": "18"
            },
            {
                "delta": 37156,
                "node": "15",
                "reporter": "18"
            },
            {
                "delta": 37156,
                "node": "13",
                "reporter": "18"
            },
            {
                "delta": 37224,
                "node": "6",
                "reporter": "5"
            },
            {
                "delta": 37224,
                "node": "23",
                "reporter": "5"
            },
            {
                "delta": 37224,
                "node": "1",
                "reporter": "5"
            },
            {
                "delta": 37224,
                "node": "2",
                "reporter": "5"
            },
            {
                "delta": 37225,
                "node": "15",
                "reporter": "5"
            },
            {
                "delta": 37225,
                "node": "26",
                "reporter": "5"
            },
            {
                "delta": 37225,
                "node": "30",
                "reporter": "5"
            },
            {
                "delta": 37225,
                "node": "7",
                "reporter": "5"
            },
            {
                "delta": 37225,
                "node": "21",
                "reporter": "5"
            },
            {
                "delta": 37270,
                "node": "23",
                "reporter": "12"
            },
            {
                "delta": 37270,
                "node": "1",
                "reporter": "12"
            },
            {
                "delta": 37270,
                "node": "2",
                "reporter": "12"
            },
            {
                "delta": 37270,
                "node": "15",
                "reporter": "12"
            },
            {
                "delta": 37270,
                "node": "10",
                "reporter": "12"
            },
            {
                "delta": 37346,
                "node": "27",
                "reporter": "5"
            },
            {
                "delta": 37346,
                "node": "28",
                "reporter": "5"
            },
            {
                "delta": 37346,
                "node": "10",
                "reporter": "5"
            },
            {
                "delta": 37370,
                "node": "6",
                "reporter": "29"
            },
            {
                "delta": 37370,
                "node": "1",
                "reporter": "29"
            },
            {
                "delta": 37370,
                "node": "24",
                "reporter": "29"
            },
            {
                "delta": 37370,
                "node": "2",
                "reporter": "29"
            },
            {
                "delta": 37370,
                "node": "15",
                "reporter": "29"
            },
            {
                "delta": 37371,
                "node": "26",
                "reporter": "29"
            },
            {
                "delta": 37371,
                "node": "17",
                "reporter": "29"
            },
            {
                "delta": 37371,
                "node": "30",
                "reporter": "29"
            },
            {
                "delta": 37371,
                "node": "7",
                "reporter": "29"
            },
            {
                "delta": 37371,
                "node": "13",
                "reporter": "29"
            },
            {
                "delta": 37489,
                "node": "6",
                "reporter": "25"
            },
            {
                "delta": 37489,
                "node": "26",
                "reporter": "25"
            },
            {
                "delta": 37489,
                "node": "30",
                "reporter": "25"
            },
            {
                "delta": 37489,
                "node": "7",
                "reporter": "25"
            },
            {
                "delta": 37489,
                "node": "21",
                "reporter": "25"
            },
            {
                "delta": 37489,
                "node": "27",
                "reporter": "25"
            },
            {
                "delta": 37489,
                "node": "28",
                "reporter": "25"
            },
            {
                "delta": 37599,
                "node": "21",
                "reporter": "29"
            },
            {
                "delta": 37599,
                "node": "27",
                "reporter": "29"
            },
            {
                "delta": 37599,
                "node": "28",
                "reporter": "29"
            },
            {
                "delta": 37599,
                "node": "3",
                "reporter": "29"
            },
            {
                "delta": 37599,
                "node": "11",
                "reporter": "29"
            },
            {
                "delta": 37599,
                "node": "9",
                "reporter": "29"
            },
            {
                "delta": 37671,
                "node": "19",
                "reporter": "8"
            },
            {
                "delta": 37671,
                "node": "20",
                "reporter": "8"
            },
            {
                "delta": 37676,
                "node": "6",
                "reporter": "16"
            },
            {
                "delta": 37676,
                "node": "17",
                "reporter": "16"
            },
            {
                "delta": 37676,
                "node": "30",
                "reporter": "16"
            },
            {
                "delta": 37676,
                "node": "21",
                "reporter": "16"
            },
            {
                "delta": 37676,
                "node": "28",
                "reporter": "16"
            },
            {
                "delta": 37676,
                "node": "3",
                "reporter": "16"
            },
            {
                "delta": 37676,
                "node": "11",
                "reporter": "16"
            },
            {
                "delta": 37676,
                "node": "9",
                "reporter": "16"
            },
            {
                "delta": 37721,
                "node": "3",
                "reporter": "4"
            },
            {
                "delta": 37721,
                "node": "11",
                "reporter": "4"
            },
            {
                "delta": 37726,
                "node": "19",
                "reporter": "18"
            },
            {
                "delta": 37726,
                "node": "20",
                "reporter": "18"
            },
            {
                "delta": 37726,
                "node": "26",
                "reporter": "18"
            },
            {
                "delta": 37726,
                "node": "7",
                "reporter": "18"
            },
            {
                "delta": 37726,
                "node": "27",
                "reporter": "18"
            },
            {
                "delta": 37917,
                "node": "1",
                "reporter": "22"
            },
            {
                "delta": 37917,
                "node": "26",
                "reporter": "22"
            },
            {
                "delta": 37917,
                "node": "7",
                "reporter": "22"
            },
            {
                "delta": 37917,
                "node": "27",
                "reporter": "22"
            },
            {
                "delta": 38151,
                "node": "19",
                "reporter": "4"
            },
            {
                "delta": 38151,
                "node": "20",
                "reporter": "4"
            },
            {
                "delta": 38196,
                "node": "6",
                "reporter": "14"
            },
            {
                "delta": 38196,
                "node": "17",
                "reporter": "14"
            },
            {
                "delta": 38196,
                "node": "30",
                "reporter": "14"
            },
            {
                "delta": 38196,
                "node": "21",
                "reporter": "14"
            },
            {
                "delta": 38196,
                "node": "28",
                "reporter": "14"
            },
            {
                "delta": 38196,
                "node": "3",
                "reporter": "14"
            },
            {
                "delta": 38196,
                "node": "11",
                "reporter": "14"
            },
            {
                "delta": 38196,
                "node": "9",
                "reporter": "14"
            },
            {
                "delta": 38247,
                "node": "6",
                "reporter": "22"
            },
            {
                "delta": 38247,
                "node": "17",
                "reporter": "22"
            },
            {
                "delta": 38248,
                "node": "30",
                "reporter": "22"
            },
            {
                "delta": 38248,
                "node": "21",
                "reporter": "22"
            },
            {
                "delta": 38248,
                "node": "28",
                "reporter": "22"
            },
            {
                "delta": 38248,
                "node": "3",
                "reporter": "22"
            },
            {
                "delta": 38248,
                "node": "11",
                "reporter": "22"
            },
            {
                "delta": 38248,
                "node": "9",
                "reporter": "22"
            },
            {
                "delta": 38260,
                "node": "6",
                "reporter": "12"
            },
            {
                "delta": 38260,
                "node": "19",
                "reporter": "12"
            },
            {
                "delta": 38260,
                "node": "20",
                "reporter": "12"
            },
            {
                "delta": 38260,
                "node": "26",
                "reporter": "12"
            },
            {
                "delta": 38260,
                "node": "30",
                "reporter": "12"
            },
            {
                "delta": 38260,
                "node": "7",
                "reporter": "12"
            },
            {
                "delta": 38260,
                "node": "21",
                "reporter": "12"
            },
            {
                "delta": 38260,
                "node": "27",
                "reporter": "12"
            },
            {
                "delta": 38260,
                "node": "28",
                "reporter": "12"
            },
            {
                "delta": 38288,
                "node": "19",
                "reporter": "25"
            },
            {
                "delta": 38288,
                "node": "20",
                "reporter": "25"
            },
            {
                "delta": 38437,
                "node": "6",
                "reporter": "18"
            },
            {
                "delta": 38437,
                "node": "17",
                "reporter": "18"
            },
            {
                "delta": 38437,
                "node": "30",
                "reporter": "18"
            },
            {
                "delta": 38437,
                "node": "21",
                "reporter": "18"
            },
            {
                "delta": 38437,
                "node": "28",
                "reporter": "18"
            },
            {
                "delta": 38437,
                "node": "3",
                "reporter": "18"
            },
            {
                "delta": 38437,
                "node": "9",
                "reporter": "18"
            },
            {
                "delta": 38437,
                "node": "11",
                "reporter": "18"
            },
            {
                "delta": 39080,
                "node": "19",
                "reporter": "29"
            },
            {
                "delta": 39080,
                "node": "20",
                "reporter": "29"
            },
            {
                "delta": 39114,
                "node": "19",
                "reporter": "5"
            },
            {
                "delta": 39114,
                "node": "20",
                "reporter": "5"
            }
        ]
    }
}