
{
    "id": "00317",
    "seed": 42,
    "repetition": 0,
    "settings": {
        "simulate_catastrophe": true,
        "number_of_nodes": 30,
        "duration": 120000,
        "gossip_delta": 200,
        "failure_delta": 2600,
        "miss_delta": 2600,
        "push_pull": true,
        "pick_strategy": 0,
        "enable_multicast": true,
        "multicast_parameter": 1.0,
        "multicast_max_wait": 2600,
        "expected_first_multicast": 866
    },
    "result": {
        "start_time": 1500754921796,
        "end_time": 1500755041807,
        "expected_crashes": [
            {
                "delta": 31130,
                "node": "27"
            },
            {
                "delta": 31130,
                "node": "13"
            },
            {
                "delta": 31130,
                "node": "10"
            },
            {
                "delta": 31130,
                "node": "21"
            },
            {
                "delta": 31130,
                "node": "30"
            },
            {
                "delta": 31130,
                "node": "3"
            },
            {
                "delta": 31130,
                "node": "28"
            },
            {
                "delta": 31130,
                "node": "6"
            },
            {
                "delta": 31130,
                "node": "24"
            },
            {
                "delta": 31130,
                "node": "9"
            },
            {
                "delta": 31130,
                "node": "19"
            },
            {
                "delta": 31130,
                "node": "7"
            },
            {
                "delta": 31130,
                "node": "23"
            },
            {
                "delta": 31130,
                "node": "26"
            },
            {
                "delta": 31130,
                "node": "15"
            },
            {
                "delta": 31130,
                "node": "2"
            },
            {
                "delta": 31130,
                "node": "17"
            },
            {
                "delta": 31130,
                "node": "1"
            },
            {
                "delta": 31130,
                "node": "20"
            },
            {
                "delta": 31130,
                "node": "11"
            }
        ],
        "reported_crashes": [
            {
                "delta": 36275,
                "node": "27",
                "reporter": "16"
            },
            {
                "delta": 36285,
                "node": "28",
                "reporter": "16"
            },
            {
                "delta": 36338,
                "node": "23",
                "reporter": "25"
            },
            {
                "delta": 36344,
                "node": "2",
                "reporter": "12"
            },
            {
                "delta": 36345,
                "node": "27",
                "reporter": "18"
            },
            {
                "delta": 36345,
                "node": "24",
                "reporter": "14"
            },
            {
                "delta": 36345,
                "node": "3",
                "reporter": "18"
            },
            {
                "delta": 36373,
                "node": "30",
                "reporter": "5"
            },
            {
                "delta": 36408,
                "node": "17",
                "reporter": "25"
            },
            {
                "delta": 36408,
                "node": "6",
                "reporter": "22"
            },
            {
                "delta": 36408,
                "node": "19",
                "reporter": "22"
            },
            {
                "delta": 36408,
                "node": "23",
                "reporter": "22"
            },
            {
                "delta": 36408,
                "node": "27",
                "reporter": "22"
            },
            {
                "delta": 36408,
                "node": "3",
                "reporter": "22"
            },
            {
                "delta": 36408,
                "node": "13",
                "reporter": "25"
            },
            {
                "delta": 36435,
                "node": "6",
                "reporter": "12"
            },
            {
                "delta": 36435,
                "node": "19",
                "reporter": "12"
            },
            {
                "delta": 36435,
                "node": "23",
                "reporter": "12"
            },
            {
                "delta": 36435,
                "node": "26",
                "reporter": "12"
            },
            {
                "delta": 36435,
                "node": "27",
                "reporter": "12"
            },
            {
                "delta": 36435,
                "node": "3",
                "reporter": "12"
            },
            {
                "delta": 36435,
                "node": "10",
                "reporter": "18"
            },
            {
                "delta": 36471,
                "node": "30",
                "reporter": "8"
            },
            {
                "delta": 36471,
                "node": "11",
                "reporter": "8"
            },
            {
                "delta": 36476,
                "node": "20",
                "reporter": "18"
            },
            {
                "delta": 36479,
                "node": "23",
                "reporter": "29"
            },
            {
                "delta": 36479,
                "node": "27",
                "reporter": "29"
            },
            {
                "delta": 36485,
                "node": "6",
                "reporter": "16"
            },
            {
                "delta": 36485,
                "node": "19",
                "reporter": "16"
            },
            {
                "delta": 36485,
                "node": "23",
                "reporter": "16"
            },
            {
                "delta": 36485,
                "node": "2",
                "reporter": "16"
            },
            {
                "delta": 36485,
                "node": "26",
                "reporter": "16"
            },
            {
                "delta": 36486,
                "node": "3",
                "reporter": "16"
            },
            {
                "delta": 36552,
                "node": "27",
                "reporter": "4"
            },
            {
                "delta": 36552,
                "node": "28",
                "reporter": "4"
            },
            {
                "delta": 36561,
                "node": "23",
                "reporter": "4"
            },
            {
                "delta": 36578,
                "node": "27",
                "reporter": "25"
            },
            {
                "delta": 36578,
                "node": "28",
                "reporter": "25"
            },
            {
                "delta": 36585,
                "node": "30",
                "reporter": "14"
            },
            {
                "delta": 36586,
                "node": "11",
                "reporter": "14"
            },
            {
                "delta": 36610,
                "node": "1",
                "reporter": "29"
            },
            {
                "delta": 36611,
                "node": "7",
                "reporter": "4"
            },
            {
                "delta": 36619,
                "node": "24",
                "reporter": "29"
            },
            {
                "delta": 36636,
                "node": "23",
                "reporter": "14"
            },
            {
                "delta": 36636,
                "node": "1",
                "reporter": "14"
            },
            {
                "delta": 36636,
                "node": "27",
                "reporter": "14"
            },
            {
                "delta": 36705,
                "node": "15",
                "reporter": "5"
            },
            {
                "delta": 36705,
                "node": "21",
                "reporter": "5"
            },
            {
                "delta": 36705,
                "node": "28",
                "reporter": "5"
            },
            {
                "delta": 36705,
                "node": "10",
                "reporter": "5"
            },
            {
                "delta": 36705,
                "node": "3",
                "reporter": "5"
            },
            {
                "delta": 36705,
                "node": "9",
                "reporter": "5"
            },
            {
                "delta": 36724,
                "node": "17",
                "reporter": "12"
            },
            {
                "delta": 36724,
                "node": "13",
                "reporter": "12"
            },
            {
                "delta": 36724,
                "node": "28",
                "reporter": "12"
            },
            {
                "delta": 36728,
                "node": "6",
                "reporter": "25"
            },
            {
                "delta": 36728,
                "node": "19",
                "reporter": "25"
            },
            {
                "delta": 36728,
                "node": "2",
                "reporter": "25"
            },
            {
                "delta": 36728,
                "node": "26",
                "reporter": "25"
            },
            {
                "delta": 36728,
                "node": "3",
                "reporter": "25"
            },
            {
                "delta": 36774,
                "node": "6",
                "reporter": "4"
            },
            {
                "delta": 36775,
                "node": "19",
                "reporter": "4"
            },
            {
                "delta": 36775,
                "node": "2",
                "reporter": "4"
            },
            {
                "delta": 36775,
                "node": "26",
                "reporter": "4"
            },
            {
                "delta": 36775,
                "node": "3",
                "reporter": "4"
            },
            {
                "delta": 36824,
                "node": "23",
                "reporter": "5"
            },
            {
                "delta": 36824,
                "node": "1",
                "reporter": "5"
            },
            {
                "delta": 36824,
                "node": "24",
                "reporter": "5"
            },
            {
                "delta": 36824,
                "node": "27",
                "reporter": "5"
            },
            {
                "delta": 36840,
                "node": "30",
                "reporter": "29"
            },
            {
                "delta": 36840,
                "node": "11",
                "reporter": "29"
            },
            {
                "delta": 36861,
                "node": "6",
                "reporter": "8"
            },
            {
                "delta": 36861,
                "node": "19",
                "reporter": "8"
            },
            {
                "delta": 36861,
                "node": "23",
                "reporter": "8"
            },
            {
                "delta": 36861,
                "node": "2",
                "reporter": "8"
            },
            {
                "delta": 36861,
                "node": "26",
                "reporter": "8"
            },
            {
                "delta": 36861,
                "node": "17",
                "reporter": "8"
            },
            {
                "delta": 36861,
                "node": "13",
                "reporter": "8"
            },
            {
                "delta": 36861,
                "node": "27",
                "reporter": "8"
            },
            {
                "delta": 36861,
                "node": "28",
                "reporter": "8"
            },
            {
                "delta": 36887,
                "node": "11",
                "reporter": "5"
            },
            {
                "delta": 36916,
                "node": "30",
                "reporter": "18"
            },
            {
                "delta": 36916,
                "node": "11",
                "reporter": "18"
            },
            {
                "delta": 36916,
                "node": "3",
                "reporter": "8"
            },
            {
                "delta": 36924,
                "node": "30",
                "reporter": "12"
            },
            {
                "delta": 36924,
                "node": "11",
                "reporter": "12"
            },
            {
                "delta": 36955,
                "node": "6",
                "reporter": "18"
            },
            {
                "delta": 36955,
                "node": "19",
                "reporter": "18"
            },
            {
                "delta": 36955,
                "node": "23",
                "reporter": "18"
            },
            {
                "delta": 36956,
                "node": "2",
                "reporter": "18"
            },
            {
                "delta": 36956,
                "node": "26",
                "reporter": "18"
            },
            {
                "delta": 36956,
                "node": "17",
                "reporter": "18"
            },
            {
                "delta": 36958,
                "node": "13",
                "reporter": "18"
            },
            {
                "delta": 36958,
                "node": "28",
                "reporter": "18"
            },
            {
                "delta": 36978,
                "node": "20",
                "reporter": "25"
            },
            {
                "delta": 36978,
                "node": "30",
                "reporter": "25"
            },
            {
                "delta": 36978,
                "node": "10",
                "reporter": "25"
            },
            {
                "delta": 36978,
                "node": "11",
                "reporter": "25"
            },
            {
                "delta": 36990,
                "node": "20",
                "reporter": "8"
            },
            {
                "delta": 36990,
                "node": "10",
                "reporter": "8"
            },
            {
                "delta": 37035,
                "node": "7",
                "reporter": "16"
            },
            {
                "delta": 37041,
                "node": "1",
                "reporter": "8"
            },
            {
                "delta": 37041,
                "node": "24",
                "reporter": "8"
            },
            {
                "delta": 37041,
                "node": "15",
                "reporter": "8"
            },
            {
                "delta": 37041,
                "node": "21",
                "reporter": "8"
            },
            {
                "delta": 37041,
                "node": "9",
                "reporter": "8"
            },
            {
                "delta": 37165,
                "node": "6",
                "reporter": "5"
            },
            {
                "delta": 37165,
                "node": "19",
                "reporter": "5"
            },
            {
                "delta": 37165,
                "node": "2",
                "reporter": "5"
            },
            {
                "delta": 37165,
                "node": "20",
                "reporter": "5"
            },
            {
                "delta": 37165,
                "node": "26",
                "reporter": "5"
            },
            {
                "delta": 37165,
                "node": "17",
                "reporter": "5"
            },
            {
                "delta": 37165,
                "node": "13",
                "reporter": "5"
            },
            {
                "delta": 37218,
                "node": "1",
                "reporter": "22"
            },
            {
                "delta": 37219,
                "node": "24",
                "reporter": "22"
            },
            {
                "delta": 37219,
                "node": "2",
                "reporter": "22"
            },
            {
                "delta": 37219,
                "node": "20",
                "reporter": "22"
            },
            {
                "delta": 37219,
                "node": "15",
                "reporter": "22"
            },
            {
                "delta": 37219,
                "node": "26",
                "reporter": "22"
            },
            {
                "delta": 37219,
                "node": "17",
                "reporter": "22"
            },
            {
                "delta": 37219,
                "node": "30",
                "reporter": "22"
            },
            {
                "delta": 37219,
                "node": "13",
                "reporter": "22"
            },
            {
                "delta": 37219,
                "node": "21",
                "reporter": "22"
            },
            {
                "delta": 37294,
                "node": "28",
                "reporter": "22"
            },
            {
                "delta": 37294,
                "node": "10",
                "reporter": "22"
            },
            {
                "delta": 37294,
                "node": "11",
                "reporter": "22"
            },
            {
                "delta": 37294,
                "node": "9",
                "reporter": "22"
            },
            {
                "delta": 37324,
                "node": "7",
                "reporter": "12"
            },
            {
                "delta": 37336,
                "node": "17",
                "reporter": "16"
            },
            {
                "delta": 37336,
                "node": "30",
                "reporter": "16"
            },
            {
                "delta": 37336,
                "node": "13",
                "reporter": "16"
            },
            {
                "delta": 37336,
                "node": "11",
                "reporter": "16"
            },
            {
                "delta": 37404,
                "node": "20",
                "reporter": "12"
            },
            {
                "delta": 37404,
                "node": "10",
                "reporter": "12"
            },
            {
                "delta": 37505,
                "node": "1",
                "reporter": "12"
            },
            {
                "delta": 37505,
                "node": "24",
                "reporter": "12"
            },
            {
                "delta": 37505,
                "node": "15",
                "reporter": "12"
            },
            {
                "delta": 37505,
                "node": "21",
                "reporter": "12"
            },
            {
                "delta": 37505,
                "node": "9",
                "reporter": "12"
            },
            {
                "delta": 37520,
                "node": "7",
                "reporter": "8"
            },
            {
                "delta": 37536,
                "node": "6",
                "reporter": "14"
            },
            {
                "delta": 37536,
                "node": "19",
                "reporter": "14"
            },
            {
                "delta": 37536,
                "node": "2",
                "reporter": "14"
            },
            {
                "delta": 37537,
                "node": "20",
                "reporter": "14"
            },
            {
                "delta": 37537,
                "node": "15",
                "reporter": "14"
            },
            {
                "delta": 37537,
                "node": "26",
                "reporter": "14"
            },
            {
                "delta": 37537,
                "node": "17",
                "reporter": "14"
            },
            {
                "delta": 37537,
                "node": "13",
                "reporter": "14"
            },
            {
                "delta": 37537,
                "node": "21",
                "reporter": "14"
            },
            {
                "delta": 37537,
                "node": "28",
                "reporter": "14"
            },
            {
                "delta": 37583,
                "node": "7",
                "reporter": "5"
            },
            {
                "delta": 37596,
                "node": "1",
                "reporter": "16"
            },
            {
                "delta": 37596,
                "node": "24",
                "reporter": "16"
            },
            {
                "delta": 37596,
                "node": "20",
                "reporter": "16"
            },
            {
                "delta": 37596,
                "node": "15",
                "reporter": "16"
            },
            {
                "delta": 37596,
                "node": "21",
                "reporter": "16"
            },
            {
                "delta": 37596,
                "node": "10",
                "reporter": "16"
            },
            {
                "delta": 37596,
                "node": "9",
                "reporter": "16"
            },
            {
                "delta": 37628,
                "node": "1",
                "reporter": "25"
            },
            {
                "delta": 37628,
                "node": "24",
                "reporter": "25"
            },
            {
                "delta": 37683,
                "node": "10",
                "reporter": "14"
            },
            {
                "delta": 37683,
                "node": "3",
                "reporter": "14"
            },
            {
                "delta": 37683,
                "node": "9",
                "reporter": "14"
            },
            {
                "delta": 37767,
                "node": "7",
                "reporter": "22"
            },
            {
                "delta": 37829,
                "node": "6",
                "reporter": "29"
            },
            {
                "delta": 37829,
                "node": "19",
                "reporter": "29"
            },
            {
                "delta": 37829,
                "node": "2",
                "reporter": "29"
            },
            {
                "delta": 37830,
                "node": "20",
                "reporter": "29"
            },
            {
                "delta": 37830,
                "node": "26",
                "reporter": "29"
            },
            {
                "delta": 37830,
                "node": "17",
                "reporter": "29"
            },
            {
                "delta": 37830,
                "node": "13",
                "reporter": "29"
            },
            {
                "delta": 37830,
                "node": "28",
                "reporter": "29"
            },
            {
                "delta": 37830,
                "node": "10",
                "reporter": "29"
            },
            {
                "delta": 37831,
                "node": "3",
                "reporter": "29"
            },
            {
                "delta": 38016,
                "node": "1",
                "reporter": "18"
            },
            {
                "delta": 38016,
                "node": "24",
                "reporter": "18"
            },
            {
                "delta": 38016,
                "node": "15",
                "reporter": "18"
            },
            {
                "delta": 38016,
                "node": "7",
                "reporter": "18"
            },
            {
                "delta": 38016,
                "node": "21",
                "reporter": "18"
            },
            {
                "delta": 38016,
                "node": "9",
                "reporter": "18"
            },
            {
                "delta": 38058,
                "node": "15",
                "reporter": "29"
            },
            {
                "delta": 38058,
                "node": "7",
                "reporter": "29"
            },
            {
                "delta": 38058,
                "node": "21",
                "reporter": "29"
            },
            {
                "delta": 38058,
                "node": "9",
                "reporter": "29"
            },
            {
                "delta": 38171,
                "node": "1",
                "reporter": "4"
            },
            {
                "delta": 38172,
                "node": "20",
                "reporter": "4"
            },
            {
                "delta": 38172,
                "node": "24",
                "reporter": "4"
            },
            {
                "delta": 38172,
                "node": "15",
                "reporter": "4"
            },
            {
                "delta": 38172,
                "node": "17",
                "reporter": "4"
            },
            {
                "delta": 38172,
                "node": "30",
                "reporter": "4"
            },
            {
                "delta": 38172,
                "node": "13",
                "reporter": "4"
            },
            {
                "delta": 38172,
                "node": "21",
                "reporter": "4"
            },
            {
                "delta": 38172,
                "node": "10",
                "reporter": "4"
            },
            {
                "delta": 38172,
                "node": "11",
                "reporter": "4"
            },
            {
                "delta": 38360,
                "node": "9",
                "reporter": "4"
            },
            {
                "delta": 38408,
                "node": "15",
                "reporter": "25"
            },
            {
                "delta": 38408,
                "node": "7",
                "reporter": "25"
            },
            {
                "delta": 38408,
                "node": "21",
                "reporter": "25"
            },
            {
                "delta": 38408,
                "node": "9",
                "reporter": "25"
            },
            {
                "delta": 38546,
                "node": "7",
                "reporter": "14"
            }
        ]
    }
}