
{
    "id": "00329",
    "seed": 42,
    "repetition": 0,
    "settings": {
        "simulate_catastrophe": true,
        "number_of_nodes": 30,
        "duration": 120000,
        "gossip_delta": 200,
        "failure_delta": 2600,
        "miss_delta": 2600,
        "push_pull": true,
        "pick_strategy": 2,
        "enable_multicast": true,
        "multicast_parameter": 1.0,
        "multicast_max_wait": 5200,
        "expected_first_multicast": 866
    },
    "result": {
        "start_time": 1500756422146,
        "end_time": 1500756542157,
        "expected_crashes": [
            {
                "delta": 31130,
                "node": "27"
            },
            {
                "delta": 31130,
                "node": "13"
            },
            {
                "delta": 31130,
                "node": "10"
            },
            {
                "delta": 31130,
                "node": "21"
            },
            {
                "delta": 31130,
                "node": "30"
            },
            {
                "delta": 31130,
                "node": "3"
            },
            {
                "delta": 31130,
                "node": "28"
            },
            {
                "delta": 31130,
                "node": "6"
            },
            {
                "delta": 31130,
                "node": "24"
            },
            {
                "delta": 31130,
                "node": "9"
            },
            {
                "delta": 31130,
                "node": "19"
            },
            {
                "delta": 31130,
                "node": "7"
            },
            {
                "delta": 31130,
                "node": "23"
            },
            {
                "delta": 31130,
                "node": "26"
            },
            {
                "delta": 31130,
                "node": "15"
            },
            {
                "delta": 31130,
                "node": "2"
            },
            {
                "delta": 31130,
                "node": "17"
            },
            {
                "delta": 31130,
                "node": "1"
            },
            {
                "delta": 31130,
                "node": "20"
            },
            {
                "delta": 31130,
                "node": "11"
            }
        ],
        "reported_crashes": [
            {
                "delta": 36157,
                "node": "6",
                "reporter": "22"
            },
            {
                "delta": 36176,
                "node": "13",
                "reporter": "12"
            },
            {
                "delta": 36271,
                "node": "6",
                "reporter": "8"
            },
            {
                "delta": 36290,
                "node": "2",
                "reporter": "22"
            },
            {
                "delta": 36290,
                "node": "9",
                "reporter": "22"
            },
            {
                "delta": 36310,
                "node": "6",
                "reporter": "25"
            },
            {
                "delta": 36316,
                "node": "7",
                "reporter": "16"
            },
            {
                "delta": 36335,
                "node": "9",
                "reporter": "29"
            },
            {
                "delta": 36397,
                "node": "24",
                "reporter": "12"
            },
            {
                "delta": 36397,
                "node": "15",
                "reporter": "12"
            },
            {
                "delta": 36416,
                "node": "3",
                "reporter": "12"
            },
            {
                "delta": 36430,
                "node": "19",
                "reporter": "25"
            },
            {
                "delta": 36430,
                "node": "30",
                "reporter": "25"
            },
            {
                "delta": 36430,
                "node": "13",
                "reporter": "25"
            },
            {
                "delta": 36436,
                "node": "26",
                "reporter": "12"
            },
            {
                "delta": 36544,
                "node": "23",
                "reporter": "29"
            },
            {
                "delta": 36545,
                "node": "30",
                "reporter": "29"
            },
            {
                "delta": 36545,
                "node": "13",
                "reporter": "29"
            },
            {
                "delta": 36554,
                "node": "24",
                "reporter": "5"
            },
            {
                "delta": 36554,
                "node": "15",
                "reporter": "5"
            },
            {
                "delta": 36555,
                "node": "26",
                "reporter": "5"
            },
            {
                "delta": 36555,
                "node": "13",
                "reporter": "5"
            },
            {
                "delta": 36555,
                "node": "3",
                "reporter": "5"
            },
            {
                "delta": 36557,
                "node": "19",
                "reporter": "18"
            },
            {
                "delta": 36557,
                "node": "30",
                "reporter": "18"
            },
            {
                "delta": 36557,
                "node": "13",
                "reporter": "18"
            },
            {
                "delta": 36567,
                "node": "20",
                "reporter": "14"
            },
            {
                "delta": 36567,
                "node": "17",
                "reporter": "14"
            },
            {
                "delta": 36597,
                "node": "24",
                "reporter": "16"
            },
            {
                "delta": 36597,
                "node": "7",
                "reporter": "12"
            },
            {
                "delta": 36597,
                "node": "1",
                "reporter": "12"
            },
            {
                "delta": 36597,
                "node": "11",
                "reporter": "12"
            },
            {
                "delta": 36597,
                "node": "15",
                "reporter": "16"
            },
            {
                "delta": 36597,
                "node": "26",
                "reporter": "16"
            },
            {
                "delta": 36597,
                "node": "13",
                "reporter": "16"
            },
            {
                "delta": 36597,
                "node": "3",
                "reporter": "16"
            },
            {
                "delta": 36647,
                "node": "24",
                "reporter": "18"
            },
            {
                "delta": 36647,
                "node": "15",
                "reporter": "18"
            },
            {
                "delta": 36647,
                "node": "21",
                "reporter": "18"
            },
            {
                "delta": 36647,
                "node": "11",
                "reporter": "18"
            },
            {
                "delta": 36647,
                "node": "23",
                "reporter": "22"
            },
            {
                "delta": 36648,
                "node": "30",
                "reporter": "22"
            },
            {
                "delta": 36648,
                "node": "13",
                "reporter": "22"
            },
            {
                "delta": 36725,
                "node": "24",
                "reporter": "29"
            },
            {
                "delta": 36725,
                "node": "15",
                "reporter": "29"
            },
            {
                "delta": 36725,
                "node": "27",
                "reporter": "29"
            },
            {
                "delta": 36725,
                "node": "10",
                "reporter": "29"
            },
            {
                "delta": 36726,
                "node": "3",
                "reporter": "29"
            },
            {
                "delta": 36726,
                "node": "19",
                "reporter": "29"
            },
            {
                "delta": 36734,
                "node": "23",
                "reporter": "5"
            },
            {
                "delta": 36735,
                "node": "30",
                "reporter": "5"
            },
            {
                "delta": 36735,
                "node": "9",
                "reporter": "5"
            },
            {
                "delta": 36751,
                "node": "19",
                "reporter": "4"
            },
            {
                "delta": 36751,
                "node": "30",
                "reporter": "4"
            },
            {
                "delta": 36751,
                "node": "13",
                "reporter": "4"
            },
            {
                "delta": 36778,
                "node": "24",
                "reporter": "14"
            },
            {
                "delta": 36778,
                "node": "15",
                "reporter": "14"
            },
            {
                "delta": 36778,
                "node": "26",
                "reporter": "14"
            },
            {
                "delta": 36778,
                "node": "13",
                "reporter": "14"
            },
            {
                "delta": 36778,
                "node": "28",
                "reporter": "14"
            },
            {
                "delta": 36778,
                "node": "3",
                "reporter": "14"
            },
            {
                "delta": 36797,
                "node": "23",
                "reporter": "18"
            },
            {
                "delta": 36797,
                "node": "27",
                "reporter": "18"
            },
            {
                "delta": 36797,
                "node": "10",
                "reporter": "18"
            },
            {
                "delta": 36797,
                "node": "3",
                "reporter": "18"
            },
            {
                "delta": 36797,
                "node": "9",
                "reporter": "18"
            },
            {
                "delta": 36809,
                "node": "24",
                "reporter": "25"
            },
            {
                "delta": 36810,
                "node": "15",
                "reporter": "25"
            },
            {
                "delta": 36810,
                "node": "21",
                "reporter": "25"
            },
            {
                "delta": 36810,
                "node": "11",
                "reporter": "25"
            },
            {
                "delta": 36825,
                "node": "6",
                "reporter": "29"
            },
            {
                "delta": 36825,
                "node": "2",
                "reporter": "29"
            },
            {
                "delta": 36855,
                "node": "7",
                "reporter": "5"
            },
            {
                "delta": 36866,
                "node": "23",
                "reporter": "16"
            },
            {
                "delta": 36866,
                "node": "30",
                "reporter": "16"
            },
            {
                "delta": 36866,
                "node": "9",
                "reporter": "16"
            },
            {
                "delta": 36887,
                "node": "6",
                "reporter": "14"
            },
            {
                "delta": 36887,
                "node": "19",
                "reporter": "14"
            },
            {
                "delta": 36887,
                "node": "30",
                "reporter": "14"
            },
            {
                "delta": 36891,
                "node": "20",
                "reporter": "25"
            },
            {
                "delta": 36891,
                "node": "26",
                "reporter": "25"
            },
            {
                "delta": 36891,
                "node": "17",
                "reporter": "25"
            },
            {
                "delta": 36891,
                "node": "28",
                "reporter": "25"
            },
            {
                "delta": 36891,
                "node": "3",
                "reporter": "25"
            },
            {
                "delta": 36953,
                "node": "23",
                "reporter": "4"
            },
            {
                "delta": 36953,
                "node": "24",
                "reporter": "4"
            },
            {
                "delta": 36954,
                "node": "15",
                "reporter": "4"
            },
            {
                "delta": 36954,
                "node": "27",
                "reporter": "4"
            },
            {
                "delta": 36954,
                "node": "10",
                "reporter": "4"
            },
            {
                "delta": 36954,
                "node": "3",
                "reporter": "4"
            },
            {
                "delta": 36954,
                "node": "9",
                "reporter": "4"
            },
            {
                "delta": 36956,
                "node": "6",
                "reporter": "18"
            },
            {
                "delta": 37056,
                "node": "23",
                "reporter": "12"
            },
            {
                "delta": 37056,
                "node": "30",
                "reporter": "12"
            },
            {
                "delta": 37056,
                "node": "9",
                "reporter": "12"
            },
            {
                "delta": 37175,
                "node": "1",
                "reporter": "5"
            },
            {
                "delta": 37175,
                "node": "11",
                "reporter": "5"
            },
            {
                "delta": 37238,
                "node": "19",
                "reporter": "22"
            },
            {
                "delta": 37238,
                "node": "24",
                "reporter": "22"
            },
            {
                "delta": 37238,
                "node": "20",
                "reporter": "22"
            },
            {
                "delta": 37238,
                "node": "15",
                "reporter": "22"
            },
            {
                "delta": 37238,
                "node": "26",
                "reporter": "22"
            },
            {
                "delta": 37238,
                "node": "17",
                "reporter": "22"
            },
            {
                "delta": 37238,
                "node": "21",
                "reporter": "22"
            },
            {
                "delta": 37239,
                "node": "28",
                "reporter": "22"
            },
            {
                "delta": 37239,
                "node": "3",
                "reporter": "22"
            },
            {
                "delta": 37239,
                "node": "11",
                "reporter": "22"
            },
            {
                "delta": 37241,
                "node": "23",
                "reporter": "25"
            },
            {
                "delta": 37241,
                "node": "2",
                "reporter": "25"
            },
            {
                "delta": 37241,
                "node": "9",
                "reporter": "25"
            },
            {
                "delta": 37271,
                "node": "26",
                "reporter": "4"
            },
            {
                "delta": 37271,
                "node": "7",
                "reporter": "4"
            },
            {
                "delta": 37286,
                "node": "19",
                "reporter": "16"
            },
            {
                "delta": 37286,
                "node": "27",
                "reporter": "16"
            },
            {
                "delta": 37286,
                "node": "10",
                "reporter": "16"
            },
            {
                "delta": 37368,
                "node": "7",
                "reporter": "22"
            },
            {
                "delta": 37368,
                "node": "27",
                "reporter": "22"
            },
            {
                "delta": 37368,
                "node": "10",
                "reporter": "22"
            },
            {
                "delta": 37376,
                "node": "6",
                "reporter": "16"
            },
            {
                "delta": 37376,
                "node": "2",
                "reporter": "16"
            },
            {
                "delta": 37377,
                "node": "20",
                "reporter": "16"
            },
            {
                "delta": 37377,
                "node": "17",
                "reporter": "16"
            },
            {
                "delta": 37377,
                "node": "21",
                "reporter": "16"
            },
            {
                "delta": 37377,
                "node": "28",
                "reporter": "16"
            },
            {
                "delta": 37377,
                "node": "11",
                "reporter": "16"
            },
            {
                "delta": 37400,
                "node": "7",
                "reporter": "25"
            },
            {
                "delta": 37400,
                "node": "27",
                "reporter": "25"
            },
            {
                "delta": 37400,
                "node": "10",
                "reporter": "25"
            },
            {
                "delta": 37417,
                "node": "26",
                "reporter": "18"
            },
            {
                "delta": 37417,
                "node": "7",
                "reporter": "18"
            },
            {
                "delta": 37508,
                "node": "23",
                "reporter": "14"
            },
            {
                "delta": 37508,
                "node": "1",
                "reporter": "14"
            },
            {
                "delta": 37508,
                "node": "7",
                "reporter": "14"
            },
            {
                "delta": 37508,
                "node": "11",
                "reporter": "14"
            },
            {
                "delta": 37508,
                "node": "9",
                "reporter": "14"
            },
            {
                "delta": 37601,
                "node": "6",
                "reporter": "4"
            },
            {
                "delta": 37601,
                "node": "21",
                "reporter": "4"
            },
            {
                "delta": 37601,
                "node": "11",
                "reporter": "4"
            },
            {
                "delta": 37604,
                "node": "19",
                "reporter": "8"
            },
            {
                "delta": 37604,
                "node": "23",
                "reporter": "8"
            },
            {
                "delta": 37604,
                "node": "24",
                "reporter": "8"
            },
            {
                "delta": 37604,
                "node": "2",
                "reporter": "8"
            },
            {
                "delta": 37604,
                "node": "15",
                "reporter": "8"
            },
            {
                "delta": 37604,
                "node": "30",
                "reporter": "8"
            },
            {
                "delta": 37604,
                "node": "13",
                "reporter": "8"
            },
            {
                "delta": 37604,
                "node": "27",
                "reporter": "8"
            },
            {
                "delta": 37604,
                "node": "10",
                "reporter": "8"
            },
            {
                "delta": 37604,
                "node": "3",
                "reporter": "8"
            },
            {
                "delta": 37621,
                "node": "2",
                "reporter": "4"
            },
            {
                "delta": 37621,
                "node": "20",
                "reporter": "4"
            },
            {
                "delta": 37621,
                "node": "17",
                "reporter": "4"
            },
            {
                "delta": 37621,
                "node": "28",
                "reporter": "4"
            },
            {
                "delta": 37625,
                "node": "6",
                "reporter": "5"
            },
            {
                "delta": 37625,
                "node": "19",
                "reporter": "5"
            },
            {
                "delta": 37625,
                "node": "20",
                "reporter": "5"
            },
            {
                "delta": 37625,
                "node": "17",
                "reporter": "5"
            },
            {
                "delta": 37625,
                "node": "28",
                "reporter": "5"
            },
            {
                "delta": 37678,
                "node": "9",
                "reporter": "8"
            },
            {
                "delta": 37831,
                "node": "1",
                "reporter": "4"
            },
            {
                "delta": 37835,
                "node": "2",
                "reporter": "5"
            },
            {
                "delta": 37835,
                "node": "21",
                "reporter": "5"
            },
            {
                "delta": 37835,
                "node": "27",
                "reporter": "5"
            },
            {
                "delta": 37835,
                "node": "10",
                "reporter": "5"
            },
            {
                "delta": 37892,
                "node": "20",
                "reporter": "8"
            },
            {
                "delta": 37892,
                "node": "26",
                "reporter": "8"
            },
            {
                "delta": 37892,
                "node": "17",
                "reporter": "8"
            },
            {
                "delta": 37892,
                "node": "7",
                "reporter": "8"
            },
            {
                "delta": 37892,
                "node": "21",
                "reporter": "8"
            },
            {
                "delta": 37892,
                "node": "28",
                "reporter": "8"
            },
            {
                "delta": 37892,
                "node": "11",
                "reporter": "8"
            },
            {
                "delta": 37949,
                "node": "1",
                "reporter": "25"
            },
            {
                "delta": 38047,
                "node": "1",
                "reporter": "18"
            },
            {
                "delta": 38047,
                "node": "2",
                "reporter": "18"
            },
            {
                "delta": 38047,
                "node": "20",
                "reporter": "18"
            },
            {
                "delta": 38047,
                "node": "17",
                "reporter": "18"
            },
            {
                "delta": 38047,
                "node": "28",
                "reporter": "18"
            },
            {
                "delta": 38066,
                "node": "1",
                "reporter": "16"
            },
            {
                "delta": 38073,
                "node": "6",
                "reporter": "12"
            },
            {
                "delta": 38073,
                "node": "19",
                "reporter": "12"
            },
            {
                "delta": 38073,
                "node": "2",
                "reporter": "12"
            },
            {
                "delta": 38073,
                "node": "20",
                "reporter": "12"
            },
            {
                "delta": 38073,
                "node": "17",
                "reporter": "12"
            },
            {
                "delta": 38073,
                "node": "21",
                "reporter": "12"
            },
            {
                "delta": 38073,
                "node": "27",
                "reporter": "12"
            },
            {
                "delta": 38073,
                "node": "28",
                "reporter": "12"
            },
            {
                "delta": 38073,
                "node": "10",
                "reporter": "12"
            },
            {
                "delta": 38107,
                "node": "2",
                "reporter": "14"
            },
            {
                "delta": 38108,
                "node": "21",
                "reporter": "14"
            },
            {
                "delta": 38108,
                "node": "27",
                "reporter": "14"
            },
            {
                "delta": 38108,
                "node": "10",
                "reporter": "14"
            },
            {
                "delta": 38121,
                "node": "1",
                "reporter": "8"
            },
            {
                "delta": 38195,
                "node": "1",
                "reporter": "29"
            },
            {
                "delta": 38195,
                "node": "20",
                "reporter": "29"
            },
            {
                "delta": 38195,
                "node": "26",
                "reporter": "29"
            },
            {
                "delta": 38195,
                "node": "17",
                "reporter": "29"
            },
            {
                "delta": 38195,
                "node": "7",
                "reporter": "29"
            },
            {
                "delta": 38196,
                "node": "21",
                "reporter": "29"
            },
            {
                "delta": 38196,
                "node": "28",
                "reporter": "29"
            },
            {
                "delta": 38196,
                "node": "11",
                "reporter": "29"
            },
            {
                "delta": 39347,
                "node": "1",
                "reporter": "22"
            }
        ]
    }
}