
{
    "id": "00327",
    "seed": 42,
    "repetition": 0,
    "settings": {
        "simulate_catastrophe": true,
        "number_of_nodes": 30,
        "duration": 120000,
        "gossip_delta": 200,
        "failure_delta": 2600,
        "miss_delta": 2600,
        "push_pull": true,
        "pick_strategy": 2,
        "enable_multicast": true,
        "multicast_parameter": 1.0,
        "multicast_max_wait": 2600,
        "expected_first_multicast": 866
    },
    "result": {
        "start_time": 1500756172086,
        "end_time": 1500756292097,
        "expected_crashes": [
            {
                "delta": 31130,
                "node": "27"
            },
            {
                "delta": 31130,
                "node": "13"
            },
            {
                "delta": 31130,
                "node": "10"
            },
            {
                "delta": 31130,
                "node": "21"
            },
            {
                "delta": 31130,
                "node": "30"
            },
            {
                "delta": 31130,
                "node": "3"
            },
            {
                "delta": 31130,
                "node": "28"
            },
            {
                "delta": 31130,
                "node": "6"
            },
            {
                "delta": 31130,
                "node": "24"
            },
            {
                "delta": 31130,
                "node": "9"
            },
            {
                "delta": 31130,
                "node": "19"
            },
            {
                "delta": 31130,
                "node": "7"
            },
            {
                "delta": 31130,
                "node": "23"
            },
            {
                "delta": 31130,
                "node": "26"
            },
            {
                "delta": 31130,
                "node": "15"
            },
            {
                "delta": 31130,
                "node": "2"
            },
            {
                "delta": 31130,
                "node": "17"
            },
            {
                "delta": 31130,
                "node": "1"
            },
            {
                "delta": 31130,
                "node": "20"
            },
            {
                "delta": 31130,
                "node": "11"
            }
        ],
        "reported_crashes": [
            {
                "delta": 36181,
                "node": "7",
                "reporter": "8"
            },
            {
                "delta": 36181,
                "node": "21",
                "reporter": "8"
            },
            {
                "delta": 36196,
                "node": "1",
                "reporter": "16"
            },
            {
                "delta": 36204,
                "node": "23",
                "reporter": "29"
            },
            {
                "delta": 36206,
                "node": "7",
                "reporter": "16"
            },
            {
                "delta": 36206,
                "node": "21",
                "reporter": "16"
            },
            {
                "delta": 36207,
                "node": "23",
                "reporter": "14"
            },
            {
                "delta": 36237,
                "node": "26",
                "reporter": "18"
            },
            {
                "delta": 36238,
                "node": "27",
                "reporter": "22"
            },
            {
                "delta": 36276,
                "node": "27",
                "reporter": "16"
            },
            {
                "delta": 36299,
                "node": "6",
                "reporter": "25"
            },
            {
                "delta": 36327,
                "node": "30",
                "reporter": "14"
            },
            {
                "delta": 36337,
                "node": "1",
                "reporter": "22"
            },
            {
                "delta": 36337,
                "node": "7",
                "reporter": "22"
            },
            {
                "delta": 36337,
                "node": "21",
                "reporter": "22"
            },
            {
                "delta": 36351,
                "node": "30",
                "reporter": "8"
            },
            {
                "delta": 36351,
                "node": "3",
                "reporter": "8"
            },
            {
                "delta": 36378,
                "node": "2",
                "reporter": "22"
            },
            {
                "delta": 36394,
                "node": "10",
                "reporter": "29"
            },
            {
                "delta": 36416,
                "node": "11",
                "reporter": "16"
            },
            {
                "delta": 36421,
                "node": "23",
                "reporter": "4"
            },
            {
                "delta": 36424,
                "node": "24",
                "reporter": "29"
            },
            {
                "delta": 36424,
                "node": "7",
                "reporter": "29"
            },
            {
                "delta": 36424,
                "node": "21",
                "reporter": "29"
            },
            {
                "delta": 36426,
                "node": "17",
                "reporter": "18"
            },
            {
                "delta": 36439,
                "node": "17",
                "reporter": "25"
            },
            {
                "delta": 36439,
                "node": "7",
                "reporter": "25"
            },
            {
                "delta": 36439,
                "node": "13",
                "reporter": "25"
            },
            {
                "delta": 36439,
                "node": "21",
                "reporter": "25"
            },
            {
                "delta": 36487,
                "node": "15",
                "reporter": "22"
            },
            {
                "delta": 36487,
                "node": "9",
                "reporter": "22"
            },
            {
                "delta": 36506,
                "node": "7",
                "reporter": "12"
            },
            {
                "delta": 36506,
                "node": "13",
                "reporter": "12"
            },
            {
                "delta": 36506,
                "node": "21",
                "reporter": "12"
            },
            {
                "delta": 36516,
                "node": "15",
                "reporter": "14"
            },
            {
                "delta": 36516,
                "node": "9",
                "reporter": "14"
            },
            {
                "delta": 36517,
                "node": "30",
                "reporter": "18"
            },
            {
                "delta": 36517,
                "node": "7",
                "reporter": "18"
            },
            {
                "delta": 36517,
                "node": "21",
                "reporter": "18"
            },
            {
                "delta": 36517,
                "node": "3",
                "reporter": "18"
            },
            {
                "delta": 36535,
                "node": "1",
                "reporter": "5"
            },
            {
                "delta": 36535,
                "node": "7",
                "reporter": "5"
            },
            {
                "delta": 36535,
                "node": "21",
                "reporter": "5"
            },
            {
                "delta": 36535,
                "node": "27",
                "reporter": "5"
            },
            {
                "delta": 36566,
                "node": "23",
                "reporter": "18"
            },
            {
                "delta": 36584,
                "node": "20",
                "reporter": "29"
            },
            {
                "delta": 36596,
                "node": "19",
                "reporter": "18"
            },
            {
                "delta": 36596,
                "node": "27",
                "reporter": "18"
            },
            {
                "delta": 36626,
                "node": "6",
                "reporter": "18"
            },
            {
                "delta": 36626,
                "node": "13",
                "reporter": "18"
            },
            {
                "delta": 36649,
                "node": "19",
                "reporter": "25"
            },
            {
                "delta": 36649,
                "node": "23",
                "reporter": "25"
            },
            {
                "delta": 36649,
                "node": "26",
                "reporter": "25"
            },
            {
                "delta": 36649,
                "node": "30",
                "reporter": "25"
            },
            {
                "delta": 36650,
                "node": "27",
                "reporter": "25"
            },
            {
                "delta": 36650,
                "node": "3",
                "reporter": "25"
            },
            {
                "delta": 36695,
                "node": "23",
                "reporter": "5"
            },
            {
                "delta": 36695,
                "node": "24",
                "reporter": "5"
            },
            {
                "delta": 36695,
                "node": "10",
                "reporter": "5"
            },
            {
                "delta": 36737,
                "node": "1",
                "reporter": "14"
            },
            {
                "delta": 36737,
                "node": "2",
                "reporter": "14"
            },
            {
                "delta": 36737,
                "node": "21",
                "reporter": "14"
            },
            {
                "delta": 36737,
                "node": "27",
                "reporter": "14"
            },
            {
                "delta": 36737,
                "node": "28",
                "reporter": "14"
            },
            {
                "delta": 36737,
                "node": "7",
                "reporter": "14"
            },
            {
                "delta": 36751,
                "node": "26",
                "reporter": "4"
            },
            {
                "delta": 36751,
                "node": "17",
                "reporter": "4"
            },
            {
                "delta": 36751,
                "node": "30",
                "reporter": "4"
            },
            {
                "delta": 36751,
                "node": "7",
                "reporter": "4"
            },
            {
                "delta": 36751,
                "node": "21",
                "reporter": "4"
            },
            {
                "delta": 36751,
                "node": "3",
                "reporter": "4"
            },
            {
                "delta": 36764,
                "node": "19",
                "reporter": "29"
            },
            {
                "delta": 36764,
                "node": "26",
                "reporter": "29"
            },
            {
                "delta": 36764,
                "node": "17",
                "reporter": "29"
            },
            {
                "delta": 36764,
                "node": "30",
                "reporter": "29"
            },
            {
                "delta": 36766,
                "node": "27",
                "reporter": "29"
            },
            {
                "delta": 36766,
                "node": "3",
                "reporter": "29"
            },
            {
                "delta": 36837,
                "node": "24",
                "reporter": "18"
            },
            {
                "delta": 36837,
                "node": "20",
                "reporter": "18"
            },
            {
                "delta": 36837,
                "node": "10",
                "reporter": "18"
            },
            {
                "delta": 36875,
                "node": "1",
                "reporter": "29"
            },
            {
                "delta": 36875,
                "node": "2",
                "reporter": "29"
            },
            {
                "delta": 36875,
                "node": "15",
                "reporter": "29"
            },
            {
                "delta": 36875,
                "node": "9",
                "reporter": "29"
            },
            {
                "delta": 36889,
                "node": "19",
                "reporter": "22"
            },
            {
                "delta": 36889,
                "node": "23",
                "reporter": "22"
            },
            {
                "delta": 36889,
                "node": "24",
                "reporter": "22"
            },
            {
                "delta": 36889,
                "node": "20",
                "reporter": "22"
            },
            {
                "delta": 36889,
                "node": "26",
                "reporter": "22"
            },
            {
                "delta": 36889,
                "node": "17",
                "reporter": "22"
            },
            {
                "delta": 36889,
                "node": "30",
                "reporter": "22"
            },
            {
                "delta": 36889,
                "node": "10",
                "reporter": "22"
            },
            {
                "delta": 36889,
                "node": "3",
                "reporter": "22"
            },
            {
                "delta": 36889,
                "node": "6",
                "reporter": "22"
            },
            {
                "delta": 36902,
                "node": "6",
                "reporter": "8"
            },
            {
                "delta": 36902,
                "node": "19",
                "reporter": "8"
            },
            {
                "delta": 36903,
                "node": "23",
                "reporter": "8"
            },
            {
                "delta": 36903,
                "node": "1",
                "reporter": "8"
            },
            {
                "delta": 36903,
                "node": "24",
                "reporter": "8"
            },
            {
                "delta": 36903,
                "node": "2",
                "reporter": "8"
            },
            {
                "delta": 36903,
                "node": "20",
                "reporter": "8"
            },
            {
                "delta": 36903,
                "node": "15",
                "reporter": "8"
            },
            {
                "delta": 36903,
                "node": "26",
                "reporter": "8"
            },
            {
                "delta": 36903,
                "node": "17",
                "reporter": "8"
            },
            {
                "delta": 36903,
                "node": "13",
                "reporter": "8"
            },
            {
                "delta": 36903,
                "node": "27",
                "reporter": "8"
            },
            {
                "delta": 36951,
                "node": "1",
                "reporter": "4"
            },
            {
                "delta": 36951,
                "node": "2",
                "reporter": "4"
            },
            {
                "delta": 36951,
                "node": "15",
                "reporter": "4"
            },
            {
                "delta": 36952,
                "node": "27",
                "reporter": "4"
            },
            {
                "delta": 36952,
                "node": "28",
                "reporter": "4"
            },
            {
                "delta": 36952,
                "node": "9",
                "reporter": "4"
            },
            {
                "delta": 36964,
                "node": "13",
                "reporter": "22"
            },
            {
                "delta": 36967,
                "node": "28",
                "reporter": "22"
            },
            {
                "delta": 36978,
                "node": "10",
                "reporter": "8"
            },
            {
                "delta": 36978,
                "node": "9",
                "reporter": "8"
            },
            {
                "delta": 37036,
                "node": "1",
                "reporter": "18"
            },
            {
                "delta": 37036,
                "node": "2",
                "reporter": "18"
            },
            {
                "delta": 37036,
                "node": "15",
                "reporter": "18"
            },
            {
                "delta": 37036,
                "node": "9",
                "reporter": "18"
            },
            {
                "delta": 37056,
                "node": "26",
                "reporter": "14"
            },
            {
                "delta": 37056,
                "node": "17",
                "reporter": "14"
            },
            {
                "delta": 37056,
                "node": "3",
                "reporter": "14"
            },
            {
                "delta": 37067,
                "node": "23",
                "reporter": "12"
            },
            {
                "delta": 37067,
                "node": "1",
                "reporter": "12"
            },
            {
                "delta": 37067,
                "node": "2",
                "reporter": "12"
            },
            {
                "delta": 37067,
                "node": "15",
                "reporter": "12"
            },
            {
                "delta": 37067,
                "node": "26",
                "reporter": "12"
            },
            {
                "delta": 37067,
                "node": "17",
                "reporter": "12"
            },
            {
                "delta": 37067,
                "node": "30",
                "reporter": "12"
            },
            {
                "delta": 37067,
                "node": "27",
                "reporter": "12"
            },
            {
                "delta": 37067,
                "node": "28",
                "reporter": "12"
            },
            {
                "delta": 37067,
                "node": "3",
                "reporter": "12"
            },
            {
                "delta": 37087,
                "node": "13",
                "reporter": "14"
            },
            {
                "delta": 37208,
                "node": "9",
                "reporter": "12"
            },
            {
                "delta": 37330,
                "node": "13",
                "reporter": "4"
            },
            {
                "delta": 37389,
                "node": "1",
                "reporter": "25"
            },
            {
                "delta": 37389,
                "node": "24",
                "reporter": "25"
            },
            {
                "delta": 37389,
                "node": "2",
                "reporter": "25"
            },
            {
                "delta": 37389,
                "node": "20",
                "reporter": "25"
            },
            {
                "delta": 37389,
                "node": "15",
                "reporter": "25"
            },
            {
                "delta": 37390,
                "node": "10",
                "reporter": "25"
            },
            {
                "delta": 37390,
                "node": "9",
                "reporter": "25"
            },
            {
                "delta": 37435,
                "node": "6",
                "reporter": "5"
            },
            {
                "delta": 37435,
                "node": "19",
                "reporter": "5"
            },
            {
                "delta": 37435,
                "node": "2",
                "reporter": "5"
            },
            {
                "delta": 37435,
                "node": "20",
                "reporter": "5"
            },
            {
                "delta": 37435,
                "node": "15",
                "reporter": "5"
            },
            {
                "delta": 37436,
                "node": "26",
                "reporter": "5"
            },
            {
                "delta": 37436,
                "node": "17",
                "reporter": "5"
            },
            {
                "delta": 37436,
                "node": "30",
                "reporter": "5"
            },
            {
                "delta": 37436,
                "node": "13",
                "reporter": "5"
            },
            {
                "delta": 37436,
                "node": "3",
                "reporter": "5"
            },
            {
                "delta": 37466,
                "node": "6",
                "reporter": "16"
            },
            {
                "delta": 37466,
                "node": "19",
                "reporter": "16"
            },
            {
                "delta": 37467,
                "node": "23",
                "reporter": "16"
            },
            {
                "delta": 37467,
                "node": "24",
                "reporter": "16"
            },
            {
                "delta": 37467,
                "node": "2",
                "reporter": "16"
            },
            {
                "delta": 37467,
                "node": "20",
                "reporter": "16"
            },
            {
                "delta": 37467,
                "node": "15",
                "reporter": "16"
            },
            {
                "delta": 37469,
                "node": "26",
                "reporter": "16"
            },
            {
                "delta": 37469,
                "node": "17",
                "reporter": "16"
            },
            {
                "delta": 37469,
                "node": "30",
                "reporter": "16"
            },
            {
                "delta": 37489,
                "node": "13",
                "reporter": "16"
            },
            {
                "delta": 37489,
                "node": "10",
                "reporter": "16"
            },
            {
                "delta": 37489,
                "node": "3",
                "reporter": "16"
            },
            {
                "delta": 37489,
                "node": "9",
                "reporter": "16"
            },
            {
                "delta": 37539,
                "node": "28",
                "reporter": "25"
            },
            {
                "delta": 37616,
                "node": "11",
                "reporter": "18"
            },
            {
                "delta": 37617,
                "node": "9",
                "reporter": "5"
            },
            {
                "delta": 37617,
                "node": "28",
                "reporter": "5"
            },
            {
                "delta": 37624,
                "node": "11",
                "reporter": "5"
            },
            {
                "delta": 37636,
                "node": "28",
                "reporter": "16"
            },
            {
                "delta": 37687,
                "node": "6",
                "reporter": "14"
            },
            {
                "delta": 37687,
                "node": "19",
                "reporter": "14"
            },
            {
                "delta": 37687,
                "node": "24",
                "reporter": "14"
            },
            {
                "delta": 37687,
                "node": "20",
                "reporter": "14"
            },
            {
                "delta": 37687,
                "node": "10",
                "reporter": "14"
            },
            {
                "delta": 37711,
                "node": "6",
                "reporter": "4"
            },
            {
                "delta": 37711,
                "node": "19",
                "reporter": "4"
            },
            {
                "delta": 37711,
                "node": "24",
                "reporter": "4"
            },
            {
                "delta": 37711,
                "node": "20",
                "reporter": "4"
            },
            {
                "delta": 37711,
                "node": "10",
                "reporter": "4"
            },
            {
                "delta": 37816,
                "node": "11",
                "reporter": "14"
            },
            {
                "delta": 37861,
                "node": "28",
                "reporter": "8"
            },
            {
                "delta": 37861,
                "node": "11",
                "reporter": "8"
            },
            {
                "delta": 37956,
                "node": "28",
                "reporter": "18"
            },
            {
                "delta": 37970,
                "node": "11",
                "reporter": "4"
            },
            {
                "delta": 38056,
                "node": "6",
                "reporter": "12"
            },
            {
                "delta": 38056,
                "node": "19",
                "reporter": "12"
            },
            {
                "delta": 38056,
                "node": "24",
                "reporter": "12"
            },
            {
                "delta": 38056,
                "node": "20",
                "reporter": "12"
            },
            {
                "delta": 38056,
                "node": "10",
                "reporter": "12"
            },
            {
                "delta": 38056,
                "node": "11",
                "reporter": "12"
            },
            {
                "delta": 38554,
                "node": "6",
                "reporter": "29"
            },
            {
                "delta": 38554,
                "node": "13",
                "reporter": "29"
            },
            {
                "delta": 38554,
                "node": "28",
                "reporter": "29"
            },
            {
                "delta": 38769,
                "node": "11",
                "reporter": "25"
            },
            {
                "delta": 38774,
                "node": "11",
                "reporter": "29"
            },
            {
                "delta": 38927,
                "node": "11",
                "reporter": "22"
            }
        ]
    }
}