
{
    "id": "00323",
    "seed": 42,
    "repetition": 0,
    "settings": {
        "simulate_catastrophe": true,
        "number_of_nodes": 30,
        "duration": 120000,
        "gossip_delta": 200,
        "failure_delta": 2600,
        "miss_delta": 2600,
        "push_pull": true,
        "pick_strategy": 1,
        "enable_multicast": true,
        "multicast_parameter": 1.0,
        "multicast_max_wait": 2600,
        "expected_first_multicast": 1733
    },
    "result": {
        "start_time": 1500755671966,
        "end_time": 1500755791977,
        "expected_crashes": [
            {
                "delta": 31130,
                "node": "27"
            },
            {
                "delta": 31130,
                "node": "13"
            },
            {
                "delta": 31130,
                "node": "10"
            },
            {
                "delta": 31130,
                "node": "21"
            },
            {
                "delta": 31130,
                "node": "30"
            },
            {
                "delta": 31130,
                "node": "3"
            },
            {
                "delta": 31130,
                "node": "28"
            },
            {
                "delta": 31130,
                "node": "6"
            },
            {
                "delta": 31130,
                "node": "24"
            },
            {
                "delta": 31130,
                "node": "9"
            },
            {
                "delta": 31130,
                "node": "19"
            },
            {
                "delta": 31130,
                "node": "7"
            },
            {
                "delta": 31130,
                "node": "23"
            },
            {
                "delta": 31130,
                "node": "26"
            },
            {
                "delta": 31130,
                "node": "15"
            },
            {
                "delta": 31130,
                "node": "2"
            },
            {
                "delta": 31130,
                "node": "17"
            },
            {
                "delta": 31130,
                "node": "1"
            },
            {
                "delta": 31130,
                "node": "20"
            },
            {
                "delta": 31130,
                "node": "11"
            }
        ],
        "reported_crashes": [
            {
                "delta": 36266,
                "node": "27",
                "reporter": "14"
            },
            {
                "delta": 36267,
                "node": "13",
                "reporter": "25"
            },
            {
                "delta": 36319,
                "node": "27",
                "reporter": "22"
            },
            {
                "delta": 36331,
                "node": "30",
                "reporter": "8"
            },
            {
                "delta": 36331,
                "node": "7",
                "reporter": "8"
            },
            {
                "delta": 36333,
                "node": "6",
                "reporter": "29"
            },
            {
                "delta": 36335,
                "node": "10",
                "reporter": "14"
            },
            {
                "delta": 36335,
                "node": "30",
                "reporter": "16"
            },
            {
                "delta": 36359,
                "node": "6",
                "reporter": "12"
            },
            {
                "delta": 36361,
                "node": "2",
                "reporter": "8"
            },
            {
                "delta": 36361,
                "node": "15",
                "reporter": "8"
            },
            {
                "delta": 36361,
                "node": "11",
                "reporter": "8"
            },
            {
                "delta": 36406,
                "node": "30",
                "reporter": "14"
            },
            {
                "delta": 36406,
                "node": "21",
                "reporter": "14"
            },
            {
                "delta": 36442,
                "node": "3",
                "reporter": "29"
            },
            {
                "delta": 36450,
                "node": "3",
                "reporter": "12"
            },
            {
                "delta": 36454,
                "node": "1",
                "reporter": "5"
            },
            {
                "delta": 36476,
                "node": "19",
                "reporter": "18"
            },
            {
                "delta": 36477,
                "node": "13",
                "reporter": "4"
            },
            {
                "delta": 36480,
                "node": "3",
                "reporter": "8"
            },
            {
                "delta": 36496,
                "node": "24",
                "reporter": "14"
            },
            {
                "delta": 36535,
                "node": "9",
                "reporter": "14"
            },
            {
                "delta": 36545,
                "node": "23",
                "reporter": "16"
            },
            {
                "delta": 36546,
                "node": "26",
                "reporter": "16"
            },
            {
                "delta": 36546,
                "node": "17",
                "reporter": "16"
            },
            {
                "delta": 36546,
                "node": "21",
                "reporter": "16"
            },
            {
                "delta": 36546,
                "node": "10",
                "reporter": "16"
            },
            {
                "delta": 36557,
                "node": "6",
                "reporter": "4"
            },
            {
                "delta": 36570,
                "node": "13",
                "reporter": "22"
            },
            {
                "delta": 36577,
                "node": "27",
                "reporter": "25"
            },
            {
                "delta": 36594,
                "node": "17",
                "reporter": "5"
            },
            {
                "delta": 36627,
                "node": "2",
                "reporter": "25"
            },
            {
                "delta": 36628,
                "node": "15",
                "reporter": "25"
            },
            {
                "delta": 36628,
                "node": "30",
                "reporter": "25"
            },
            {
                "delta": 36628,
                "node": "7",
                "reporter": "25"
            },
            {
                "delta": 36628,
                "node": "3",
                "reporter": "25"
            },
            {
                "delta": 36628,
                "node": "11",
                "reporter": "25"
            },
            {
                "delta": 36631,
                "node": "24",
                "reporter": "8"
            },
            {
                "delta": 36631,
                "node": "21",
                "reporter": "8"
            },
            {
                "delta": 36631,
                "node": "27",
                "reporter": "8"
            },
            {
                "delta": 36631,
                "node": "10",
                "reporter": "8"
            },
            {
                "delta": 36631,
                "node": "9",
                "reporter": "8"
            },
            {
                "delta": 36675,
                "node": "6",
                "reporter": "14"
            },
            {
                "delta": 36675,
                "node": "13",
                "reporter": "14"
            },
            {
                "delta": 36681,
                "node": "1",
                "reporter": "8"
            },
            {
                "delta": 36681,
                "node": "17",
                "reporter": "8"
            },
            {
                "delta": 36685,
                "node": "1",
                "reporter": "18"
            },
            {
                "delta": 36690,
                "node": "13",
                "reporter": "8"
            },
            {
                "delta": 36710,
                "node": "20",
                "reporter": "12"
            },
            {
                "delta": 36710,
                "node": "28",
                "reporter": "12"
            },
            {
                "delta": 36722,
                "node": "19",
                "reporter": "29"
            },
            {
                "delta": 36726,
                "node": "2",
                "reporter": "14"
            },
            {
                "delta": 36726,
                "node": "15",
                "reporter": "14"
            },
            {
                "delta": 36726,
                "node": "7",
                "reporter": "14"
            },
            {
                "delta": 36726,
                "node": "3",
                "reporter": "14"
            },
            {
                "delta": 36726,
                "node": "11",
                "reporter": "14"
            },
            {
                "delta": 36795,
                "node": "24",
                "reporter": "5"
            },
            {
                "delta": 36795,
                "node": "2",
                "reporter": "5"
            },
            {
                "delta": 36795,
                "node": "15",
                "reporter": "5"
            },
            {
                "delta": 36795,
                "node": "30",
                "reporter": "5"
            },
            {
                "delta": 36795,
                "node": "7",
                "reporter": "5"
            },
            {
                "delta": 36795,
                "node": "21",
                "reporter": "5"
            },
            {
                "delta": 36795,
                "node": "27",
                "reporter": "5"
            },
            {
                "delta": 36796,
                "node": "6",
                "reporter": "18"
            },
            {
                "delta": 36796,
                "node": "10",
                "reporter": "5"
            },
            {
                "delta": 36796,
                "node": "3",
                "reporter": "5"
            },
            {
                "delta": 36796,
                "node": "3",
                "reporter": "18"
            },
            {
                "delta": 36796,
                "node": "11",
                "reporter": "5"
            },
            {
                "delta": 36798,
                "node": "24",
                "reporter": "4"
            },
            {
                "delta": 36798,
                "node": "30",
                "reporter": "4"
            },
            {
                "delta": 36798,
                "node": "21",
                "reporter": "4"
            },
            {
                "delta": 36798,
                "node": "27",
                "reporter": "4"
            },
            {
                "delta": 36798,
                "node": "10",
                "reporter": "4"
            },
            {
                "delta": 36798,
                "node": "9",
                "reporter": "4"
            },
            {
                "delta": 36977,
                "node": "9",
                "reporter": "5"
            },
            {
                "delta": 36987,
                "node": "6",
                "reporter": "25"
            },
            {
                "delta": 36987,
                "node": "19",
                "reporter": "25"
            },
            {
                "delta": 37070,
                "node": "23",
                "reporter": "22"
            },
            {
                "delta": 37070,
                "node": "26",
                "reporter": "22"
            },
            {
                "delta": 37070,
                "node": "17",
                "reporter": "22"
            },
            {
                "delta": 37070,
                "node": "30",
                "reporter": "22"
            },
            {
                "delta": 37070,
                "node": "21",
                "reporter": "22"
            },
            {
                "delta": 37070,
                "node": "10",
                "reporter": "22"
            },
            {
                "delta": 37076,
                "node": "13",
                "reporter": "16"
            },
            {
                "delta": 37076,
                "node": "27",
                "reporter": "16"
            },
            {
                "delta": 37130,
                "node": "19",
                "reporter": "12"
            },
            {
                "delta": 37130,
                "node": "1",
                "reporter": "12"
            },
            {
                "delta": 37203,
                "node": "2",
                "reporter": "29"
            },
            {
                "delta": 37203,
                "node": "15",
                "reporter": "29"
            },
            {
                "delta": 37203,
                "node": "30",
                "reporter": "29"
            },
            {
                "delta": 37203,
                "node": "7",
                "reporter": "29"
            },
            {
                "delta": 37203,
                "node": "13",
                "reporter": "29"
            },
            {
                "delta": 37204,
                "node": "27",
                "reporter": "29"
            },
            {
                "delta": 37204,
                "node": "11",
                "reporter": "29"
            },
            {
                "delta": 37206,
                "node": "24",
                "reporter": "18"
            },
            {
                "delta": 37206,
                "node": "2",
                "reporter": "18"
            },
            {
                "delta": 37206,
                "node": "15",
                "reporter": "18"
            },
            {
                "delta": 37206,
                "node": "17",
                "reporter": "18"
            },
            {
                "delta": 37207,
                "node": "30",
                "reporter": "18"
            },
            {
                "delta": 37207,
                "node": "7",
                "reporter": "18"
            },
            {
                "delta": 37207,
                "node": "13",
                "reporter": "18"
            },
            {
                "delta": 37207,
                "node": "21",
                "reporter": "18"
            },
            {
                "delta": 37207,
                "node": "27",
                "reporter": "18"
            },
            {
                "delta": 37207,
                "node": "10",
                "reporter": "18"
            },
            {
                "delta": 37281,
                "node": "6",
                "reporter": "8"
            },
            {
                "delta": 37281,
                "node": "19",
                "reporter": "8"
            },
            {
                "delta": 37290,
                "node": "6",
                "reporter": "22"
            },
            {
                "delta": 37290,
                "node": "24",
                "reporter": "22"
            },
            {
                "delta": 37290,
                "node": "2",
                "reporter": "22"
            },
            {
                "delta": 37290,
                "node": "15",
                "reporter": "22"
            },
            {
                "delta": 37291,
                "node": "7",
                "reporter": "22"
            },
            {
                "delta": 37291,
                "node": "3",
                "reporter": "22"
            },
            {
                "delta": 37291,
                "node": "11",
                "reporter": "22"
            },
            {
                "delta": 37291,
                "node": "9",
                "reporter": "22"
            },
            {
                "delta": 37354,
                "node": "11",
                "reporter": "18"
            },
            {
                "delta": 37354,
                "node": "9",
                "reporter": "18"
            },
            {
                "delta": 37354,
                "node": "20",
                "reporter": "18"
            },
            {
                "delta": 37354,
                "node": "28",
                "reporter": "18"
            },
            {
                "delta": 37386,
                "node": "23",
                "reporter": "14"
            },
            {
                "delta": 37386,
                "node": "26",
                "reporter": "14"
            },
            {
                "delta": 37386,
                "node": "17",
                "reporter": "14"
            },
            {
                "delta": 37395,
                "node": "6",
                "reporter": "16"
            },
            {
                "delta": 37395,
                "node": "19",
                "reporter": "16"
            },
            {
                "delta": 37395,
                "node": "2",
                "reporter": "16"
            },
            {
                "delta": 37396,
                "node": "15",
                "reporter": "16"
            },
            {
                "delta": 37396,
                "node": "7",
                "reporter": "16"
            },
            {
                "delta": 37396,
                "node": "3",
                "reporter": "16"
            },
            {
                "delta": 37396,
                "node": "11",
                "reporter": "16"
            },
            {
                "delta": 37404,
                "node": "6",
                "reporter": "5"
            },
            {
                "delta": 37404,
                "node": "19",
                "reporter": "5"
            },
            {
                "delta": 37404,
                "node": "13",
                "reporter": "5"
            },
            {
                "delta": 37506,
                "node": "19",
                "reporter": "14"
            },
            {
                "delta": 37508,
                "node": "23",
                "reporter": "25"
            },
            {
                "delta": 37508,
                "node": "24",
                "reporter": "25"
            },
            {
                "delta": 37508,
                "node": "26",
                "reporter": "25"
            },
            {
                "delta": 37508,
                "node": "17",
                "reporter": "25"
            },
            {
                "delta": 37508,
                "node": "21",
                "reporter": "25"
            },
            {
                "delta": 37509,
                "node": "10",
                "reporter": "25"
            },
            {
                "delta": 37509,
                "node": "9",
                "reporter": "25"
            },
            {
                "delta": 37527,
                "node": "1",
                "reporter": "25"
            },
            {
                "delta": 37527,
                "node": "20",
                "reporter": "25"
            },
            {
                "delta": 37527,
                "node": "28",
                "reporter": "25"
            },
            {
                "delta": 37576,
                "node": "23",
                "reporter": "18"
            },
            {
                "delta": 37576,
                "node": "26",
                "reporter": "18"
            },
            {
                "delta": 37595,
                "node": "1",
                "reporter": "16"
            },
            {
                "delta": 37595,
                "node": "24",
                "reporter": "16"
            },
            {
                "delta": 37595,
                "node": "20",
                "reporter": "16"
            },
            {
                "delta": 37595,
                "node": "28",
                "reporter": "16"
            },
            {
                "delta": 37595,
                "node": "9",
                "reporter": "16"
            },
            {
                "delta": 37613,
                "node": "23",
                "reporter": "29"
            },
            {
                "delta": 37613,
                "node": "26",
                "reporter": "29"
            },
            {
                "delta": 37613,
                "node": "17",
                "reporter": "29"
            },
            {
                "delta": 37613,
                "node": "21",
                "reporter": "29"
            },
            {
                "delta": 37614,
                "node": "10",
                "reporter": "29"
            },
            {
                "delta": 37660,
                "node": "23",
                "reporter": "12"
            },
            {
                "delta": 37660,
                "node": "24",
                "reporter": "12"
            },
            {
                "delta": 37661,
                "node": "2",
                "reporter": "12"
            },
            {
                "delta": 37662,
                "node": "15",
                "reporter": "12"
            },
            {
                "delta": 37662,
                "node": "26",
                "reporter": "12"
            },
            {
                "delta": 37662,
                "node": "17",
                "reporter": "12"
            },
            {
                "delta": 37662,
                "node": "30",
                "reporter": "12"
            },
            {
                "delta": 37662,
                "node": "7",
                "reporter": "12"
            },
            {
                "delta": 37662,
                "node": "13",
                "reporter": "12"
            },
            {
                "delta": 37662,
                "node": "21",
                "reporter": "12"
            },
            {
                "delta": 37662,
                "node": "27",
                "reporter": "12"
            },
            {
                "delta": 37662,
                "node": "10",
                "reporter": "12"
            },
            {
                "delta": 37662,
                "node": "11",
                "reporter": "12"
            },
            {
                "delta": 37663,
                "node": "9",
                "reporter": "12"
            },
            {
                "delta": 37735,
                "node": "23",
                "reporter": "5"
            },
            {
                "delta": 37735,
                "node": "20",
                "reporter": "5"
            },
            {
                "delta": 37735,
                "node": "26",
                "reporter": "5"
            },
            {
                "delta": 37735,
                "node": "28",
                "reporter": "5"
            },
            {
                "delta": 37801,
                "node": "23",
                "reporter": "8"
            },
            {
                "delta": 37801,
                "node": "20",
                "reporter": "8"
            },
            {
                "delta": 37801,
                "node": "26",
                "reporter": "8"
            },
            {
                "delta": 37801,
                "node": "28",
                "reporter": "8"
            },
            {
                "delta": 37888,
                "node": "19",
                "reporter": "4"
            },
            {
                "delta": 37888,
                "node": "23",
                "reporter": "4"
            },
            {
                "delta": 37888,
                "node": "1",
                "reporter": "4"
            },
            {
                "delta": 37888,
                "node": "2",
                "reporter": "4"
            },
            {
                "delta": 37889,
                "node": "20",
                "reporter": "4"
            },
            {
                "delta": 37889,
                "node": "15",
                "reporter": "4"
            },
            {
                "delta": 37889,
                "node": "26",
                "reporter": "4"
            },
            {
                "delta": 37889,
                "node": "17",
                "reporter": "4"
            },
            {
                "delta": 37889,
                "node": "7",
                "reporter": "4"
            },
            {
                "delta": 37889,
                "node": "28",
                "reporter": "4"
            },
            {
                "delta": 38077,
                "node": "3",
                "reporter": "4"
            },
            {
                "delta": 38077,
                "node": "11",
                "reporter": "4"
            },
            {
                "delta": 38110,
                "node": "19",
                "reporter": "22"
            },
            {
                "delta": 38110,
                "node": "1",
                "reporter": "22"
            },
            {
                "delta": 38110,
                "node": "20",
                "reporter": "22"
            },
            {
                "delta": 38110,
                "node": "28",
                "reporter": "22"
            },
            {
                "delta": 38123,
                "node": "1",
                "reporter": "29"
            },
            {
                "delta": 38123,
                "node": "24",
                "reporter": "29"
            },
            {
                "delta": 38123,
                "node": "20",
                "reporter": "29"
            },
            {
                "delta": 38123,
                "node": "28",
                "reporter": "29"
            },
            {
                "delta": 38123,
                "node": "9",
                "reporter": "29"
            },
            {
                "delta": 38326,
                "node": "1",
                "reporter": "14"
            },
            {
                "delta": 38326,
                "node": "20",
                "reporter": "14"
            },
            {
                "delta": 38326,
                "node": "28",
                "reporter": "14"
            }
        ]
    }
}