
{
    "id": "00332",
    "seed": 42,
    "repetition": 0,
    "settings": {
        "simulate_catastrophe": true,
        "number_of_nodes": 30,
        "duration": 120000,
        "gossip_delta": 200,
        "failure_delta": 2200,
        "miss_delta": 2200,
        "push_pull": false,
        "pick_strategy": 0,
        "enable_multicast": true,
        "multicast_parameter": 1.0,
        "multicast_max_wait": 2200,
        "expected_first_multicast": 733
    },
    "result": {
        "start_time": 1500756797237,
        "end_time": 1500756917247,
        "expected_crashes": [
            {
                "delta": 31130,
                "node": "27"
            },
            {
                "delta": 31130,
                "node": "13"
            },
            {
                "delta": 31130,
                "node": "10"
            },
            {
                "delta": 31130,
                "node": "21"
            },
            {
                "delta": 31130,
                "node": "30"
            },
            {
                "delta": 31130,
                "node": "3"
            },
            {
                "delta": 31130,
                "node": "28"
            },
            {
                "delta": 31130,
                "node": "6"
            },
            {
                "delta": 31130,
                "node": "24"
            },
            {
                "delta": 31130,
                "node": "9"
            },
            {
                "delta": 31130,
                "node": "19"
            },
            {
                "delta": 31130,
                "node": "7"
            },
            {
                "delta": 31130,
                "node": "23"
            },
            {
                "delta": 31130,
                "node": "26"
            },
            {
                "delta": 31130,
                "node": "15"
            },
            {
                "delta": 31130,
                "node": "2"
            },
            {
                "delta": 31130,
                "node": "17"
            },
            {
                "delta": 31130,
                "node": "1"
            },
            {
                "delta": 31130,
                "node": "20"
            },
            {
                "delta": 31130,
                "node": "11"
            }
        ],
        "reported_crashes": [
            {
                "delta": 35176,
                "node": "30",
                "reporter": "16"
            },
            {
                "delta": 35410,
                "node": "10",
                "reporter": "8"
            },
            {
                "delta": 35439,
                "node": "11",
                "reporter": "4"
            },
            {
                "delta": 35517,
                "node": "26",
                "reporter": "14"
            },
            {
                "delta": 35526,
                "node": "30",
                "reporter": "22"
            },
            {
                "delta": 35526,
                "node": "3",
                "reporter": "22"
            },
            {
                "delta": 35544,
                "node": "23",
                "reporter": "5"
            },
            {
                "delta": 35580,
                "node": "15",
                "reporter": "4"
            },
            {
                "delta": 35584,
                "node": "27",
                "reporter": "29"
            },
            {
                "delta": 35596,
                "node": "17",
                "reporter": "14"
            },
            {
                "delta": 35689,
                "node": "30",
                "reporter": "12"
            },
            {
                "delta": 35689,
                "node": "3",
                "reporter": "12"
            },
            {
                "delta": 35698,
                "node": "19",
                "reporter": "12"
            },
            {
                "delta": 35698,
                "node": "9",
                "reporter": "12"
            },
            {
                "delta": 35735,
                "node": "20",
                "reporter": "29"
            },
            {
                "delta": 35735,
                "node": "10",
                "reporter": "18"
            },
            {
                "delta": 35750,
                "node": "15",
                "reporter": "8"
            },
            {
                "delta": 35751,
                "node": "11",
                "reporter": "8"
            },
            {
                "delta": 35775,
                "node": "20",
                "reporter": "16"
            },
            {
                "delta": 35775,
                "node": "27",
                "reporter": "16"
            },
            {
                "delta": 35799,
                "node": "2",
                "reporter": "12"
            },
            {
                "delta": 35799,
                "node": "13",
                "reporter": "12"
            },
            {
                "delta": 35799,
                "node": "21",
                "reporter": "12"
            },
            {
                "delta": 35799,
                "node": "28",
                "reporter": "12"
            },
            {
                "delta": 35810,
                "node": "6",
                "reporter": "4"
            },
            {
                "delta": 35810,
                "node": "7",
                "reporter": "4"
            },
            {
                "delta": 35856,
                "node": "1",
                "reporter": "14"
            },
            {
                "delta": 35856,
                "node": "24",
                "reporter": "14"
            },
            {
                "delta": 35914,
                "node": "23",
                "reporter": "29"
            },
            {
                "delta": 35930,
                "node": "19",
                "reporter": "8"
            },
            {
                "delta": 35930,
                "node": "2",
                "reporter": "8"
            },
            {
                "delta": 35931,
                "node": "30",
                "reporter": "8"
            },
            {
                "delta": 35931,
                "node": "13",
                "reporter": "8"
            },
            {
                "delta": 35931,
                "node": "21",
                "reporter": "8"
            },
            {
                "delta": 35931,
                "node": "28",
                "reporter": "8"
            },
            {
                "delta": 35931,
                "node": "3",
                "reporter": "8"
            },
            {
                "delta": 35931,
                "node": "9",
                "reporter": "8"
            },
            {
                "delta": 35948,
                "node": "10",
                "reporter": "12"
            },
            {
                "delta": 35954,
                "node": "6",
                "reporter": "5"
            },
            {
                "delta": 35954,
                "node": "15",
                "reporter": "5"
            },
            {
                "delta": 35954,
                "node": "7",
                "reporter": "5"
            },
            {
                "delta": 35954,
                "node": "11",
                "reporter": "5"
            },
            {
                "delta": 36046,
                "node": "1",
                "reporter": "16"
            },
            {
                "delta": 36046,
                "node": "24",
                "reporter": "16"
            },
            {
                "delta": 36046,
                "node": "26",
                "reporter": "16"
            },
            {
                "delta": 36046,
                "node": "17",
                "reporter": "16"
            },
            {
                "delta": 36049,
                "node": "10",
                "reporter": "25"
            },
            {
                "delta": 36106,
                "node": "23",
                "reporter": "18"
            },
            {
                "delta": 36321,
                "node": "23",
                "reporter": "8"
            },
            {
                "delta": 36517,
                "node": "1",
                "reporter": "22"
            },
            {
                "delta": 36517,
                "node": "24",
                "reporter": "22"
            },
            {
                "delta": 36517,
                "node": "20",
                "reporter": "22"
            },
            {
                "delta": 36517,
                "node": "26",
                "reporter": "22"
            },
            {
                "delta": 36518,
                "node": "17",
                "reporter": "22"
            },
            {
                "delta": 36518,
                "node": "27",
                "reporter": "22"
            },
            {
                "delta": 36544,
                "node": "19",
                "reporter": "5"
            },
            {
                "delta": 36544,
                "node": "2",
                "reporter": "5"
            },
            {
                "delta": 36544,
                "node": "30",
                "reporter": "5"
            },
            {
                "delta": 36544,
                "node": "13",
                "reporter": "5"
            },
            {
                "delta": 36544,
                "node": "21",
                "reporter": "5"
            },
            {
                "delta": 36544,
                "node": "28",
                "reporter": "5"
            },
            {
                "delta": 36544,
                "node": "10",
                "reporter": "5"
            },
            {
                "delta": 36545,
                "node": "3",
                "reporter": "5"
            },
            {
                "delta": 36545,
                "node": "9",
                "reporter": "5"
            },
            {
                "delta": 36649,
                "node": "6",
                "reporter": "12"
            },
            {
                "delta": 36649,
                "node": "23",
                "reporter": "12"
            },
            {
                "delta": 36649,
                "node": "15",
                "reporter": "12"
            },
            {
                "delta": 36649,
                "node": "7",
                "reporter": "12"
            },
            {
                "delta": 36649,
                "node": "11",
                "reporter": "12"
            },
            {
                "delta": 36705,
                "node": "23",
                "reporter": "16"
            },
            {
                "delta": 36706,
                "node": "10",
                "reporter": "16"
            },
            {
                "delta": 36748,
                "node": "1",
                "reporter": "12"
            },
            {
                "delta": 36749,
                "node": "24",
                "reporter": "12"
            },
            {
                "delta": 36749,
                "node": "20",
                "reporter": "12"
            },
            {
                "delta": 36749,
                "node": "26",
                "reporter": "12"
            },
            {
                "delta": 36749,
                "node": "17",
                "reporter": "12"
            },
            {
                "delta": 36771,
                "node": "6",
                "reporter": "8"
            },
            {
                "delta": 36771,
                "node": "1",
                "reporter": "8"
            },
            {
                "delta": 36771,
                "node": "24",
                "reporter": "8"
            },
            {
                "delta": 36772,
                "node": "20",
                "reporter": "8"
            },
            {
                "delta": 36772,
                "node": "26",
                "reporter": "8"
            },
            {
                "delta": 36772,
                "node": "17",
                "reporter": "8"
            },
            {
                "delta": 36772,
                "node": "7",
                "reporter": "8"
            },
            {
                "delta": 36772,
                "node": "27",
                "reporter": "8"
            },
            {
                "delta": 36792,
                "node": "27",
                "reporter": "12"
            },
            {
                "delta": 36885,
                "node": "3",
                "reporter": "16"
            },
            {
                "delta": 36959,
                "node": "19",
                "reporter": "4"
            },
            {
                "delta": 36960,
                "node": "23",
                "reporter": "4"
            },
            {
                "delta": 36960,
                "node": "1",
                "reporter": "4"
            },
            {
                "delta": 36960,
                "node": "24",
                "reporter": "4"
            },
            {
                "delta": 36960,
                "node": "2",
                "reporter": "4"
            },
            {
                "delta": 36960,
                "node": "20",
                "reporter": "4"
            },
            {
                "delta": 36961,
                "node": "26",
                "reporter": "4"
            },
            {
                "delta": 36961,
                "node": "17",
                "reporter": "4"
            },
            {
                "delta": 36961,
                "node": "30",
                "reporter": "4"
            },
            {
                "delta": 36961,
                "node": "13",
                "reporter": "4"
            },
            {
                "delta": 37141,
                "node": "21",
                "reporter": "4"
            },
            {
                "delta": 37141,
                "node": "27",
                "reporter": "4"
            },
            {
                "delta": 37141,
                "node": "28",
                "reporter": "4"
            },
            {
                "delta": 37141,
                "node": "10",
                "reporter": "4"
            },
            {
                "delta": 37141,
                "node": "3",
                "reporter": "4"
            },
            {
                "delta": 37141,
                "node": "9",
                "reporter": "4"
            },
            {
                "delta": 37235,
                "node": "6",
                "reporter": "29"
            },
            {
                "delta": 37235,
                "node": "19",
                "reporter": "29"
            },
            {
                "delta": 37235,
                "node": "1",
                "reporter": "29"
            },
            {
                "delta": 37235,
                "node": "24",
                "reporter": "29"
            },
            {
                "delta": 37236,
                "node": "2",
                "reporter": "29"
            },
            {
                "delta": 37236,
                "node": "15",
                "reporter": "29"
            },
            {
                "delta": 37236,
                "node": "26",
                "reporter": "29"
            },
            {
                "delta": 37236,
                "node": "17",
                "reporter": "29"
            },
            {
                "delta": 37237,
                "node": "30",
                "reporter": "29"
            },
            {
                "delta": 37237,
                "node": "7",
                "reporter": "29"
            },
            {
                "delta": 37290,
                "node": "23",
                "reporter": "25"
            },
            {
                "delta": 37290,
                "node": "1",
                "reporter": "25"
            },
            {
                "delta": 37290,
                "node": "24",
                "reporter": "25"
            },
            {
                "delta": 37290,
                "node": "20",
                "reporter": "25"
            },
            {
                "delta": 37291,
                "node": "26",
                "reporter": "25"
            },
            {
                "delta": 37291,
                "node": "17",
                "reporter": "25"
            },
            {
                "delta": 37291,
                "node": "30",
                "reporter": "25"
            },
            {
                "delta": 37291,
                "node": "27",
                "reporter": "25"
            },
            {
                "delta": 37291,
                "node": "3",
                "reporter": "25"
            },
            {
                "delta": 37435,
                "node": "6",
                "reporter": "16"
            },
            {
                "delta": 37435,
                "node": "19",
                "reporter": "16"
            },
            {
                "delta": 37436,
                "node": "2",
                "reporter": "16"
            },
            {
                "delta": 37436,
                "node": "15",
                "reporter": "16"
            },
            {
                "delta": 37437,
                "node": "7",
                "reporter": "16"
            },
            {
                "delta": 37437,
                "node": "13",
                "reporter": "16"
            },
            {
                "delta": 37437,
                "node": "21",
                "reporter": "16"
            },
            {
                "delta": 37437,
                "node": "28",
                "reporter": "16"
            },
            {
                "delta": 37437,
                "node": "11",
                "reporter": "16"
            },
            {
                "delta": 37437,
                "node": "9",
                "reporter": "16"
            },
            {
                "delta": 37467,
                "node": "13",
                "reporter": "29"
            },
            {
                "delta": 37467,
                "node": "21",
                "reporter": "29"
            },
            {
                "delta": 37467,
                "node": "28",
                "reporter": "29"
            },
            {
                "delta": 37467,
                "node": "10",
                "reporter": "29"
            },
            {
                "delta": 37467,
                "node": "3",
                "reporter": "29"
            },
            {
                "delta": 37467,
                "node": "11",
                "reporter": "29"
            },
            {
                "delta": 37467,
                "node": "9",
                "reporter": "29"
            },
            {
                "delta": 37737,
                "node": "19",
                "reporter": "18"
            },
            {
                "delta": 37737,
                "node": "1",
                "reporter": "18"
            },
            {
                "delta": 37737,
                "node": "24",
                "reporter": "18"
            },
            {
                "delta": 37738,
                "node": "2",
                "reporter": "18"
            },
            {
                "delta": 37738,
                "node": "20",
                "reporter": "18"
            },
            {
                "delta": 37738,
                "node": "15",
                "reporter": "18"
            },
            {
                "delta": 37738,
                "node": "26",
                "reporter": "18"
            },
            {
                "delta": 37738,
                "node": "17",
                "reporter": "18"
            },
            {
                "delta": 37738,
                "node": "30",
                "reporter": "18"
            },
            {
                "delta": 37738,
                "node": "7",
                "reporter": "18"
            },
            {
                "delta": 37789,
                "node": "6",
                "reporter": "14"
            },
            {
                "delta": 37789,
                "node": "19",
                "reporter": "14"
            },
            {
                "delta": 37789,
                "node": "23",
                "reporter": "14"
            },
            {
                "delta": 37789,
                "node": "20",
                "reporter": "14"
            },
            {
                "delta": 37789,
                "node": "2",
                "reporter": "14"
            },
            {
                "delta": 37789,
                "node": "15",
                "reporter": "14"
            },
            {
                "delta": 37789,
                "node": "30",
                "reporter": "14"
            },
            {
                "delta": 37789,
                "node": "7",
                "reporter": "14"
            },
            {
                "delta": 37789,
                "node": "13",
                "reporter": "14"
            },
            {
                "delta": 37789,
                "node": "21",
                "reporter": "14"
            },
            {
                "delta": 37857,
                "node": "6",
                "reporter": "22"
            },
            {
                "delta": 37857,
                "node": "19",
                "reporter": "22"
            },
            {
                "delta": 37857,
                "node": "23",
                "reporter": "22"
            },
            {
                "delta": 37857,
                "node": "2",
                "reporter": "22"
            },
            {
                "delta": 37857,
                "node": "15",
                "reporter": "22"
            },
            {
                "delta": 37857,
                "node": "7",
                "reporter": "22"
            },
            {
                "delta": 37858,
                "node": "13",
                "reporter": "22"
            },
            {
                "delta": 37858,
                "node": "21",
                "reporter": "22"
            },
            {
                "delta": 37858,
                "node": "28",
                "reporter": "22"
            },
            {
                "delta": 37858,
                "node": "10",
                "reporter": "22"
            },
            {
                "delta": 37885,
                "node": "13",
                "reporter": "18"
            },
            {
                "delta": 37885,
                "node": "21",
                "reporter": "18"
            },
            {
                "delta": 37885,
                "node": "27",
                "reporter": "18"
            },
            {
                "delta": 37885,
                "node": "28",
                "reporter": "18"
            },
            {
                "delta": 37885,
                "node": "3",
                "reporter": "18"
            },
            {
                "delta": 37885,
                "node": "11",
                "reporter": "18"
            },
            {
                "delta": 37886,
                "node": "9",
                "reporter": "18"
            },
            {
                "delta": 37886,
                "node": "6",
                "reporter": "18"
            },
            {
                "delta": 37933,
                "node": "11",
                "reporter": "22"
            },
            {
                "delta": 37933,
                "node": "9",
                "reporter": "22"
            },
            {
                "delta": 37936,
                "node": "27",
                "reporter": "14"
            },
            {
                "delta": 37936,
                "node": "28",
                "reporter": "14"
            },
            {
                "delta": 37936,
                "node": "10",
                "reporter": "14"
            },
            {
                "delta": 37936,
                "node": "3",
                "reporter": "14"
            },
            {
                "delta": 37936,
                "node": "11",
                "reporter": "14"
            },
            {
                "delta": 37936,
                "node": "9",
                "reporter": "14"
            },
            {
                "delta": 38500,
                "node": "6",
                "reporter": "25"
            },
            {
                "delta": 38500,
                "node": "19",
                "reporter": "25"
            },
            {
                "delta": 38500,
                "node": "2",
                "reporter": "25"
            },
            {
                "delta": 38500,
                "node": "15",
                "reporter": "25"
            },
            {
                "delta": 38500,
                "node": "7",
                "reporter": "25"
            },
            {
                "delta": 38500,
                "node": "13",
                "reporter": "25"
            },
            {
                "delta": 38500,
                "node": "21",
                "reporter": "25"
            },
            {
                "delta": 38501,
                "node": "28",
                "reporter": "25"
            },
            {
                "delta": 38501,
                "node": "11",
                "reporter": "25"
            },
            {
                "delta": 38501,
                "node": "9",
                "reporter": "25"
            },
            {
                "delta": 38644,
                "node": "1",
                "reporter": "5"
            },
            {
                "delta": 38644,
                "node": "24",
                "reporter": "5"
            },
            {
                "delta": 38644,
                "node": "20",
                "reporter": "5"
            },
            {
                "delta": 38644,
                "node": "26",
                "reporter": "5"
            },
            {
                "delta": 38644,
                "node": "17",
                "reporter": "5"
            },
            {
                "delta": 38645,
                "node": "27",
                "reporter": "5"
            }
        ]
    }
}