
{
    "id": "00340",
    "seed": 42,
    "repetition": 0,
    "settings": {
        "simulate_catastrophe": true,
        "number_of_nodes": 30,
        "duration": 120000,
        "gossip_delta": 200,
        "failure_delta": 2200,
        "miss_delta": 2200,
        "push_pull": false,
        "pick_strategy": 1,
        "enable_multicast": true,
        "multicast_parameter": 1.0,
        "multicast_max_wait": 4400,
        "expected_first_multicast": 1466
    },
    "result": {
        "start_time": 1500757797477,
        "end_time": 1500757917486,
        "expected_crashes": [
            {
                "delta": 31130,
                "node": "27"
            },
            {
                "delta": 31130,
                "node": "13"
            },
            {
                "delta": 31130,
                "node": "10"
            },
            {
                "delta": 31130,
                "node": "21"
            },
            {
                "delta": 31130,
                "node": "30"
            },
            {
                "delta": 31130,
                "node": "3"
            },
            {
                "delta": 31130,
                "node": "28"
            },
            {
                "delta": 31130,
                "node": "6"
            },
            {
                "delta": 31130,
                "node": "24"
            },
            {
                "delta": 31130,
                "node": "9"
            },
            {
                "delta": 31130,
                "node": "19"
            },
            {
                "delta": 31130,
                "node": "7"
            },
            {
                "delta": 31130,
                "node": "23"
            },
            {
                "delta": 31130,
                "node": "26"
            },
            {
                "delta": 31130,
                "node": "15"
            },
            {
                "delta": 31130,
                "node": "2"
            },
            {
                "delta": 31130,
                "node": "17"
            },
            {
                "delta": 31130,
                "node": "1"
            },
            {
                "delta": 31130,
                "node": "20"
            },
            {
                "delta": 31130,
                "node": "11"
            }
        ],
        "reported_crashes": [
            {
                "delta": 35352,
                "node": "12",
                "reporter": "4"
            },
            {
                "delta": 35376,
                "node": "24",
                "reporter": "22"
            },
            {
                "delta": 35479,
                "node": "17",
                "reporter": "12"
            },
            {
                "delta": 35480,
                "node": "3",
                "reporter": "12"
            },
            {
                "delta": 35490,
                "node": "24",
                "reporter": "12"
            },
            {
                "delta": 35490,
                "node": "14",
                "reporter": "12"
            },
            {
                "delta": 35520,
                "node": "13",
                "reporter": "25"
            },
            {
                "delta": 35522,
                "node": "20",
                "reporter": "4"
            },
            {
                "delta": 35561,
                "node": "11",
                "reporter": "29"
            },
            {
                "delta": 35591,
                "node": "15",
                "reporter": "8"
            },
            {
                "delta": 35591,
                "node": "9",
                "reporter": "8"
            },
            {
                "delta": 35617,
                "node": "23",
                "reporter": "14"
            },
            {
                "delta": 35630,
                "node": "30",
                "reporter": "8"
            },
            {
                "delta": 35630,
                "node": "7",
                "reporter": "8"
            },
            {
                "delta": 35631,
                "node": "27",
                "reporter": "8"
            },
            {
                "delta": 35701,
                "node": "19",
                "reporter": "25"
            },
            {
                "delta": 35701,
                "node": "26",
                "reporter": "25"
            },
            {
                "delta": 35702,
                "node": "28",
                "reporter": "4"
            },
            {
                "delta": 35704,
                "node": "13",
                "reporter": "5"
            },
            {
                "delta": 35705,
                "node": "6",
                "reporter": "16"
            },
            {
                "delta": 35705,
                "node": "1",
                "reporter": "16"
            },
            {
                "delta": 35707,
                "node": "17",
                "reporter": "18"
            },
            {
                "delta": 35707,
                "node": "10",
                "reporter": "18"
            },
            {
                "delta": 35707,
                "node": "3",
                "reporter": "18"
            },
            {
                "delta": 35744,
                "node": "2",
                "reporter": "5"
            },
            {
                "delta": 35745,
                "node": "11",
                "reporter": "16"
            },
            {
                "delta": 35812,
                "node": "24",
                "reporter": "4"
            },
            {
                "delta": 35812,
                "node": "21",
                "reporter": "4"
            },
            {
                "delta": 35962,
                "node": "19",
                "reporter": "29"
            },
            {
                "delta": 35962,
                "node": "26",
                "reporter": "29"
            },
            {
                "delta": 35962,
                "node": "13",
                "reporter": "29"
            },
            {
                "delta": 36015,
                "node": "24",
                "reporter": "16"
            },
            {
                "delta": 36027,
                "node": "2",
                "reporter": "14"
            },
            {
                "delta": 36027,
                "node": "13",
                "reporter": "14"
            },
            {
                "delta": 36256,
                "node": "15",
                "reporter": "22"
            },
            {
                "delta": 36256,
                "node": "30",
                "reporter": "22"
            },
            {
                "delta": 36256,
                "node": "7",
                "reporter": "22"
            },
            {
                "delta": 36257,
                "node": "27",
                "reporter": "22"
            },
            {
                "delta": 36257,
                "node": "9",
                "reporter": "22"
            },
            {
                "delta": 36257,
                "node": "17",
                "reporter": "14"
            },
            {
                "delta": 36257,
                "node": "10",
                "reporter": "14"
            },
            {
                "delta": 36257,
                "node": "3",
                "reporter": "14"
            },
            {
                "delta": 36434,
                "node": "23",
                "reporter": "5"
            },
            {
                "delta": 36434,
                "node": "17",
                "reporter": "5"
            },
            {
                "delta": 36434,
                "node": "10",
                "reporter": "5"
            },
            {
                "delta": 36434,
                "node": "3",
                "reporter": "5"
            },
            {
                "delta": 36534,
                "node": "23",
                "reporter": "16"
            },
            {
                "delta": 36535,
                "node": "2",
                "reporter": "16"
            },
            {
                "delta": 36535,
                "node": "17",
                "reporter": "16"
            },
            {
                "delta": 36535,
                "node": "13",
                "reporter": "16"
            },
            {
                "delta": 36535,
                "node": "10",
                "reporter": "16"
            },
            {
                "delta": 36535,
                "node": "3",
                "reporter": "16"
            },
            {
                "delta": 36603,
                "node": "24",
                "reporter": "29"
            },
            {
                "delta": 36603,
                "node": "15",
                "reporter": "29"
            },
            {
                "delta": 36603,
                "node": "30",
                "reporter": "29"
            },
            {
                "delta": 36603,
                "node": "7",
                "reporter": "29"
            },
            {
                "delta": 36603,
                "node": "27",
                "reporter": "29"
            },
            {
                "delta": 36603,
                "node": "9",
                "reporter": "29"
            },
            {
                "delta": 36648,
                "node": "19",
                "reporter": "18"
            },
            {
                "delta": 36648,
                "node": "26",
                "reporter": "18"
            },
            {
                "delta": 36648,
                "node": "13",
                "reporter": "18"
            },
            {
                "delta": 36648,
                "node": "11",
                "reporter": "18"
            },
            {
                "delta": 36680,
                "node": "20",
                "reporter": "12"
            },
            {
                "delta": 36680,
                "node": "21",
                "reporter": "12"
            },
            {
                "delta": 36680,
                "node": "28",
                "reporter": "12"
            },
            {
                "delta": 36742,
                "node": "23",
                "reporter": "29"
            },
            {
                "delta": 36742,
                "node": "2",
                "reporter": "29"
            },
            {
                "delta": 36742,
                "node": "17",
                "reporter": "29"
            },
            {
                "delta": 36743,
                "node": "10",
                "reporter": "29"
            },
            {
                "delta": 36788,
                "node": "24",
                "reporter": "18"
            },
            {
                "delta": 36788,
                "node": "15",
                "reporter": "18"
            },
            {
                "delta": 36788,
                "node": "30",
                "reporter": "18"
            },
            {
                "delta": 36788,
                "node": "7",
                "reporter": "18"
            },
            {
                "delta": 36788,
                "node": "27",
                "reporter": "18"
            },
            {
                "delta": 36789,
                "node": "9",
                "reporter": "18"
            },
            {
                "delta": 36794,
                "node": "6",
                "reporter": "5"
            },
            {
                "delta": 36794,
                "node": "1",
                "reporter": "5"
            },
            {
                "delta": 36794,
                "node": "24",
                "reporter": "5"
            },
            {
                "delta": 36795,
                "node": "11",
                "reporter": "5"
            },
            {
                "delta": 36832,
                "node": "3",
                "reporter": "29"
            },
            {
                "delta": 37212,
                "node": "25",
                "reporter": "29"
            },
            {
                "delta": 37251,
                "node": "24",
                "reporter": "8"
            },
            {
                "delta": 37251,
                "node": "20",
                "reporter": "8"
            },
            {
                "delta": 37252,
                "node": "6",
                "reporter": "29"
            },
            {
                "delta": 37252,
                "node": "1",
                "reporter": "29"
            },
            {
                "delta": 37252,
                "node": "21",
                "reporter": "8"
            },
            {
                "delta": 37252,
                "node": "28",
                "reporter": "8"
            },
            {
                "delta": 37299,
                "node": "19",
                "reporter": "12"
            },
            {
                "delta": 37299,
                "node": "15",
                "reporter": "12"
            },
            {
                "delta": 37300,
                "node": "26",
                "reporter": "12"
            },
            {
                "delta": 37300,
                "node": "30",
                "reporter": "12"
            },
            {
                "delta": 37300,
                "node": "7",
                "reporter": "12"
            },
            {
                "delta": 37300,
                "node": "13",
                "reporter": "12"
            },
            {
                "delta": 37300,
                "node": "27",
                "reporter": "12"
            },
            {
                "delta": 37300,
                "node": "10",
                "reporter": "12"
            },
            {
                "delta": 37300,
                "node": "11",
                "reporter": "12"
            },
            {
                "delta": 37301,
                "node": "9",
                "reporter": "12"
            },
            {
                "delta": 37421,
                "node": "15",
                "reporter": "4"
            },
            {
                "delta": 37422,
                "node": "30",
                "reporter": "4"
            },
            {
                "delta": 37422,
                "node": "7",
                "reporter": "4"
            },
            {
                "delta": 37422,
                "node": "27",
                "reporter": "4"
            },
            {
                "delta": 37422,
                "node": "9",
                "reporter": "4"
            },
            {
                "delta": 37442,
                "node": "20",
                "reporter": "29"
            },
            {
                "delta": 37442,
                "node": "21",
                "reporter": "29"
            },
            {
                "delta": 37442,
                "node": "28",
                "reporter": "29"
            },
            {
                "delta": 37517,
                "node": "19",
                "reporter": "14"
            },
            {
                "delta": 37517,
                "node": "24",
                "reporter": "14"
            },
            {
                "delta": 37517,
                "node": "15",
                "reporter": "14"
            },
            {
                "delta": 37517,
                "node": "26",
                "reporter": "14"
            },
            {
                "delta": 37517,
                "node": "30",
                "reporter": "14"
            },
            {
                "delta": 37518,
                "node": "7",
                "reporter": "14"
            },
            {
                "delta": 37518,
                "node": "27",
                "reporter": "14"
            },
            {
                "delta": 37518,
                "node": "11",
                "reporter": "14"
            },
            {
                "delta": 37518,
                "node": "9",
                "reporter": "14"
            },
            {
                "delta": 37552,
                "node": "6",
                "reporter": "4"
            },
            {
                "delta": 37552,
                "node": "19",
                "reporter": "4"
            },
            {
                "delta": 37552,
                "node": "23",
                "reporter": "4"
            },
            {
                "delta": 37553,
                "node": "1",
                "reporter": "4"
            },
            {
                "delta": 37553,
                "node": "2",
                "reporter": "4"
            },
            {
                "delta": 37585,
                "node": "19",
                "reporter": "16"
            },
            {
                "delta": 37586,
                "node": "15",
                "reporter": "16"
            },
            {
                "delta": 37586,
                "node": "26",
                "reporter": "16"
            },
            {
                "delta": 37586,
                "node": "30",
                "reporter": "16"
            },
            {
                "delta": 37586,
                "node": "7",
                "reporter": "16"
            },
            {
                "delta": 37586,
                "node": "27",
                "reporter": "16"
            },
            {
                "delta": 37586,
                "node": "9",
                "reporter": "16"
            },
            {
                "delta": 37613,
                "node": "26",
                "reporter": "4"
            },
            {
                "delta": 37613,
                "node": "17",
                "reporter": "4"
            },
            {
                "delta": 37613,
                "node": "13",
                "reporter": "4"
            },
            {
                "delta": 37613,
                "node": "10",
                "reporter": "4"
            },
            {
                "delta": 37613,
                "node": "3",
                "reporter": "4"
            },
            {
                "delta": 37613,
                "node": "11",
                "reporter": "4"
            },
            {
                "delta": 37613,
                "node": "25",
                "reporter": "4"
            },
            {
                "delta": 37735,
                "node": "20",
                "reporter": "16"
            },
            {
                "delta": 37735,
                "node": "21",
                "reporter": "16"
            },
            {
                "delta": 37735,
                "node": "28",
                "reporter": "16"
            },
            {
                "delta": 37758,
                "node": "6",
                "reporter": "18"
            },
            {
                "delta": 37758,
                "node": "23",
                "reporter": "18"
            },
            {
                "delta": 37758,
                "node": "1",
                "reporter": "18"
            },
            {
                "delta": 37758,
                "node": "2",
                "reporter": "18"
            },
            {
                "delta": 38197,
                "node": "22",
                "reporter": "14"
            },
            {
                "delta": 38265,
                "node": "19",
                "reporter": "5"
            },
            {
                "delta": 38265,
                "node": "20",
                "reporter": "5"
            },
            {
                "delta": 38265,
                "node": "15",
                "reporter": "5"
            },
            {
                "delta": 38265,
                "node": "26",
                "reporter": "5"
            },
            {
                "delta": 38265,
                "node": "30",
                "reporter": "5"
            },
            {
                "delta": 38265,
                "node": "7",
                "reporter": "5"
            },
            {
                "delta": 38265,
                "node": "21",
                "reporter": "5"
            },
            {
                "delta": 38265,
                "node": "27",
                "reporter": "5"
            },
            {
                "delta": 38266,
                "node": "28",
                "reporter": "5"
            },
            {
                "delta": 38266,
                "node": "9",
                "reporter": "5"
            },
            {
                "delta": 38447,
                "node": "20",
                "reporter": "18"
            },
            {
                "delta": 38447,
                "node": "21",
                "reporter": "18"
            },
            {
                "delta": 38447,
                "node": "28",
                "reporter": "18"
            },
            {
                "delta": 38471,
                "node": "6",
                "reporter": "8"
            },
            {
                "delta": 38471,
                "node": "19",
                "reporter": "8"
            },
            {
                "delta": 38471,
                "node": "23",
                "reporter": "8"
            },
            {
                "delta": 38471,
                "node": "1",
                "reporter": "8"
            },
            {
                "delta": 38471,
                "node": "2",
                "reporter": "8"
            },
            {
                "delta": 38471,
                "node": "26",
                "reporter": "8"
            },
            {
                "delta": 38471,
                "node": "17",
                "reporter": "8"
            },
            {
                "delta": 38472,
                "node": "13",
                "reporter": "8"
            },
            {
                "delta": 38472,
                "node": "11",
                "reporter": "8"
            },
            {
                "delta": 38472,
                "node": "3",
                "reporter": "8"
            },
            {
                "delta": 38546,
                "node": "10",
                "reporter": "8"
            },
            {
                "delta": 38576,
                "node": "6",
                "reporter": "22"
            },
            {
                "delta": 38576,
                "node": "19",
                "reporter": "22"
            },
            {
                "delta": 38577,
                "node": "23",
                "reporter": "22"
            },
            {
                "delta": 38577,
                "node": "1",
                "reporter": "22"
            },
            {
                "delta": 38577,
                "node": "2",
                "reporter": "22"
            },
            {
                "delta": 38577,
                "node": "20",
                "reporter": "22"
            },
            {
                "delta": 38577,
                "node": "26",
                "reporter": "22"
            },
            {
                "delta": 38577,
                "node": "17",
                "reporter": "22"
            },
            {
                "delta": 38578,
                "node": "13",
                "reporter": "22"
            },
            {
                "delta": 38578,
                "node": "21",
                "reporter": "22"
            },
            {
                "delta": 38652,
                "node": "28",
                "reporter": "22"
            },
            {
                "delta": 38652,
                "node": "10",
                "reporter": "22"
            },
            {
                "delta": 38652,
                "node": "3",
                "reporter": "22"
            },
            {
                "delta": 38652,
                "node": "11",
                "reporter": "22"
            },
            {
                "delta": 38681,
                "node": "6",
                "reporter": "25"
            },
            {
                "delta": 38681,
                "node": "23",
                "reporter": "25"
            },
            {
                "delta": 38681,
                "node": "1",
                "reporter": "25"
            },
            {
                "delta": 38681,
                "node": "24",
                "reporter": "25"
            },
            {
                "delta": 38682,
                "node": "20",
                "reporter": "25"
            },
            {
                "delta": 38682,
                "node": "2",
                "reporter": "25"
            },
            {
                "delta": 38682,
                "node": "15",
                "reporter": "25"
            },
            {
                "delta": 38682,
                "node": "17",
                "reporter": "25"
            },
            {
                "delta": 38682,
                "node": "30",
                "reporter": "25"
            },
            {
                "delta": 38683,
                "node": "7",
                "reporter": "25"
            },
            {
                "delta": 38704,
                "node": "21",
                "reporter": "25"
            },
            {
                "delta": 38704,
                "node": "27",
                "reporter": "25"
            },
            {
                "delta": 38704,
                "node": "28",
                "reporter": "25"
            },
            {
                "delta": 38704,
                "node": "11",
                "reporter": "25"
            },
            {
                "delta": 38704,
                "node": "3",
                "reporter": "25"
            },
            {
                "delta": 38704,
                "node": "10",
                "reporter": "25"
            },
            {
                "delta": 38704,
                "node": "9",
                "reporter": "25"
            },
            {
                "delta": 39061,
                "node": "22",
                "reporter": "8"
            },
            {
                "delta": 39158,
                "node": "12",
                "reporter": "18"
            },
            {
                "delta": 39378,
                "node": "25",
                "reporter": "18"
            },
            {
                "delta": 39387,
                "node": "6",
                "reporter": "14"
            },
            {
                "delta": 39387,
                "node": "1",
                "reporter": "14"
            },
            {
                "delta": 39387,
                "node": "20",
                "reporter": "14"
            },
            {
                "delta": 39388,
                "node": "21",
                "reporter": "14"
            },
            {
                "delta": 39388,
                "node": "28",
                "reporter": "14"
            },
            {
                "delta": 39536,
                "node": "25",
                "reporter": "22"
            },
            {
                "delta": 39625,
                "node": "22",
                "reporter": "16"
            },
            {
                "delta": 39627,
                "node": "25",
                "reporter": "14"
            },
            {
                "delta": 39961,
                "node": "25",
                "reporter": "8"
            },
            {
                "delta": 39982,
                "node": "22",
                "reporter": "29"
            },
            {
                "delta": 40171,
                "node": "12",
                "reporter": "8"
            },
            {
                "delta": 40276,
                "node": "22",
                "reporter": "5"
            },
            {
                "delta": 40276,
                "node": "25",
                "reporter": "5"
            },
            {
                "delta": 40361,
                "node": "22",
                "reporter": "25"
            },
            {
                "delta": 40395,
                "node": "25",
                "reporter": "16"
            },
            {
                "delta": 40530,
                "node": "6",
                "reporter": "12"
            },
            {
                "delta": 40530,
                "node": "23",
                "reporter": "12"
            },
            {
                "delta": 40530,
                "node": "1",
                "reporter": "12"
            },
            {
                "delta": 40530,
                "node": "2",
                "reporter": "12"
            },
            {
                "delta": 40530,
                "node": "22",
                "reporter": "12"
            },
            {
                "delta": 40531,
                "node": "25",
                "reporter": "12"
            },
            {
                "delta": 40562,
                "node": "22",
                "reporter": "4"
            },
            {
                "delta": 40737,
                "node": "22",
                "reporter": "18"
            },
            {
                "delta": 41091,
                "node": "12",
                "reporter": "25"
            },
            {
                "delta": 41297,
                "node": "12",
                "reporter": "14"
            },
            {
                "delta": 41474,
                "node": "12",
                "reporter": "5"
            },
            {
                "delta": 41615,
                "node": "12",
                "reporter": "16"
            },
            {
                "delta": 41647,
                "node": "12",
                "reporter": "22"
            },
            {
                "delta": 41682,
                "node": "12",
                "reporter": "29"
            },
            {
                "delta": 42036,
                "node": "8",
                "reporter": "22"
            },
            {
                "delta": 42076,
                "node": "4",
                "reporter": "22"
            },
            {
                "delta": 42076,
                "node": "16",
                "reporter": "22"
            },
            {
                "delta": 42077,
                "node": "29",
                "reporter": "22"
            },
            {
                "delta": 42251,
                "node": "5",
                "reporter": "25"
            },
            {
                "delta": 42290,
                "node": "8",
                "reporter": "25"
            },
            {
                "delta": 42290,
                "node": "18",
                "reporter": "25"
            },
            {
                "delta": 42291,
                "node": "4",
                "reporter": "25"
            },
            {
                "delta": 42291,
                "node": "16",
                "reporter": "25"
            },
            {
                "delta": 42291,
                "node": "29",
                "reporter": "25"
            },
            {
                "delta": 42291,
                "node": "14",
                "reporter": "25"
            },
            {
                "delta": 42906,
                "node": "18",
                "reporter": "22"
            },
            {
                "delta": 42907,
                "node": "14",
                "reporter": "22"
            },
            {
                "delta": 42907,
                "node": "5",
                "reporter": "22"
            },
            {
                "delta": 43041,
                "node": "16",
                "reporter": "12"
            },
            {
                "delta": 43310,
                "node": "18",
                "reporter": "12"
            },
            {
                "delta": 43310,
                "node": "8",
                "reporter": "12"
            },
            {
                "delta": 43313,
                "node": "29",
                "reporter": "12"
            },
            {
                "delta": 43360,
                "node": "5",
                "reporter": "12"
            },
            {
                "delta": 43460,
                "node": "4",
                "reporter": "12"
            }
        ]
    }
}