
{
    "id": "00349",
    "seed": 42,
    "repetition": 0,
    "settings": {
        "simulate_catastrophe": true,
        "number_of_nodes": 30,
        "duration": 120000,
        "gossip_delta": 200,
        "failure_delta": 2200,
        "miss_delta": 2200,
        "push_pull": true,
        "pick_strategy": 0,
        "enable_multicast": true,
        "multicast_parameter": 1.0,
        "multicast_max_wait": 4400,
        "expected_first_multicast": 733
    },
    "result": {
        "start_time": 1500758922746,
        "end_time": 1500759042757,
        "expected_crashes": [
            {
                "delta": 31130,
                "node": "27"
            },
            {
                "delta": 31130,
                "node": "13"
            },
            {
                "delta": 31130,
                "node": "10"
            },
            {
                "delta": 31130,
                "node": "21"
            },
            {
                "delta": 31130,
                "node": "30"
            },
            {
                "delta": 31130,
                "node": "3"
            },
            {
                "delta": 31130,
                "node": "28"
            },
            {
                "delta": 31130,
                "node": "6"
            },
            {
                "delta": 31130,
                "node": "24"
            },
            {
                "delta": 31130,
                "node": "9"
            },
            {
                "delta": 31130,
                "node": "19"
            },
            {
                "delta": 31130,
                "node": "7"
            },
            {
                "delta": 31130,
                "node": "23"
            },
            {
                "delta": 31130,
                "node": "26"
            },
            {
                "delta": 31130,
                "node": "15"
            },
            {
                "delta": 31130,
                "node": "2"
            },
            {
                "delta": 31130,
                "node": "17"
            },
            {
                "delta": 31130,
                "node": "1"
            },
            {
                "delta": 31130,
                "node": "20"
            },
            {
                "delta": 31130,
                "node": "11"
            }
        ],
        "reported_crashes": [
            {
                "delta": 35163,
                "node": "24",
                "reporter": "29"
            },
            {
                "delta": 35447,
                "node": "24",
                "reporter": "14"
            },
            {
                "delta": 35447,
                "node": "15",
                "reporter": "14"
            },
            {
                "delta": 35540,
                "node": "23",
                "reporter": "8"
            },
            {
                "delta": 35567,
                "node": "6",
                "reporter": "18"
            },
            {
                "delta": 35567,
                "node": "24",
                "reporter": "18"
            },
            {
                "delta": 35567,
                "node": "17",
                "reporter": "18"
            },
            {
                "delta": 35568,
                "node": "24",
                "reporter": "22"
            },
            {
                "delta": 35568,
                "node": "30",
                "reporter": "22"
            },
            {
                "delta": 35570,
                "node": "1",
                "reporter": "25"
            },
            {
                "delta": 35571,
                "node": "24",
                "reporter": "25"
            },
            {
                "delta": 35571,
                "node": "30",
                "reporter": "25"
            },
            {
                "delta": 35572,
                "node": "30",
                "reporter": "29"
            },
            {
                "delta": 35576,
                "node": "19",
                "reporter": "16"
            },
            {
                "delta": 35600,
                "node": "24",
                "reporter": "8"
            },
            {
                "delta": 35600,
                "node": "30",
                "reporter": "8"
            },
            {
                "delta": 35600,
                "node": "27",
                "reporter": "8"
            },
            {
                "delta": 35612,
                "node": "19",
                "reporter": "29"
            },
            {
                "delta": 35612,
                "node": "7",
                "reporter": "29"
            },
            {
                "delta": 35639,
                "node": "23",
                "reporter": "12"
            },
            {
                "delta": 35639,
                "node": "2",
                "reporter": "12"
            },
            {
                "delta": 35639,
                "node": "11",
                "reporter": "12"
            },
            {
                "delta": 35647,
                "node": "26",
                "reporter": "4"
            },
            {
                "delta": 35647,
                "node": "13",
                "reporter": "4"
            },
            {
                "delta": 35647,
                "node": "10",
                "reporter": "4"
            },
            {
                "delta": 35647,
                "node": "3",
                "reporter": "4"
            },
            {
                "delta": 35712,
                "node": "26",
                "reporter": "29"
            },
            {
                "delta": 35713,
                "node": "13",
                "reporter": "29"
            },
            {
                "delta": 35713,
                "node": "3",
                "reporter": "29"
            },
            {
                "delta": 35716,
                "node": "30",
                "reporter": "4"
            },
            {
                "delta": 35717,
                "node": "9",
                "reporter": "4"
            },
            {
                "delta": 35720,
                "node": "19",
                "reporter": "8"
            },
            {
                "delta": 35720,
                "node": "20",
                "reporter": "8"
            },
            {
                "delta": 35726,
                "node": "23",
                "reporter": "5"
            },
            {
                "delta": 35726,
                "node": "2",
                "reporter": "5"
            },
            {
                "delta": 35726,
                "node": "11",
                "reporter": "5"
            },
            {
                "delta": 35742,
                "node": "1",
                "reporter": "29"
            },
            {
                "delta": 35742,
                "node": "21",
                "reporter": "29"
            },
            {
                "delta": 35742,
                "node": "28",
                "reporter": "29"
            },
            {
                "delta": 35750,
                "node": "19",
                "reporter": "12"
            },
            {
                "delta": 35750,
                "node": "24",
                "reporter": "12"
            },
            {
                "delta": 35750,
                "node": "26",
                "reporter": "12"
            },
            {
                "delta": 35750,
                "node": "30",
                "reporter": "12"
            },
            {
                "delta": 35750,
                "node": "7",
                "reporter": "12"
            },
            {
                "delta": 35750,
                "node": "13",
                "reporter": "12"
            },
            {
                "delta": 35750,
                "node": "3",
                "reporter": "12"
            },
            {
                "delta": 35850,
                "node": "19",
                "reporter": "25"
            },
            {
                "delta": 35850,
                "node": "23",
                "reporter": "25"
            },
            {
                "delta": 35850,
                "node": "2",
                "reporter": "25"
            },
            {
                "delta": 35850,
                "node": "26",
                "reporter": "25"
            },
            {
                "delta": 35851,
                "node": "7",
                "reporter": "25"
            },
            {
                "delta": 35851,
                "node": "13",
                "reporter": "25"
            },
            {
                "delta": 35851,
                "node": "3",
                "reporter": "25"
            },
            {
                "delta": 35851,
                "node": "11",
                "reporter": "25"
            },
            {
                "delta": 35918,
                "node": "19",
                "reporter": "22"
            },
            {
                "delta": 35918,
                "node": "23",
                "reporter": "22"
            },
            {
                "delta": 35919,
                "node": "20",
                "reporter": "22"
            },
            {
                "delta": 35919,
                "node": "27",
                "reporter": "22"
            },
            {
                "delta": 35969,
                "node": "1",
                "reporter": "12"
            },
            {
                "delta": 36017,
                "node": "6",
                "reporter": "4"
            },
            {
                "delta": 36017,
                "node": "24",
                "reporter": "4"
            },
            {
                "delta": 36017,
                "node": "17",
                "reporter": "4"
            },
            {
                "delta": 36047,
                "node": "23",
                "reporter": "16"
            },
            {
                "delta": 36047,
                "node": "1",
                "reporter": "16"
            },
            {
                "delta": 36047,
                "node": "24",
                "reporter": "16"
            },
            {
                "delta": 36047,
                "node": "2",
                "reporter": "16"
            },
            {
                "delta": 36047,
                "node": "26",
                "reporter": "16"
            },
            {
                "delta": 36048,
                "node": "30",
                "reporter": "16"
            },
            {
                "delta": 36048,
                "node": "7",
                "reporter": "16"
            },
            {
                "delta": 36049,
                "node": "13",
                "reporter": "16"
            },
            {
                "delta": 36049,
                "node": "3",
                "reporter": "16"
            },
            {
                "delta": 36049,
                "node": "11",
                "reporter": "16"
            },
            {
                "delta": 36158,
                "node": "26",
                "reporter": "18"
            },
            {
                "delta": 36158,
                "node": "30",
                "reporter": "18"
            },
            {
                "delta": 36158,
                "node": "13",
                "reporter": "18"
            },
            {
                "delta": 36158,
                "node": "10",
                "reporter": "18"
            },
            {
                "delta": 36158,
                "node": "3",
                "reporter": "18"
            },
            {
                "delta": 36158,
                "node": "9",
                "reporter": "18"
            },
            {
                "delta": 36558,
                "node": "6",
                "reporter": "22"
            },
            {
                "delta": 36558,
                "node": "26",
                "reporter": "22"
            },
            {
                "delta": 36559,
                "node": "17",
                "reporter": "22"
            },
            {
                "delta": 36559,
                "node": "13",
                "reporter": "22"
            },
            {
                "delta": 36559,
                "node": "10",
                "reporter": "22"
            },
            {
                "delta": 36559,
                "node": "3",
                "reporter": "22"
            },
            {
                "delta": 36559,
                "node": "9",
                "reporter": "22"
            },
            {
                "delta": 36708,
                "node": "19",
                "reporter": "18"
            },
            {
                "delta": 36708,
                "node": "23",
                "reporter": "18"
            },
            {
                "delta": 36708,
                "node": "20",
                "reporter": "18"
            },
            {
                "delta": 36708,
                "node": "27",
                "reporter": "18"
            },
            {
                "delta": 36858,
                "node": "1",
                "reporter": "18"
            },
            {
                "delta": 36858,
                "node": "7",
                "reporter": "18"
            },
            {
                "delta": 36858,
                "node": "21",
                "reporter": "18"
            },
            {
                "delta": 36858,
                "node": "28",
                "reporter": "18"
            },
            {
                "delta": 37012,
                "node": "6",
                "reporter": "29"
            },
            {
                "delta": 37013,
                "node": "23",
                "reporter": "29"
            },
            {
                "delta": 37013,
                "node": "20",
                "reporter": "29"
            },
            {
                "delta": 37013,
                "node": "17",
                "reporter": "29"
            },
            {
                "delta": 37013,
                "node": "27",
                "reporter": "29"
            },
            {
                "delta": 37013,
                "node": "10",
                "reporter": "29"
            },
            {
                "delta": 37013,
                "node": "9",
                "reporter": "29"
            },
            {
                "delta": 37045,
                "node": "19",
                "reporter": "5"
            },
            {
                "delta": 37045,
                "node": "1",
                "reporter": "5"
            },
            {
                "delta": 37045,
                "node": "24",
                "reporter": "5"
            },
            {
                "delta": 37045,
                "node": "26",
                "reporter": "5"
            },
            {
                "delta": 37045,
                "node": "30",
                "reporter": "5"
            },
            {
                "delta": 37045,
                "node": "7",
                "reporter": "5"
            },
            {
                "delta": 37046,
                "node": "13",
                "reporter": "5"
            },
            {
                "delta": 37046,
                "node": "3",
                "reporter": "5"
            },
            {
                "delta": 37228,
                "node": "6",
                "reporter": "14"
            },
            {
                "delta": 37228,
                "node": "19",
                "reporter": "14"
            },
            {
                "delta": 37228,
                "node": "23",
                "reporter": "14"
            },
            {
                "delta": 37228,
                "node": "20",
                "reporter": "14"
            },
            {
                "delta": 37229,
                "node": "26",
                "reporter": "14"
            },
            {
                "delta": 37229,
                "node": "17",
                "reporter": "14"
            },
            {
                "delta": 37229,
                "node": "30",
                "reporter": "14"
            },
            {
                "delta": 37229,
                "node": "7",
                "reporter": "14"
            },
            {
                "delta": 37229,
                "node": "13",
                "reporter": "14"
            },
            {
                "delta": 37229,
                "node": "21",
                "reporter": "14"
            },
            {
                "delta": 37229,
                "node": "27",
                "reporter": "14"
            },
            {
                "delta": 37231,
                "node": "28",
                "reporter": "14"
            },
            {
                "delta": 37231,
                "node": "10",
                "reporter": "14"
            },
            {
                "delta": 37231,
                "node": "3",
                "reporter": "14"
            },
            {
                "delta": 37231,
                "node": "9",
                "reporter": "14"
            },
            {
                "delta": 37237,
                "node": "2",
                "reporter": "18"
            },
            {
                "delta": 37237,
                "node": "11",
                "reporter": "18"
            },
            {
                "delta": 37257,
                "node": "6",
                "reporter": "16"
            },
            {
                "delta": 37257,
                "node": "20",
                "reporter": "16"
            },
            {
                "delta": 37257,
                "node": "15",
                "reporter": "16"
            },
            {
                "delta": 37257,
                "node": "17",
                "reporter": "16"
            },
            {
                "delta": 37257,
                "node": "21",
                "reporter": "16"
            },
            {
                "delta": 37258,
                "node": "27",
                "reporter": "16"
            },
            {
                "delta": 37258,
                "node": "28",
                "reporter": "16"
            },
            {
                "delta": 37258,
                "node": "10",
                "reporter": "16"
            },
            {
                "delta": 37258,
                "node": "9",
                "reporter": "16"
            },
            {
                "delta": 37260,
                "node": "6",
                "reporter": "25"
            },
            {
                "delta": 37260,
                "node": "20",
                "reporter": "25"
            },
            {
                "delta": 37260,
                "node": "17",
                "reporter": "25"
            },
            {
                "delta": 37261,
                "node": "21",
                "reporter": "25"
            },
            {
                "delta": 37261,
                "node": "27",
                "reporter": "25"
            },
            {
                "delta": 37261,
                "node": "28",
                "reporter": "25"
            },
            {
                "delta": 37261,
                "node": "10",
                "reporter": "25"
            },
            {
                "delta": 37261,
                "node": "9",
                "reporter": "25"
            },
            {
                "delta": 37264,
                "node": "6",
                "reporter": "5"
            },
            {
                "delta": 37265,
                "node": "17",
                "reporter": "5"
            },
            {
                "delta": 37265,
                "node": "10",
                "reporter": "5"
            },
            {
                "delta": 37265,
                "node": "9",
                "reporter": "5"
            },
            {
                "delta": 37277,
                "node": "19",
                "reporter": "4"
            },
            {
                "delta": 37277,
                "node": "23",
                "reporter": "4"
            },
            {
                "delta": 37277,
                "node": "1",
                "reporter": "4"
            },
            {
                "delta": 37277,
                "node": "2",
                "reporter": "4"
            },
            {
                "delta": 37277,
                "node": "7",
                "reporter": "4"
            },
            {
                "delta": 37277,
                "node": "11",
                "reporter": "4"
            },
            {
                "delta": 37290,
                "node": "6",
                "reporter": "12"
            },
            {
                "delta": 37290,
                "node": "20",
                "reporter": "12"
            },
            {
                "delta": 37290,
                "node": "17",
                "reporter": "12"
            },
            {
                "delta": 37290,
                "node": "21",
                "reporter": "12"
            },
            {
                "delta": 37290,
                "node": "27",
                "reporter": "12"
            },
            {
                "delta": 37290,
                "node": "28",
                "reporter": "12"
            },
            {
                "delta": 37290,
                "node": "10",
                "reporter": "12"
            },
            {
                "delta": 37290,
                "node": "9",
                "reporter": "12"
            },
            {
                "delta": 37322,
                "node": "15",
                "reporter": "29"
            },
            {
                "delta": 37369,
                "node": "15",
                "reporter": "12"
            },
            {
                "delta": 37372,
                "node": "6",
                "reporter": "8"
            },
            {
                "delta": 37372,
                "node": "1",
                "reporter": "8"
            },
            {
                "delta": 37372,
                "node": "2",
                "reporter": "8"
            },
            {
                "delta": 37372,
                "node": "26",
                "reporter": "8"
            },
            {
                "delta": 37372,
                "node": "17",
                "reporter": "8"
            },
            {
                "delta": 37377,
                "node": "7",
                "reporter": "8"
            },
            {
                "delta": 37377,
                "node": "13",
                "reporter": "8"
            },
            {
                "delta": 37377,
                "node": "21",
                "reporter": "8"
            },
            {
                "delta": 37377,
                "node": "28",
                "reporter": "8"
            },
            {
                "delta": 37377,
                "node": "10",
                "reporter": "8"
            },
            {
                "delta": 37377,
                "node": "3",
                "reporter": "8"
            },
            {
                "delta": 37377,
                "node": "11",
                "reporter": "8"
            },
            {
                "delta": 37377,
                "node": "9",
                "reporter": "8"
            },
            {
                "delta": 37377,
                "node": "1",
                "reporter": "14"
            },
            {
                "delta": 37377,
                "node": "2",
                "reporter": "14"
            },
            {
                "delta": 37377,
                "node": "11",
                "reporter": "14"
            },
            {
                "delta": 37520,
                "node": "15",
                "reporter": "25"
            },
            {
                "delta": 37662,
                "node": "2",
                "reporter": "29"
            },
            {
                "delta": 37662,
                "node": "11",
                "reporter": "29"
            },
            {
                "delta": 37698,
                "node": "1",
                "reporter": "22"
            },
            {
                "delta": 37699,
                "node": "2",
                "reporter": "22"
            },
            {
                "delta": 37699,
                "node": "7",
                "reporter": "22"
            },
            {
                "delta": 37699,
                "node": "11",
                "reporter": "22"
            },
            {
                "delta": 37768,
                "node": "20",
                "reporter": "4"
            },
            {
                "delta": 37768,
                "node": "15",
                "reporter": "4"
            },
            {
                "delta": 37768,
                "node": "21",
                "reporter": "4"
            },
            {
                "delta": 37768,
                "node": "27",
                "reporter": "4"
            },
            {
                "delta": 37768,
                "node": "28",
                "reporter": "4"
            },
            {
                "delta": 37984,
                "node": "20",
                "reporter": "5"
            },
            {
                "delta": 37984,
                "node": "15",
                "reporter": "5"
            },
            {
                "delta": 37985,
                "node": "21",
                "reporter": "5"
            },
            {
                "delta": 37985,
                "node": "27",
                "reporter": "5"
            },
            {
                "delta": 37985,
                "node": "28",
                "reporter": "5"
            },
            {
                "delta": 38080,
                "node": "15",
                "reporter": "8"
            },
            {
                "delta": 38118,
                "node": "15",
                "reporter": "18"
            },
            {
                "delta": 38308,
                "node": "15",
                "reporter": "22"
            },
            {
                "delta": 38308,
                "node": "21",
                "reporter": "22"
            },
            {
                "delta": 38308,
                "node": "28",
                "reporter": "22"
            }
        ]
    }
}