
{
    "id": "00352",
    "seed": 42,
    "repetition": 0,
    "settings": {
        "simulate_catastrophe": true,
        "number_of_nodes": 30,
        "duration": 120000,
        "gossip_delta": 200,
        "failure_delta": 2200,
        "miss_delta": 2200,
        "push_pull": true,
        "pick_strategy": 1,
        "enable_multicast": true,
        "multicast_parameter": 1.0,
        "multicast_max_wait": 2200,
        "expected_first_multicast": 733
    },
    "result": {
        "start_time": 1500759297836,
        "end_time": 1500759417846,
        "expected_crashes": [
            {
                "delta": 31130,
                "node": "27"
            },
            {
                "delta": 31130,
                "node": "13"
            },
            {
                "delta": 31130,
                "node": "10"
            },
            {
                "delta": 31130,
                "node": "21"
            },
            {
                "delta": 31130,
                "node": "30"
            },
            {
                "delta": 31130,
                "node": "3"
            },
            {
                "delta": 31130,
                "node": "28"
            },
            {
                "delta": 31130,
                "node": "6"
            },
            {
                "delta": 31130,
                "node": "24"
            },
            {
                "delta": 31130,
                "node": "9"
            },
            {
                "delta": 31130,
                "node": "19"
            },
            {
                "delta": 31130,
                "node": "7"
            },
            {
                "delta": 31130,
                "node": "23"
            },
            {
                "delta": 31130,
                "node": "26"
            },
            {
                "delta": 31130,
                "node": "15"
            },
            {
                "delta": 31130,
                "node": "2"
            },
            {
                "delta": 31130,
                "node": "17"
            },
            {
                "delta": 31130,
                "node": "1"
            },
            {
                "delta": 31130,
                "node": "20"
            },
            {
                "delta": 31130,
                "node": "11"
            }
        ],
        "reported_crashes": [
            {
                "delta": 35300,
                "node": "21",
                "reporter": "8"
            },
            {
                "delta": 35370,
                "node": "24",
                "reporter": "25"
            },
            {
                "delta": 35469,
                "node": "21",
                "reporter": "4"
            },
            {
                "delta": 35478,
                "node": "9",
                "reporter": "22"
            },
            {
                "delta": 35488,
                "node": "24",
                "reporter": "22"
            },
            {
                "delta": 35490,
                "node": "9",
                "reporter": "25"
            },
            {
                "delta": 35497,
                "node": "13",
                "reporter": "16"
            },
            {
                "delta": 35508,
                "node": "10",
                "reporter": "22"
            },
            {
                "delta": 35531,
                "node": "27",
                "reporter": "8"
            },
            {
                "delta": 35531,
                "node": "17",
                "reporter": "8"
            },
            {
                "delta": 35531,
                "node": "6",
                "reporter": "8"
            },
            {
                "delta": 35531,
                "node": "9",
                "reporter": "8"
            },
            {
                "delta": 35597,
                "node": "6",
                "reporter": "16"
            },
            {
                "delta": 35597,
                "node": "17",
                "reporter": "16"
            },
            {
                "delta": 35597,
                "node": "21",
                "reporter": "16"
            },
            {
                "delta": 35597,
                "node": "27",
                "reporter": "16"
            },
            {
                "delta": 35597,
                "node": "9",
                "reporter": "16"
            },
            {
                "delta": 35600,
                "node": "13",
                "reporter": "8"
            },
            {
                "delta": 35630,
                "node": "19",
                "reporter": "8"
            },
            {
                "delta": 35631,
                "node": "26",
                "reporter": "8"
            },
            {
                "delta": 35645,
                "node": "20",
                "reporter": "12"
            },
            {
                "delta": 35675,
                "node": "23",
                "reporter": "12"
            },
            {
                "delta": 35676,
                "node": "11",
                "reporter": "14"
            },
            {
                "delta": 35705,
                "node": "24",
                "reporter": "29"
            },
            {
                "delta": 35705,
                "node": "2",
                "reporter": "29"
            },
            {
                "delta": 35705,
                "node": "15",
                "reporter": "29"
            },
            {
                "delta": 35706,
                "node": "26",
                "reporter": "29"
            },
            {
                "delta": 35710,
                "node": "7",
                "reporter": "8"
            },
            {
                "delta": 35724,
                "node": "21",
                "reporter": "5"
            },
            {
                "delta": 35724,
                "node": "27",
                "reporter": "5"
            },
            {
                "delta": 35724,
                "node": "9",
                "reporter": "5"
            },
            {
                "delta": 35726,
                "node": "21",
                "reporter": "29"
            },
            {
                "delta": 35726,
                "node": "6",
                "reporter": "14"
            },
            {
                "delta": 35726,
                "node": "19",
                "reporter": "14"
            },
            {
                "delta": 35727,
                "node": "26",
                "reporter": "14"
            },
            {
                "delta": 35727,
                "node": "17",
                "reporter": "14"
            },
            {
                "delta": 35727,
                "node": "13",
                "reporter": "14"
            },
            {
                "delta": 35727,
                "node": "21",
                "reporter": "14"
            },
            {
                "delta": 35727,
                "node": "27",
                "reporter": "14"
            },
            {
                "delta": 35730,
                "node": "30",
                "reporter": "25"
            },
            {
                "delta": 35730,
                "node": "21",
                "reporter": "25"
            },
            {
                "delta": 35730,
                "node": "3",
                "reporter": "25"
            },
            {
                "delta": 35737,
                "node": "9",
                "reporter": "14"
            },
            {
                "delta": 35737,
                "node": "24",
                "reporter": "14"
            },
            {
                "delta": 35746,
                "node": "10",
                "reporter": "14"
            },
            {
                "delta": 35758,
                "node": "6",
                "reporter": "22"
            },
            {
                "delta": 35758,
                "node": "19",
                "reporter": "22"
            },
            {
                "delta": 35759,
                "node": "26",
                "reporter": "22"
            },
            {
                "delta": 35759,
                "node": "17",
                "reporter": "22"
            },
            {
                "delta": 35759,
                "node": "13",
                "reporter": "22"
            },
            {
                "delta": 35759,
                "node": "21",
                "reporter": "22"
            },
            {
                "delta": 35759,
                "node": "27",
                "reporter": "22"
            },
            {
                "delta": 35759,
                "node": "11",
                "reporter": "22"
            },
            {
                "delta": 35760,
                "node": "23",
                "reporter": "8"
            },
            {
                "delta": 35760,
                "node": "20",
                "reporter": "8"
            },
            {
                "delta": 35770,
                "node": "1",
                "reporter": "8"
            },
            {
                "delta": 35797,
                "node": "17",
                "reporter": "18"
            },
            {
                "delta": 35797,
                "node": "13",
                "reporter": "18"
            },
            {
                "delta": 35797,
                "node": "21",
                "reporter": "18"
            },
            {
                "delta": 35797,
                "node": "27",
                "reporter": "18"
            },
            {
                "delta": 35797,
                "node": "9",
                "reporter": "18"
            },
            {
                "delta": 35797,
                "node": "6",
                "reporter": "18"
            },
            {
                "delta": 35815,
                "node": "1",
                "reporter": "18"
            },
            {
                "delta": 35815,
                "node": "28",
                "reporter": "18"
            },
            {
                "delta": 35823,
                "node": "7",
                "reporter": "14"
            },
            {
                "delta": 35827,
                "node": "6",
                "reporter": "12"
            },
            {
                "delta": 35827,
                "node": "19",
                "reporter": "12"
            },
            {
                "delta": 35827,
                "node": "26",
                "reporter": "12"
            },
            {
                "delta": 35827,
                "node": "17",
                "reporter": "12"
            },
            {
                "delta": 35827,
                "node": "7",
                "reporter": "12"
            },
            {
                "delta": 35827,
                "node": "13",
                "reporter": "12"
            },
            {
                "delta": 35827,
                "node": "21",
                "reporter": "12"
            },
            {
                "delta": 35827,
                "node": "27",
                "reporter": "12"
            },
            {
                "delta": 35827,
                "node": "9",
                "reporter": "12"
            },
            {
                "delta": 35840,
                "node": "24",
                "reporter": "8"
            },
            {
                "delta": 35840,
                "node": "10",
                "reporter": "8"
            },
            {
                "delta": 35840,
                "node": "11",
                "reporter": "8"
            },
            {
                "delta": 35849,
                "node": "24",
                "reporter": "4"
            },
            {
                "delta": 35849,
                "node": "2",
                "reporter": "4"
            },
            {
                "delta": 35849,
                "node": "15",
                "reporter": "4"
            },
            {
                "delta": 35849,
                "node": "26",
                "reporter": "4"
            },
            {
                "delta": 35878,
                "node": "6",
                "reporter": "4"
            },
            {
                "delta": 35879,
                "node": "19",
                "reporter": "4"
            },
            {
                "delta": 35879,
                "node": "17",
                "reporter": "4"
            },
            {
                "delta": 35879,
                "node": "13",
                "reporter": "4"
            },
            {
                "delta": 35879,
                "node": "27",
                "reporter": "4"
            },
            {
                "delta": 35879,
                "node": "10",
                "reporter": "4"
            },
            {
                "delta": 35965,
                "node": "24",
                "reporter": "12"
            },
            {
                "delta": 35976,
                "node": "2",
                "reporter": "12"
            },
            {
                "delta": 35976,
                "node": "15",
                "reporter": "12"
            },
            {
                "delta": 36030,
                "node": "11",
                "reporter": "4"
            },
            {
                "delta": 36030,
                "node": "9",
                "reporter": "4"
            },
            {
                "delta": 36034,
                "node": "24",
                "reporter": "5"
            },
            {
                "delta": 36034,
                "node": "30",
                "reporter": "5"
            },
            {
                "delta": 36034,
                "node": "3",
                "reporter": "5"
            },
            {
                "delta": 36050,
                "node": "27",
                "reporter": "25"
            },
            {
                "delta": 36065,
                "node": "6",
                "reporter": "29"
            },
            {
                "delta": 36067,
                "node": "19",
                "reporter": "29"
            },
            {
                "delta": 36067,
                "node": "23",
                "reporter": "29"
            },
            {
                "delta": 36067,
                "node": "20",
                "reporter": "29"
            },
            {
                "delta": 36067,
                "node": "17",
                "reporter": "29"
            },
            {
                "delta": 36068,
                "node": "7",
                "reporter": "29"
            },
            {
                "delta": 36068,
                "node": "13",
                "reporter": "29"
            },
            {
                "delta": 36068,
                "node": "27",
                "reporter": "29"
            },
            {
                "delta": 36068,
                "node": "9",
                "reporter": "29"
            },
            {
                "delta": 36075,
                "node": "10",
                "reporter": "12"
            },
            {
                "delta": 36075,
                "node": "11",
                "reporter": "12"
            },
            {
                "delta": 36088,
                "node": "23",
                "reporter": "14"
            },
            {
                "delta": 36088,
                "node": "2",
                "reporter": "14"
            },
            {
                "delta": 36088,
                "node": "20",
                "reporter": "14"
            },
            {
                "delta": 36088,
                "node": "15",
                "reporter": "14"
            },
            {
                "delta": 36160,
                "node": "6",
                "reporter": "25"
            },
            {
                "delta": 36160,
                "node": "17",
                "reporter": "25"
            },
            {
                "delta": 36160,
                "node": "13",
                "reporter": "25"
            },
            {
                "delta": 36167,
                "node": "24",
                "reporter": "16"
            },
            {
                "delta": 36167,
                "node": "30",
                "reporter": "16"
            },
            {
                "delta": 36167,
                "node": "3",
                "reporter": "16"
            },
            {
                "delta": 36169,
                "node": "23",
                "reporter": "22"
            },
            {
                "delta": 36169,
                "node": "2",
                "reporter": "22"
            },
            {
                "delta": 36169,
                "node": "20",
                "reporter": "22"
            },
            {
                "delta": 36169,
                "node": "15",
                "reporter": "22"
            },
            {
                "delta": 36169,
                "node": "7",
                "reporter": "22"
            },
            {
                "delta": 36289,
                "node": "23",
                "reporter": "4"
            },
            {
                "delta": 36289,
                "node": "1",
                "reporter": "4"
            },
            {
                "delta": 36289,
                "node": "20",
                "reporter": "4"
            },
            {
                "delta": 36290,
                "node": "7",
                "reporter": "4"
            },
            {
                "delta": 36300,
                "node": "2",
                "reporter": "8"
            },
            {
                "delta": 36300,
                "node": "15",
                "reporter": "8"
            },
            {
                "delta": 36426,
                "node": "1",
                "reporter": "14"
            },
            {
                "delta": 36426,
                "node": "28",
                "reporter": "14"
            },
            {
                "delta": 36427,
                "node": "19",
                "reporter": "18"
            },
            {
                "delta": 36427,
                "node": "23",
                "reporter": "18"
            },
            {
                "delta": 36427,
                "node": "24",
                "reporter": "18"
            },
            {
                "delta": 36427,
                "node": "2",
                "reporter": "18"
            },
            {
                "delta": 36427,
                "node": "20",
                "reporter": "18"
            },
            {
                "delta": 36427,
                "node": "15",
                "reporter": "18"
            },
            {
                "delta": 36427,
                "node": "26",
                "reporter": "18"
            },
            {
                "delta": 36427,
                "node": "7",
                "reporter": "18"
            },
            {
                "delta": 36427,
                "node": "10",
                "reporter": "18"
            },
            {
                "delta": 36435,
                "node": "11",
                "reporter": "18"
            },
            {
                "delta": 36795,
                "node": "1",
                "reporter": "29"
            },
            {
                "delta": 36795,
                "node": "28",
                "reporter": "29"
            },
            {
                "delta": 36795,
                "node": "10",
                "reporter": "29"
            },
            {
                "delta": 36795,
                "node": "11",
                "reporter": "29"
            },
            {
                "delta": 37276,
                "node": "19",
                "reporter": "16"
            },
            {
                "delta": 37276,
                "node": "23",
                "reporter": "16"
            },
            {
                "delta": 37277,
                "node": "1",
                "reporter": "16"
            },
            {
                "delta": 37277,
                "node": "2",
                "reporter": "16"
            },
            {
                "delta": 37277,
                "node": "20",
                "reporter": "16"
            },
            {
                "delta": 37277,
                "node": "15",
                "reporter": "16"
            },
            {
                "delta": 37277,
                "node": "26",
                "reporter": "16"
            },
            {
                "delta": 37277,
                "node": "7",
                "reporter": "16"
            },
            {
                "delta": 37277,
                "node": "10",
                "reporter": "16"
            },
            {
                "delta": 37278,
                "node": "11",
                "reporter": "16"
            },
            {
                "delta": 37285,
                "node": "30",
                "reporter": "12"
            },
            {
                "delta": 37285,
                "node": "3",
                "reporter": "12"
            },
            {
                "delta": 37305,
                "node": "1",
                "reporter": "12"
            },
            {
                "delta": 37305,
                "node": "28",
                "reporter": "12"
            },
            {
                "delta": 37330,
                "node": "30",
                "reporter": "8"
            },
            {
                "delta": 37330,
                "node": "3",
                "reporter": "8"
            },
            {
                "delta": 37338,
                "node": "1",
                "reporter": "22"
            },
            {
                "delta": 37339,
                "node": "28",
                "reporter": "22"
            },
            {
                "delta": 37394,
                "node": "6",
                "reporter": "5"
            },
            {
                "delta": 37395,
                "node": "19",
                "reporter": "5"
            },
            {
                "delta": 37395,
                "node": "23",
                "reporter": "5"
            },
            {
                "delta": 37395,
                "node": "2",
                "reporter": "5"
            },
            {
                "delta": 37395,
                "node": "20",
                "reporter": "5"
            },
            {
                "delta": 37395,
                "node": "15",
                "reporter": "5"
            },
            {
                "delta": 37395,
                "node": "26",
                "reporter": "5"
            },
            {
                "delta": 37396,
                "node": "17",
                "reporter": "5"
            },
            {
                "delta": 37396,
                "node": "7",
                "reporter": "5"
            },
            {
                "delta": 37396,
                "node": "13",
                "reporter": "5"
            },
            {
                "delta": 37444,
                "node": "30",
                "reporter": "18"
            },
            {
                "delta": 37444,
                "node": "3",
                "reporter": "18"
            },
            {
                "delta": 37529,
                "node": "19",
                "reporter": "25"
            },
            {
                "delta": 37529,
                "node": "23",
                "reporter": "25"
            },
            {
                "delta": 37530,
                "node": "1",
                "reporter": "25"
            },
            {
                "delta": 37530,
                "node": "2",
                "reporter": "25"
            },
            {
                "delta": 37530,
                "node": "20",
                "reporter": "25"
            },
            {
                "delta": 37530,
                "node": "15",
                "reporter": "25"
            },
            {
                "delta": 37530,
                "node": "26",
                "reporter": "25"
            },
            {
                "delta": 37531,
                "node": "7",
                "reporter": "25"
            },
            {
                "delta": 37531,
                "node": "28",
                "reporter": "25"
            },
            {
                "delta": 37531,
                "node": "10",
                "reporter": "25"
            },
            {
                "delta": 37550,
                "node": "11",
                "reporter": "25"
            },
            {
                "delta": 37577,
                "node": "10",
                "reporter": "5"
            },
            {
                "delta": 37577,
                "node": "11",
                "reporter": "5"
            },
            {
                "delta": 37599,
                "node": "30",
                "reporter": "4"
            },
            {
                "delta": 37599,
                "node": "3",
                "reporter": "4"
            },
            {
                "delta": 37635,
                "node": "30",
                "reporter": "29"
            },
            {
                "delta": 37635,
                "node": "3",
                "reporter": "29"
            },
            {
                "delta": 37710,
                "node": "28",
                "reporter": "8"
            },
            {
                "delta": 37917,
                "node": "30",
                "reporter": "14"
            },
            {
                "delta": 37917,
                "node": "3",
                "reporter": "14"
            },
            {
                "delta": 38058,
                "node": "30",
                "reporter": "22"
            },
            {
                "delta": 38058,
                "node": "3",
                "reporter": "22"
            },
            {
                "delta": 38164,
                "node": "1",
                "reporter": "5"
            },
            {
                "delta": 38164,
                "node": "28",
                "reporter": "5"
            },
            {
                "delta": 38177,
                "node": "28",
                "reporter": "16"
            },
            {
                "delta": 39019,
                "node": "28",
                "reporter": "4"
            }
        ]
    }
}