
{
    "id": "00354",
    "seed": 42,
    "repetition": 0,
    "settings": {
        "simulate_catastrophe": true,
        "number_of_nodes": 30,
        "duration": 120000,
        "gossip_delta": 200,
        "failure_delta": 2200,
        "miss_delta": 2200,
        "push_pull": true,
        "pick_strategy": 1,
        "enable_multicast": true,
        "multicast_parameter": 1.0,
        "multicast_max_wait": 4400,
        "expected_first_multicast": 733
    },
    "result": {
        "start_time": 1500759547896,
        "end_time": 1500759667906,
        "expected_crashes": [
            {
                "delta": 31130,
                "node": "27"
            },
            {
                "delta": 31130,
                "node": "13"
            },
            {
                "delta": 31130,
                "node": "10"
            },
            {
                "delta": 31130,
                "node": "21"
            },
            {
                "delta": 31130,
                "node": "30"
            },
            {
                "delta": 31130,
                "node": "3"
            },
            {
                "delta": 31130,
                "node": "28"
            },
            {
                "delta": 31130,
                "node": "6"
            },
            {
                "delta": 31130,
                "node": "24"
            },
            {
                "delta": 31130,
                "node": "9"
            },
            {
                "delta": 31130,
                "node": "19"
            },
            {
                "delta": 31130,
                "node": "7"
            },
            {
                "delta": 31130,
                "node": "23"
            },
            {
                "delta": 31130,
                "node": "26"
            },
            {
                "delta": 31130,
                "node": "15"
            },
            {
                "delta": 31130,
                "node": "2"
            },
            {
                "delta": 31130,
                "node": "17"
            },
            {
                "delta": 31130,
                "node": "1"
            },
            {
                "delta": 31130,
                "node": "20"
            },
            {
                "delta": 31130,
                "node": "11"
            }
        ],
        "reported_crashes": [
            {
                "delta": 35366,
                "node": "17",
                "reporter": "29"
            },
            {
                "delta": 35396,
                "node": "30",
                "reporter": "14"
            },
            {
                "delta": 35415,
                "node": "19",
                "reporter": "12"
            },
            {
                "delta": 35450,
                "node": "21",
                "reporter": "25"
            },
            {
                "delta": 35497,
                "node": "9",
                "reporter": "14"
            },
            {
                "delta": 35506,
                "node": "1",
                "reporter": "14"
            },
            {
                "delta": 35506,
                "node": "7",
                "reporter": "14"
            },
            {
                "delta": 35518,
                "node": "30",
                "reporter": "22"
            },
            {
                "delta": 35518,
                "node": "9",
                "reporter": "22"
            },
            {
                "delta": 35540,
                "node": "2",
                "reporter": "25"
            },
            {
                "delta": 35540,
                "node": "11",
                "reporter": "25"
            },
            {
                "delta": 35585,
                "node": "11",
                "reporter": "5"
            },
            {
                "delta": 35585,
                "node": "1",
                "reporter": "5"
            },
            {
                "delta": 35594,
                "node": "13",
                "reporter": "18"
            },
            {
                "delta": 35596,
                "node": "10",
                "reporter": "16"
            },
            {
                "delta": 35640,
                "node": "15",
                "reporter": "8"
            },
            {
                "delta": 35646,
                "node": "3",
                "reporter": "12"
            },
            {
                "delta": 35650,
                "node": "6",
                "reporter": "25"
            },
            {
                "delta": 35650,
                "node": "23",
                "reporter": "25"
            },
            {
                "delta": 35695,
                "node": "1",
                "reporter": "12"
            },
            {
                "delta": 35695,
                "node": "30",
                "reporter": "12"
            },
            {
                "delta": 35696,
                "node": "7",
                "reporter": "12"
            },
            {
                "delta": 35696,
                "node": "9",
                "reporter": "12"
            },
            {
                "delta": 35706,
                "node": "13",
                "reporter": "16"
            },
            {
                "delta": 35709,
                "node": "23",
                "reporter": "4"
            },
            {
                "delta": 35709,
                "node": "24",
                "reporter": "4"
            },
            {
                "delta": 35717,
                "node": "19",
                "reporter": "14"
            },
            {
                "delta": 35717,
                "node": "3",
                "reporter": "14"
            },
            {
                "delta": 35738,
                "node": "19",
                "reporter": "4"
            },
            {
                "delta": 35763,
                "node": "30",
                "reporter": "18"
            },
            {
                "delta": 35763,
                "node": "1",
                "reporter": "18"
            },
            {
                "delta": 35764,
                "node": "7",
                "reporter": "18"
            },
            {
                "delta": 35764,
                "node": "9",
                "reporter": "18"
            },
            {
                "delta": 35795,
                "node": "20",
                "reporter": "29"
            },
            {
                "delta": 35843,
                "node": "11",
                "reporter": "18"
            },
            {
                "delta": 35864,
                "node": "10",
                "reporter": "18"
            },
            {
                "delta": 35865,
                "node": "19",
                "reporter": "29"
            },
            {
                "delta": 35865,
                "node": "3",
                "reporter": "29"
            },
            {
                "delta": 35932,
                "node": "1",
                "reporter": "8"
            },
            {
                "delta": 35932,
                "node": "26",
                "reporter": "8"
            },
            {
                "delta": 35932,
                "node": "30",
                "reporter": "8"
            },
            {
                "delta": 35932,
                "node": "27",
                "reporter": "8"
            },
            {
                "delta": 35932,
                "node": "28",
                "reporter": "8"
            },
            {
                "delta": 35939,
                "node": "9",
                "reporter": "8"
            },
            {
                "delta": 35969,
                "node": "30",
                "reporter": "4"
            },
            {
                "delta": 35969,
                "node": "9",
                "reporter": "4"
            },
            {
                "delta": 35978,
                "node": "19",
                "reporter": "22"
            },
            {
                "delta": 35978,
                "node": "23",
                "reporter": "22"
            },
            {
                "delta": 35978,
                "node": "24",
                "reporter": "22"
            },
            {
                "delta": 36014,
                "node": "30",
                "reporter": "5"
            },
            {
                "delta": 36014,
                "node": "7",
                "reporter": "5"
            },
            {
                "delta": 36014,
                "node": "13",
                "reporter": "5"
            },
            {
                "delta": 36014,
                "node": "9",
                "reporter": "5"
            },
            {
                "delta": 36060,
                "node": "19",
                "reporter": "8"
            },
            {
                "delta": 36060,
                "node": "23",
                "reporter": "8"
            },
            {
                "delta": 36060,
                "node": "24",
                "reporter": "8"
            },
            {
                "delta": 36068,
                "node": "1",
                "reporter": "22"
            },
            {
                "delta": 36068,
                "node": "15",
                "reporter": "22"
            },
            {
                "delta": 36068,
                "node": "26",
                "reporter": "22"
            },
            {
                "delta": 36068,
                "node": "27",
                "reporter": "22"
            },
            {
                "delta": 36068,
                "node": "28",
                "reporter": "22"
            },
            {
                "delta": 36105,
                "node": "19",
                "reporter": "5"
            },
            {
                "delta": 36105,
                "node": "20",
                "reporter": "5"
            },
            {
                "delta": 36105,
                "node": "17",
                "reporter": "5"
            },
            {
                "delta": 36105,
                "node": "3",
                "reporter": "5"
            },
            {
                "delta": 36109,
                "node": "19",
                "reporter": "25"
            },
            {
                "delta": 36109,
                "node": "1",
                "reporter": "25"
            },
            {
                "delta": 36109,
                "node": "24",
                "reporter": "25"
            },
            {
                "delta": 36110,
                "node": "15",
                "reporter": "25"
            },
            {
                "delta": 36110,
                "node": "26",
                "reporter": "25"
            },
            {
                "delta": 36110,
                "node": "30",
                "reporter": "25"
            },
            {
                "delta": 36110,
                "node": "27",
                "reporter": "25"
            },
            {
                "delta": 36110,
                "node": "28",
                "reporter": "25"
            },
            {
                "delta": 36111,
                "node": "9",
                "reporter": "25"
            },
            {
                "delta": 36170,
                "node": "6",
                "reporter": "8"
            },
            {
                "delta": 36170,
                "node": "2",
                "reporter": "8"
            },
            {
                "delta": 36170,
                "node": "21",
                "reporter": "8"
            },
            {
                "delta": 36170,
                "node": "11",
                "reporter": "8"
            },
            {
                "delta": 36175,
                "node": "23",
                "reporter": "29"
            },
            {
                "delta": 36175,
                "node": "24",
                "reporter": "29"
            },
            {
                "delta": 36176,
                "node": "30",
                "reporter": "29"
            },
            {
                "delta": 36176,
                "node": "9",
                "reporter": "29"
            },
            {
                "delta": 36266,
                "node": "13",
                "reporter": "12"
            },
            {
                "delta": 36266,
                "node": "10",
                "reporter": "12"
            },
            {
                "delta": 36266,
                "node": "11",
                "reporter": "12"
            },
            {
                "delta": 36286,
                "node": "1",
                "reporter": "29"
            },
            {
                "delta": 36286,
                "node": "7",
                "reporter": "29"
            },
            {
                "delta": 36286,
                "node": "13",
                "reporter": "29"
            },
            {
                "delta": 36286,
                "node": "11",
                "reporter": "29"
            },
            {
                "delta": 36299,
                "node": "20",
                "reporter": "4"
            },
            {
                "delta": 36299,
                "node": "17",
                "reporter": "4"
            },
            {
                "delta": 36299,
                "node": "3",
                "reporter": "4"
            },
            {
                "delta": 36410,
                "node": "20",
                "reporter": "25"
            },
            {
                "delta": 36410,
                "node": "17",
                "reporter": "25"
            },
            {
                "delta": 36410,
                "node": "7",
                "reporter": "25"
            },
            {
                "delta": 36410,
                "node": "13",
                "reporter": "25"
            },
            {
                "delta": 36410,
                "node": "3",
                "reporter": "25"
            },
            {
                "delta": 36424,
                "node": "19",
                "reporter": "18"
            },
            {
                "delta": 36424,
                "node": "3",
                "reporter": "18"
            },
            {
                "delta": 36424,
                "node": "23",
                "reporter": "18"
            },
            {
                "delta": 36424,
                "node": "24",
                "reporter": "18"
            },
            {
                "delta": 36424,
                "node": "15",
                "reporter": "18"
            },
            {
                "delta": 36424,
                "node": "26",
                "reporter": "18"
            },
            {
                "delta": 36424,
                "node": "27",
                "reporter": "18"
            },
            {
                "delta": 36424,
                "node": "10",
                "reporter": "5"
            },
            {
                "delta": 36424,
                "node": "28",
                "reporter": "18"
            },
            {
                "delta": 36488,
                "node": "7",
                "reporter": "22"
            },
            {
                "delta": 36488,
                "node": "13",
                "reporter": "22"
            },
            {
                "delta": 36490,
                "node": "10",
                "reporter": "22"
            },
            {
                "delta": 36490,
                "node": "3",
                "reporter": "22"
            },
            {
                "delta": 36490,
                "node": "11",
                "reporter": "22"
            },
            {
                "delta": 36495,
                "node": "20",
                "reporter": "12"
            },
            {
                "delta": 36495,
                "node": "17",
                "reporter": "12"
            },
            {
                "delta": 36539,
                "node": "19",
                "reporter": "16"
            },
            {
                "delta": 36539,
                "node": "23",
                "reporter": "16"
            },
            {
                "delta": 36539,
                "node": "1",
                "reporter": "16"
            },
            {
                "delta": 36539,
                "node": "24",
                "reporter": "16"
            },
            {
                "delta": 36539,
                "node": "15",
                "reporter": "16"
            },
            {
                "delta": 36539,
                "node": "26",
                "reporter": "16"
            },
            {
                "delta": 36539,
                "node": "30",
                "reporter": "16"
            },
            {
                "delta": 36539,
                "node": "7",
                "reporter": "16"
            },
            {
                "delta": 36539,
                "node": "27",
                "reporter": "16"
            },
            {
                "delta": 36539,
                "node": "28",
                "reporter": "16"
            },
            {
                "delta": 36559,
                "node": "3",
                "reporter": "16"
            },
            {
                "delta": 36559,
                "node": "11",
                "reporter": "16"
            },
            {
                "delta": 36559,
                "node": "9",
                "reporter": "16"
            },
            {
                "delta": 36625,
                "node": "6",
                "reporter": "29"
            },
            {
                "delta": 36626,
                "node": "2",
                "reporter": "29"
            },
            {
                "delta": 36626,
                "node": "15",
                "reporter": "29"
            },
            {
                "delta": 36626,
                "node": "26",
                "reporter": "29"
            },
            {
                "delta": 36626,
                "node": "21",
                "reporter": "29"
            },
            {
                "delta": 36626,
                "node": "27",
                "reporter": "29"
            },
            {
                "delta": 36626,
                "node": "28",
                "reporter": "29"
            },
            {
                "delta": 36725,
                "node": "10",
                "reporter": "29"
            },
            {
                "delta": 36804,
                "node": "6",
                "reporter": "18"
            },
            {
                "delta": 36804,
                "node": "2",
                "reporter": "18"
            },
            {
                "delta": 36804,
                "node": "20",
                "reporter": "18"
            },
            {
                "delta": 36804,
                "node": "17",
                "reporter": "18"
            },
            {
                "delta": 36804,
                "node": "21",
                "reporter": "18"
            },
            {
                "delta": 36810,
                "node": "10",
                "reporter": "25"
            },
            {
                "delta": 37018,
                "node": "20",
                "reporter": "22"
            },
            {
                "delta": 37018,
                "node": "17",
                "reporter": "22"
            },
            {
                "delta": 37135,
                "node": "23",
                "reporter": "5"
            },
            {
                "delta": 37135,
                "node": "24",
                "reporter": "5"
            },
            {
                "delta": 37135,
                "node": "15",
                "reporter": "5"
            },
            {
                "delta": 37135,
                "node": "26",
                "reporter": "5"
            },
            {
                "delta": 37135,
                "node": "27",
                "reporter": "5"
            },
            {
                "delta": 37135,
                "node": "28",
                "reporter": "5"
            },
            {
                "delta": 37191,
                "node": "6",
                "reporter": "4"
            },
            {
                "delta": 37191,
                "node": "1",
                "reporter": "4"
            },
            {
                "delta": 37191,
                "node": "2",
                "reporter": "4"
            },
            {
                "delta": 37191,
                "node": "15",
                "reporter": "4"
            },
            {
                "delta": 37191,
                "node": "26",
                "reporter": "4"
            },
            {
                "delta": 37191,
                "node": "7",
                "reporter": "4"
            },
            {
                "delta": 37191,
                "node": "13",
                "reporter": "4"
            },
            {
                "delta": 37191,
                "node": "21",
                "reporter": "4"
            },
            {
                "delta": 37191,
                "node": "27",
                "reporter": "4"
            },
            {
                "delta": 37191,
                "node": "28",
                "reporter": "4"
            },
            {
                "delta": 37326,
                "node": "20",
                "reporter": "16"
            },
            {
                "delta": 37326,
                "node": "17",
                "reporter": "16"
            },
            {
                "delta": 37372,
                "node": "10",
                "reporter": "4"
            },
            {
                "delta": 37372,
                "node": "11",
                "reporter": "4"
            },
            {
                "delta": 37378,
                "node": "6",
                "reporter": "14"
            },
            {
                "delta": 37378,
                "node": "23",
                "reporter": "14"
            },
            {
                "delta": 37378,
                "node": "24",
                "reporter": "14"
            },
            {
                "delta": 37378,
                "node": "2",
                "reporter": "14"
            },
            {
                "delta": 37378,
                "node": "20",
                "reporter": "14"
            },
            {
                "delta": 37378,
                "node": "15",
                "reporter": "14"
            },
            {
                "delta": 37378,
                "node": "26",
                "reporter": "14"
            },
            {
                "delta": 37378,
                "node": "17",
                "reporter": "14"
            },
            {
                "delta": 37378,
                "node": "13",
                "reporter": "14"
            },
            {
                "delta": 37378,
                "node": "21",
                "reporter": "14"
            },
            {
                "delta": 37378,
                "node": "27",
                "reporter": "14"
            },
            {
                "delta": 37378,
                "node": "28",
                "reporter": "14"
            },
            {
                "delta": 37378,
                "node": "10",
                "reporter": "14"
            },
            {
                "delta": 37378,
                "node": "11",
                "reporter": "14"
            },
            {
                "delta": 37496,
                "node": "23",
                "reporter": "12"
            },
            {
                "delta": 37496,
                "node": "24",
                "reporter": "12"
            },
            {
                "delta": 37496,
                "node": "15",
                "reporter": "12"
            },
            {
                "delta": 37496,
                "node": "26",
                "reporter": "12"
            },
            {
                "delta": 37496,
                "node": "27",
                "reporter": "12"
            },
            {
                "delta": 37496,
                "node": "28",
                "reporter": "12"
            },
            {
                "delta": 37560,
                "node": "20",
                "reporter": "8"
            },
            {
                "delta": 37561,
                "node": "17",
                "reporter": "8"
            },
            {
                "delta": 37561,
                "node": "7",
                "reporter": "8"
            },
            {
                "delta": 37561,
                "node": "13",
                "reporter": "8"
            },
            {
                "delta": 37561,
                "node": "10",
                "reporter": "8"
            },
            {
                "delta": 37561,
                "node": "3",
                "reporter": "8"
            },
            {
                "delta": 37587,
                "node": "6",
                "reporter": "16"
            },
            {
                "delta": 37587,
                "node": "2",
                "reporter": "16"
            },
            {
                "delta": 37587,
                "node": "21",
                "reporter": "16"
            },
            {
                "delta": 37596,
                "node": "6",
                "reporter": "12"
            },
            {
                "delta": 37596,
                "node": "2",
                "reporter": "12"
            },
            {
                "delta": 37596,
                "node": "21",
                "reporter": "12"
            },
            {
                "delta": 37985,
                "node": "6",
                "reporter": "5"
            },
            {
                "delta": 37985,
                "node": "2",
                "reporter": "5"
            },
            {
                "delta": 37985,
                "node": "21",
                "reporter": "5"
            },
            {
                "delta": 38018,
                "node": "6",
                "reporter": "22"
            },
            {
                "delta": 38018,
                "node": "2",
                "reporter": "22"
            },
            {
                "delta": 38018,
                "node": "21",
                "reporter": "22"
            }
        ]
    }
}