
{
    "id": "00350",
    "seed": 42,
    "repetition": 0,
    "settings": {
        "simulate_catastrophe": true,
        "number_of_nodes": 30,
        "duration": 120000,
        "gossip_delta": 200,
        "failure_delta": 2200,
        "miss_delta": 2200,
        "push_pull": true,
        "pick_strategy": 0,
        "enable_multicast": true,
        "multicast_parameter": 1.0,
        "multicast_max_wait": 4400,
        "expected_first_multicast": 1466
    },
    "result": {
        "start_time": 1500759047777,
        "end_time": 1500759167787,
        "expected_crashes": [
            {
                "delta": 31130,
                "node": "27"
            },
            {
                "delta": 31130,
                "node": "13"
            },
            {
                "delta": 31130,
                "node": "10"
            },
            {
                "delta": 31130,
                "node": "21"
            },
            {
                "delta": 31130,
                "node": "30"
            },
            {
                "delta": 31130,
                "node": "3"
            },
            {
                "delta": 31130,
                "node": "28"
            },
            {
                "delta": 31130,
                "node": "6"
            },
            {
                "delta": 31130,
                "node": "24"
            },
            {
                "delta": 31130,
                "node": "9"
            },
            {
                "delta": 31130,
                "node": "19"
            },
            {
                "delta": 31130,
                "node": "7"
            },
            {
                "delta": 31130,
                "node": "23"
            },
            {
                "delta": 31130,
                "node": "26"
            },
            {
                "delta": 31130,
                "node": "15"
            },
            {
                "delta": 31130,
                "node": "2"
            },
            {
                "delta": 31130,
                "node": "17"
            },
            {
                "delta": 31130,
                "node": "1"
            },
            {
                "delta": 31130,
                "node": "20"
            },
            {
                "delta": 31130,
                "node": "11"
            }
        ],
        "reported_crashes": [
            {
                "delta": 35336,
                "node": "17",
                "reporter": "16"
            },
            {
                "delta": 35337,
                "node": "13",
                "reporter": "22"
            },
            {
                "delta": 35389,
                "node": "13",
                "reporter": "25"
            },
            {
                "delta": 35454,
                "node": "23",
                "reporter": "12"
            },
            {
                "delta": 35496,
                "node": "23",
                "reporter": "16"
            },
            {
                "delta": 35496,
                "node": "13",
                "reporter": "14"
            },
            {
                "delta": 35511,
                "node": "21",
                "reporter": "29"
            },
            {
                "delta": 35565,
                "node": "19",
                "reporter": "14"
            },
            {
                "delta": 35566,
                "node": "19",
                "reporter": "18"
            },
            {
                "delta": 35566,
                "node": "11",
                "reporter": "18"
            },
            {
                "delta": 35588,
                "node": "26",
                "reporter": "4"
            },
            {
                "delta": 35604,
                "node": "7",
                "reporter": "12"
            },
            {
                "delta": 35604,
                "node": "21",
                "reporter": "12"
            },
            {
                "delta": 35613,
                "node": "13",
                "reporter": "5"
            },
            {
                "delta": 35615,
                "node": "13",
                "reporter": "16"
            },
            {
                "delta": 35631,
                "node": "30",
                "reporter": "29"
            },
            {
                "delta": 35631,
                "node": "10",
                "reporter": "29"
            },
            {
                "delta": 35631,
                "node": "3",
                "reporter": "29"
            },
            {
                "delta": 35633,
                "node": "2",
                "reporter": "5"
            },
            {
                "delta": 35637,
                "node": "6",
                "reporter": "22"
            },
            {
                "delta": 35637,
                "node": "23",
                "reporter": "22"
            },
            {
                "delta": 35639,
                "node": "19",
                "reporter": "25"
            },
            {
                "delta": 35659,
                "node": "2",
                "reporter": "8"
            },
            {
                "delta": 35659,
                "node": "13",
                "reporter": "8"
            },
            {
                "delta": 35668,
                "node": "17",
                "reporter": "4"
            },
            {
                "delta": 35676,
                "node": "17",
                "reporter": "22"
            },
            {
                "delta": 35685,
                "node": "20",
                "reporter": "14"
            },
            {
                "delta": 35687,
                "node": "19",
                "reporter": "16"
            },
            {
                "delta": 35687,
                "node": "1",
                "reporter": "16"
            },
            {
                "delta": 35695,
                "node": "15",
                "reporter": "14"
            },
            {
                "delta": 35709,
                "node": "2",
                "reporter": "25"
            },
            {
                "delta": 35786,
                "node": "21",
                "reporter": "18"
            },
            {
                "delta": 35786,
                "node": "9",
                "reporter": "18"
            },
            {
                "delta": 35795,
                "node": "24",
                "reporter": "14"
            },
            {
                "delta": 35801,
                "node": "27",
                "reporter": "29"
            },
            {
                "delta": 35801,
                "node": "28",
                "reporter": "29"
            },
            {
                "delta": 35838,
                "node": "19",
                "reporter": "4"
            },
            {
                "delta": 35838,
                "node": "11",
                "reporter": "4"
            },
            {
                "delta": 35991,
                "node": "19",
                "reporter": "29"
            },
            {
                "delta": 35992,
                "node": "23",
                "reporter": "29"
            },
            {
                "delta": 35992,
                "node": "1",
                "reporter": "29"
            },
            {
                "delta": 35992,
                "node": "17",
                "reporter": "29"
            },
            {
                "delta": 35992,
                "node": "13",
                "reporter": "29"
            },
            {
                "delta": 35995,
                "node": "30",
                "reporter": "16"
            },
            {
                "delta": 35995,
                "node": "21",
                "reporter": "16"
            },
            {
                "delta": 35996,
                "node": "27",
                "reporter": "16"
            },
            {
                "delta": 35996,
                "node": "28",
                "reporter": "16"
            },
            {
                "delta": 35996,
                "node": "10",
                "reporter": "16"
            },
            {
                "delta": 35996,
                "node": "3",
                "reporter": "16"
            },
            {
                "delta": 36065,
                "node": "2",
                "reporter": "14"
            },
            {
                "delta": 36080,
                "node": "19",
                "reporter": "8"
            },
            {
                "delta": 36080,
                "node": "24",
                "reporter": "8"
            },
            {
                "delta": 36080,
                "node": "20",
                "reporter": "8"
            },
            {
                "delta": 36080,
                "node": "15",
                "reporter": "8"
            },
            {
                "delta": 36219,
                "node": "24",
                "reporter": "25"
            },
            {
                "delta": 36219,
                "node": "20",
                "reporter": "25"
            },
            {
                "delta": 36219,
                "node": "15",
                "reporter": "25"
            },
            {
                "delta": 36314,
                "node": "19",
                "reporter": "5"
            },
            {
                "delta": 36314,
                "node": "24",
                "reporter": "5"
            },
            {
                "delta": 36314,
                "node": "20",
                "reporter": "5"
            },
            {
                "delta": 36314,
                "node": "15",
                "reporter": "5"
            },
            {
                "delta": 36317,
                "node": "7",
                "reporter": "22"
            },
            {
                "delta": 36317,
                "node": "21",
                "reporter": "22"
            },
            {
                "delta": 36324,
                "node": "6",
                "reporter": "12"
            },
            {
                "delta": 36324,
                "node": "17",
                "reporter": "12"
            },
            {
                "delta": 36324,
                "node": "13",
                "reporter": "12"
            },
            {
                "delta": 36396,
                "node": "11",
                "reporter": "16"
            },
            {
                "delta": 36396,
                "node": "9",
                "reporter": "16"
            },
            {
                "delta": 36547,
                "node": "23",
                "reporter": "18"
            },
            {
                "delta": 36547,
                "node": "1",
                "reporter": "18"
            },
            {
                "delta": 36547,
                "node": "17",
                "reporter": "18"
            },
            {
                "delta": 36547,
                "node": "30",
                "reporter": "18"
            },
            {
                "delta": 36547,
                "node": "13",
                "reporter": "18"
            },
            {
                "delta": 36547,
                "node": "27",
                "reporter": "18"
            },
            {
                "delta": 36547,
                "node": "28",
                "reporter": "18"
            },
            {
                "delta": 36547,
                "node": "10",
                "reporter": "18"
            },
            {
                "delta": 36547,
                "node": "3",
                "reporter": "18"
            },
            {
                "delta": 36556,
                "node": "24",
                "reporter": "18"
            },
            {
                "delta": 36630,
                "node": "23",
                "reporter": "8"
            },
            {
                "delta": 36630,
                "node": "1",
                "reporter": "8"
            },
            {
                "delta": 36630,
                "node": "17",
                "reporter": "8"
            },
            {
                "delta": 36630,
                "node": "30",
                "reporter": "8"
            },
            {
                "delta": 36630,
                "node": "21",
                "reporter": "8"
            },
            {
                "delta": 36630,
                "node": "27",
                "reporter": "8"
            },
            {
                "delta": 36630,
                "node": "28",
                "reporter": "8"
            },
            {
                "delta": 36631,
                "node": "10",
                "reporter": "8"
            },
            {
                "delta": 36631,
                "node": "3",
                "reporter": "8"
            },
            {
                "delta": 36631,
                "node": "11",
                "reporter": "8"
            },
            {
                "delta": 36695,
                "node": "2",
                "reporter": "18"
            },
            {
                "delta": 36695,
                "node": "20",
                "reporter": "18"
            },
            {
                "delta": 36695,
                "node": "15",
                "reporter": "18"
            },
            {
                "delta": 36706,
                "node": "9",
                "reporter": "8"
            },
            {
                "delta": 36765,
                "node": "23",
                "reporter": "5"
            },
            {
                "delta": 36765,
                "node": "1",
                "reporter": "5"
            },
            {
                "delta": 36765,
                "node": "17",
                "reporter": "5"
            },
            {
                "delta": 36765,
                "node": "30",
                "reporter": "5"
            },
            {
                "delta": 36765,
                "node": "21",
                "reporter": "5"
            },
            {
                "delta": 36765,
                "node": "27",
                "reporter": "5"
            },
            {
                "delta": 36765,
                "node": "28",
                "reporter": "5"
            },
            {
                "delta": 36765,
                "node": "10",
                "reporter": "5"
            },
            {
                "delta": 36765,
                "node": "3",
                "reporter": "5"
            },
            {
                "delta": 36866,
                "node": "24",
                "reporter": "16"
            },
            {
                "delta": 36866,
                "node": "2",
                "reporter": "16"
            },
            {
                "delta": 36866,
                "node": "20",
                "reporter": "16"
            },
            {
                "delta": 36866,
                "node": "15",
                "reporter": "16"
            },
            {
                "delta": 36867,
                "node": "19",
                "reporter": "22"
            },
            {
                "delta": 36867,
                "node": "1",
                "reporter": "22"
            },
            {
                "delta": 36867,
                "node": "30",
                "reporter": "22"
            },
            {
                "delta": 36868,
                "node": "27",
                "reporter": "22"
            },
            {
                "delta": 36868,
                "node": "28",
                "reporter": "22"
            },
            {
                "delta": 36868,
                "node": "10",
                "reporter": "22"
            },
            {
                "delta": 36868,
                "node": "3",
                "reporter": "22"
            },
            {
                "delta": 36941,
                "node": "24",
                "reporter": "29"
            },
            {
                "delta": 36941,
                "node": "2",
                "reporter": "29"
            },
            {
                "delta": 36941,
                "node": "20",
                "reporter": "29"
            },
            {
                "delta": 36941,
                "node": "15",
                "reporter": "29"
            },
            {
                "delta": 36966,
                "node": "19",
                "reporter": "12"
            },
            {
                "delta": 36966,
                "node": "1",
                "reporter": "12"
            },
            {
                "delta": 36966,
                "node": "24",
                "reporter": "12"
            },
            {
                "delta": 36966,
                "node": "2",
                "reporter": "12"
            },
            {
                "delta": 36966,
                "node": "20",
                "reporter": "12"
            },
            {
                "delta": 36966,
                "node": "15",
                "reporter": "12"
            },
            {
                "delta": 36966,
                "node": "30",
                "reporter": "12"
            },
            {
                "delta": 36966,
                "node": "27",
                "reporter": "12"
            },
            {
                "delta": 36966,
                "node": "28",
                "reporter": "12"
            },
            {
                "delta": 36966,
                "node": "10",
                "reporter": "12"
            },
            {
                "delta": 36988,
                "node": "6",
                "reporter": "4"
            },
            {
                "delta": 36988,
                "node": "23",
                "reporter": "4"
            },
            {
                "delta": 36988,
                "node": "1",
                "reporter": "4"
            },
            {
                "delta": 36988,
                "node": "30",
                "reporter": "4"
            },
            {
                "delta": 36989,
                "node": "7",
                "reporter": "4"
            },
            {
                "delta": 36989,
                "node": "13",
                "reporter": "4"
            },
            {
                "delta": 36989,
                "node": "21",
                "reporter": "4"
            },
            {
                "delta": 36990,
                "node": "27",
                "reporter": "4"
            },
            {
                "delta": 36990,
                "node": "28",
                "reporter": "4"
            },
            {
                "delta": 36990,
                "node": "10",
                "reporter": "4"
            },
            {
                "delta": 36997,
                "node": "26",
                "reporter": "22"
            },
            {
                "delta": 36997,
                "node": "11",
                "reporter": "22"
            },
            {
                "delta": 37042,
                "node": "6",
                "reporter": "29"
            },
            {
                "delta": 37042,
                "node": "7",
                "reporter": "29"
            },
            {
                "delta": 37059,
                "node": "23",
                "reporter": "25"
            },
            {
                "delta": 37059,
                "node": "1",
                "reporter": "25"
            },
            {
                "delta": 37059,
                "node": "17",
                "reporter": "25"
            },
            {
                "delta": 37059,
                "node": "30",
                "reporter": "25"
            },
            {
                "delta": 37061,
                "node": "21",
                "reporter": "25"
            },
            {
                "delta": 37061,
                "node": "27",
                "reporter": "25"
            },
            {
                "delta": 37061,
                "node": "28",
                "reporter": "25"
            },
            {
                "delta": 37061,
                "node": "10",
                "reporter": "25"
            },
            {
                "delta": 37061,
                "node": "3",
                "reporter": "25"
            },
            {
                "delta": 37061,
                "node": "11",
                "reporter": "25"
            },
            {
                "delta": 37079,
                "node": "9",
                "reporter": "25"
            },
            {
                "delta": 37089,
                "node": "6",
                "reporter": "25"
            },
            {
                "delta": 37089,
                "node": "26",
                "reporter": "25"
            },
            {
                "delta": 37089,
                "node": "7",
                "reporter": "25"
            },
            {
                "delta": 37106,
                "node": "6",
                "reporter": "18"
            },
            {
                "delta": 37106,
                "node": "7",
                "reporter": "18"
            },
            {
                "delta": 37115,
                "node": "3",
                "reporter": "12"
            },
            {
                "delta": 37115,
                "node": "11",
                "reporter": "12"
            },
            {
                "delta": 37115,
                "node": "9",
                "reporter": "12"
            },
            {
                "delta": 37147,
                "node": "24",
                "reporter": "22"
            },
            {
                "delta": 37147,
                "node": "2",
                "reporter": "22"
            },
            {
                "delta": 37147,
                "node": "20",
                "reporter": "22"
            },
            {
                "delta": 37148,
                "node": "15",
                "reporter": "22"
            },
            {
                "delta": 37148,
                "node": "9",
                "reporter": "22"
            },
            {
                "delta": 37169,
                "node": "3",
                "reporter": "4"
            },
            {
                "delta": 37186,
                "node": "6",
                "reporter": "14"
            },
            {
                "delta": 37186,
                "node": "23",
                "reporter": "14"
            },
            {
                "delta": 37186,
                "node": "1",
                "reporter": "14"
            },
            {
                "delta": 37186,
                "node": "17",
                "reporter": "14"
            },
            {
                "delta": 37186,
                "node": "7",
                "reporter": "14"
            },
            {
                "delta": 37186,
                "node": "21",
                "reporter": "14"
            },
            {
                "delta": 37186,
                "node": "27",
                "reporter": "14"
            },
            {
                "delta": 37186,
                "node": "28",
                "reporter": "14"
            },
            {
                "delta": 37186,
                "node": "10",
                "reporter": "14"
            },
            {
                "delta": 37186,
                "node": "3",
                "reporter": "14"
            },
            {
                "delta": 37319,
                "node": "24",
                "reporter": "4"
            },
            {
                "delta": 37319,
                "node": "2",
                "reporter": "4"
            },
            {
                "delta": 37319,
                "node": "20",
                "reporter": "4"
            },
            {
                "delta": 37319,
                "node": "15",
                "reporter": "4"
            },
            {
                "delta": 37319,
                "node": "9",
                "reporter": "4"
            },
            {
                "delta": 37323,
                "node": "11",
                "reporter": "5"
            },
            {
                "delta": 37323,
                "node": "9",
                "reporter": "5"
            },
            {
                "delta": 37333,
                "node": "11",
                "reporter": "14"
            },
            {
                "delta": 37333,
                "node": "30",
                "reporter": "14"
            },
            {
                "delta": 37333,
                "node": "9",
                "reporter": "14"
            },
            {
                "delta": 37345,
                "node": "26",
                "reporter": "14"
            },
            {
                "delta": 37394,
                "node": "6",
                "reporter": "5"
            },
            {
                "delta": 37394,
                "node": "7",
                "reporter": "5"
            },
            {
                "delta": 37405,
                "node": "26",
                "reporter": "12"
            },
            {
                "delta": 37469,
                "node": "6",
                "reporter": "8"
            },
            {
                "delta": 37469,
                "node": "26",
                "reporter": "8"
            },
            {
                "delta": 37469,
                "node": "7",
                "reporter": "8"
            },
            {
                "delta": 37571,
                "node": "11",
                "reporter": "29"
            },
            {
                "delta": 37571,
                "node": "9",
                "reporter": "29"
            },
            {
                "delta": 37743,
                "node": "26",
                "reporter": "5"
            },
            {
                "delta": 38106,
                "node": "6",
                "reporter": "16"
            },
            {
                "delta": 38106,
                "node": "7",
                "reporter": "16"
            },
            {
                "delta": 38106,
                "node": "26",
                "reporter": "16"
            },
            {
                "delta": 38185,
                "node": "26",
                "reporter": "18"
            },
            {
                "delta": 38231,
                "node": "26",
                "reporter": "29"
            }
        ]
    }
}