
{
    "id": "00360",
    "seed": 42,
    "repetition": 0,
    "settings": {
        "simulate_catastrophe": true,
        "number_of_nodes": 30,
        "duration": 120000,
        "gossip_delta": 200,
        "failure_delta": 2200,
        "miss_delta": 2200,
        "push_pull": true,
        "pick_strategy": 2,
        "enable_multicast": true,
        "multicast_parameter": 1.0,
        "multicast_max_wait": 4400,
        "expected_first_multicast": 1466
    },
    "result": {
        "start_time": 1500760298076,
        "end_time": 1500760418087,
        "expected_crashes": [
            {
                "delta": 31130,
                "node": "27"
            },
            {
                "delta": 31130,
                "node": "13"
            },
            {
                "delta": 31130,
                "node": "10"
            },
            {
                "delta": 31130,
                "node": "21"
            },
            {
                "delta": 31130,
                "node": "30"
            },
            {
                "delta": 31130,
                "node": "3"
            },
            {
                "delta": 31130,
                "node": "28"
            },
            {
                "delta": 31130,
                "node": "6"
            },
            {
                "delta": 31130,
                "node": "24"
            },
            {
                "delta": 31130,
                "node": "9"
            },
            {
                "delta": 31130,
                "node": "19"
            },
            {
                "delta": 31130,
                "node": "7"
            },
            {
                "delta": 31130,
                "node": "23"
            },
            {
                "delta": 31130,
                "node": "26"
            },
            {
                "delta": 31130,
                "node": "15"
            },
            {
                "delta": 31130,
                "node": "2"
            },
            {
                "delta": 31130,
                "node": "17"
            },
            {
                "delta": 31130,
                "node": "1"
            },
            {
                "delta": 31130,
                "node": "20"
            },
            {
                "delta": 31130,
                "node": "11"
            }
        ],
        "reported_crashes": [
            {
                "delta": 35268,
                "node": "20",
                "reporter": "16"
            },
            {
                "delta": 35430,
                "node": "1",
                "reporter": "25"
            },
            {
                "delta": 35430,
                "node": "20",
                "reporter": "25"
            },
            {
                "delta": 35430,
                "node": "27",
                "reporter": "25"
            },
            {
                "delta": 35507,
                "node": "17",
                "reporter": "16"
            },
            {
                "delta": 35548,
                "node": "7",
                "reporter": "16"
            },
            {
                "delta": 35552,
                "node": "24",
                "reporter": "18"
            },
            {
                "delta": 35554,
                "node": "21",
                "reporter": "8"
            },
            {
                "delta": 35611,
                "node": "3",
                "reporter": "29"
            },
            {
                "delta": 35619,
                "node": "20",
                "reporter": "12"
            },
            {
                "delta": 35625,
                "node": "9",
                "reporter": "5"
            },
            {
                "delta": 35627,
                "node": "15",
                "reporter": "16"
            },
            {
                "delta": 35628,
                "node": "21",
                "reporter": "16"
            },
            {
                "delta": 35641,
                "node": "1",
                "reporter": "4"
            },
            {
                "delta": 35641,
                "node": "27",
                "reporter": "4"
            },
            {
                "delta": 35641,
                "node": "10",
                "reporter": "4"
            },
            {
                "delta": 35641,
                "node": "20",
                "reporter": "4"
            },
            {
                "delta": 35647,
                "node": "20",
                "reporter": "14"
            },
            {
                "delta": 35647,
                "node": "11",
                "reporter": "14"
            },
            {
                "delta": 35679,
                "node": "23",
                "reporter": "12"
            },
            {
                "delta": 35679,
                "node": "30",
                "reporter": "12"
            },
            {
                "delta": 35679,
                "node": "13",
                "reporter": "12"
            },
            {
                "delta": 35707,
                "node": "23",
                "reporter": "14"
            },
            {
                "delta": 35707,
                "node": "30",
                "reporter": "14"
            },
            {
                "delta": 35707,
                "node": "13",
                "reporter": "14"
            },
            {
                "delta": 35712,
                "node": "26",
                "reporter": "29"
            },
            {
                "delta": 35719,
                "node": "11",
                "reporter": "12"
            },
            {
                "delta": 35722,
                "node": "1",
                "reporter": "22"
            },
            {
                "delta": 35722,
                "node": "20",
                "reporter": "22"
            },
            {
                "delta": 35722,
                "node": "27",
                "reporter": "22"
            },
            {
                "delta": 35723,
                "node": "10",
                "reporter": "22"
            },
            {
                "delta": 35759,
                "node": "9",
                "reporter": "12"
            },
            {
                "delta": 35761,
                "node": "20",
                "reporter": "29"
            },
            {
                "delta": 35761,
                "node": "17",
                "reporter": "29"
            },
            {
                "delta": 35761,
                "node": "7",
                "reporter": "29"
            },
            {
                "delta": 35768,
                "node": "26",
                "reporter": "16"
            },
            {
                "delta": 35768,
                "node": "3",
                "reporter": "16"
            },
            {
                "delta": 35770,
                "node": "3",
                "reporter": "4"
            },
            {
                "delta": 35772,
                "node": "6",
                "reporter": "22"
            },
            {
                "delta": 35772,
                "node": "28",
                "reporter": "22"
            },
            {
                "delta": 35772,
                "node": "11",
                "reporter": "22"
            },
            {
                "delta": 35781,
                "node": "19",
                "reporter": "29"
            },
            {
                "delta": 35782,
                "node": "24",
                "reporter": "29"
            },
            {
                "delta": 35782,
                "node": "2",
                "reporter": "29"
            },
            {
                "delta": 35822,
                "node": "9",
                "reporter": "18"
            },
            {
                "delta": 35872,
                "node": "9",
                "reporter": "29"
            },
            {
                "delta": 35874,
                "node": "23",
                "reporter": "5"
            },
            {
                "delta": 35874,
                "node": "20",
                "reporter": "5"
            },
            {
                "delta": 35875,
                "node": "30",
                "reporter": "5"
            },
            {
                "delta": 35875,
                "node": "13",
                "reporter": "5"
            },
            {
                "delta": 35875,
                "node": "11",
                "reporter": "5"
            },
            {
                "delta": 36031,
                "node": "10",
                "reporter": "25"
            },
            {
                "delta": 36031,
                "node": "3",
                "reporter": "25"
            },
            {
                "delta": 36125,
                "node": "6",
                "reporter": "5"
            },
            {
                "delta": 36125,
                "node": "1",
                "reporter": "5"
            },
            {
                "delta": 36125,
                "node": "27",
                "reporter": "5"
            },
            {
                "delta": 36125,
                "node": "28",
                "reporter": "5"
            },
            {
                "delta": 36125,
                "node": "10",
                "reporter": "5"
            },
            {
                "delta": 36132,
                "node": "23",
                "reporter": "22"
            },
            {
                "delta": 36132,
                "node": "30",
                "reporter": "22"
            },
            {
                "delta": 36132,
                "node": "13",
                "reporter": "22"
            },
            {
                "delta": 36132,
                "node": "9",
                "reporter": "22"
            },
            {
                "delta": 36133,
                "node": "19",
                "reporter": "4"
            },
            {
                "delta": 36133,
                "node": "24",
                "reporter": "4"
            },
            {
                "delta": 36133,
                "node": "2",
                "reporter": "4"
            },
            {
                "delta": 36133,
                "node": "26",
                "reporter": "4"
            },
            {
                "delta": 36133,
                "node": "17",
                "reporter": "4"
            },
            {
                "delta": 36133,
                "node": "7",
                "reporter": "4"
            },
            {
                "delta": 36133,
                "node": "9",
                "reporter": "4"
            },
            {
                "delta": 36180,
                "node": "1",
                "reporter": "12"
            },
            {
                "delta": 36180,
                "node": "27",
                "reporter": "12"
            },
            {
                "delta": 36180,
                "node": "10",
                "reporter": "12"
            },
            {
                "delta": 36180,
                "node": "3",
                "reporter": "12"
            },
            {
                "delta": 36180,
                "node": "23",
                "reporter": "25"
            },
            {
                "delta": 36180,
                "node": "30",
                "reporter": "25"
            },
            {
                "delta": 36181,
                "node": "13",
                "reporter": "25"
            },
            {
                "delta": 36181,
                "node": "11",
                "reporter": "25"
            },
            {
                "delta": 36181,
                "node": "9",
                "reporter": "25"
            },
            {
                "delta": 36205,
                "node": "23",
                "reporter": "8"
            },
            {
                "delta": 36205,
                "node": "20",
                "reporter": "8"
            },
            {
                "delta": 36205,
                "node": "30",
                "reporter": "8"
            },
            {
                "delta": 36205,
                "node": "13",
                "reporter": "8"
            },
            {
                "delta": 36205,
                "node": "11",
                "reporter": "8"
            },
            {
                "delta": 36243,
                "node": "15",
                "reporter": "22"
            },
            {
                "delta": 36243,
                "node": "26",
                "reporter": "22"
            },
            {
                "delta": 36243,
                "node": "17",
                "reporter": "22"
            },
            {
                "delta": 36248,
                "node": "6",
                "reporter": "16"
            },
            {
                "delta": 36248,
                "node": "23",
                "reporter": "16"
            },
            {
                "delta": 36248,
                "node": "1",
                "reporter": "16"
            },
            {
                "delta": 36248,
                "node": "30",
                "reporter": "16"
            },
            {
                "delta": 36251,
                "node": "13",
                "reporter": "16"
            },
            {
                "delta": 36251,
                "node": "7",
                "reporter": "22"
            },
            {
                "delta": 36251,
                "node": "27",
                "reporter": "16"
            },
            {
                "delta": 36251,
                "node": "21",
                "reporter": "22"
            },
            {
                "delta": 36251,
                "node": "28",
                "reporter": "16"
            },
            {
                "delta": 36251,
                "node": "3",
                "reporter": "22"
            },
            {
                "delta": 36251,
                "node": "10",
                "reporter": "16"
            },
            {
                "delta": 36251,
                "node": "11",
                "reporter": "16"
            },
            {
                "delta": 36251,
                "node": "9",
                "reporter": "16"
            },
            {
                "delta": 36270,
                "node": "6",
                "reporter": "25"
            },
            {
                "delta": 36271,
                "node": "15",
                "reporter": "25"
            },
            {
                "delta": 36271,
                "node": "26",
                "reporter": "25"
            },
            {
                "delta": 36271,
                "node": "17",
                "reporter": "25"
            },
            {
                "delta": 36271,
                "node": "7",
                "reporter": "25"
            },
            {
                "delta": 36271,
                "node": "21",
                "reporter": "25"
            },
            {
                "delta": 36276,
                "node": "28",
                "reporter": "25"
            },
            {
                "delta": 36291,
                "node": "1",
                "reporter": "29"
            },
            {
                "delta": 36291,
                "node": "27",
                "reporter": "29"
            },
            {
                "delta": 36292,
                "node": "10",
                "reporter": "29"
            },
            {
                "delta": 36297,
                "node": "21",
                "reporter": "14"
            },
            {
                "delta": 36335,
                "node": "1",
                "reporter": "8"
            },
            {
                "delta": 36335,
                "node": "27",
                "reporter": "8"
            },
            {
                "delta": 36335,
                "node": "10",
                "reporter": "8"
            },
            {
                "delta": 36335,
                "node": "3",
                "reporter": "8"
            },
            {
                "delta": 36335,
                "node": "9",
                "reporter": "8"
            },
            {
                "delta": 36399,
                "node": "21",
                "reporter": "12"
            },
            {
                "delta": 36400,
                "node": "24",
                "reporter": "25"
            },
            {
                "delta": 36408,
                "node": "19",
                "reporter": "16"
            },
            {
                "delta": 36408,
                "node": "24",
                "reporter": "16"
            },
            {
                "delta": 36408,
                "node": "2",
                "reporter": "16"
            },
            {
                "delta": 36425,
                "node": "6",
                "reporter": "8"
            },
            {
                "delta": 36425,
                "node": "15",
                "reporter": "8"
            },
            {
                "delta": 36425,
                "node": "26",
                "reporter": "8"
            },
            {
                "delta": 36425,
                "node": "17",
                "reporter": "8"
            },
            {
                "delta": 36425,
                "node": "7",
                "reporter": "8"
            },
            {
                "delta": 36425,
                "node": "28",
                "reporter": "8"
            },
            {
                "delta": 36451,
                "node": "23",
                "reporter": "4"
            },
            {
                "delta": 36451,
                "node": "30",
                "reporter": "4"
            },
            {
                "delta": 36451,
                "node": "13",
                "reporter": "4"
            },
            {
                "delta": 36451,
                "node": "21",
                "reporter": "4"
            },
            {
                "delta": 36451,
                "node": "11",
                "reporter": "4"
            },
            {
                "delta": 36455,
                "node": "19",
                "reporter": "8"
            },
            {
                "delta": 36455,
                "node": "24",
                "reporter": "8"
            },
            {
                "delta": 36455,
                "node": "2",
                "reporter": "8"
            },
            {
                "delta": 36544,
                "node": "6",
                "reporter": "18"
            },
            {
                "delta": 36544,
                "node": "23",
                "reporter": "18"
            },
            {
                "delta": 36544,
                "node": "1",
                "reporter": "18"
            },
            {
                "delta": 36544,
                "node": "20",
                "reporter": "18"
            },
            {
                "delta": 36544,
                "node": "15",
                "reporter": "18"
            },
            {
                "delta": 36544,
                "node": "26",
                "reporter": "18"
            },
            {
                "delta": 36544,
                "node": "17",
                "reporter": "18"
            },
            {
                "delta": 36544,
                "node": "30",
                "reporter": "18"
            },
            {
                "delta": 36544,
                "node": "7",
                "reporter": "18"
            },
            {
                "delta": 36544,
                "node": "13",
                "reporter": "18"
            },
            {
                "delta": 36556,
                "node": "19",
                "reporter": "5"
            },
            {
                "delta": 36556,
                "node": "24",
                "reporter": "5"
            },
            {
                "delta": 36556,
                "node": "2",
                "reporter": "5"
            },
            {
                "delta": 36556,
                "node": "26",
                "reporter": "5"
            },
            {
                "delta": 36556,
                "node": "17",
                "reporter": "5"
            },
            {
                "delta": 36556,
                "node": "7",
                "reporter": "5"
            },
            {
                "delta": 36556,
                "node": "21",
                "reporter": "5"
            },
            {
                "delta": 36556,
                "node": "3",
                "reporter": "5"
            },
            {
                "delta": 36571,
                "node": "6",
                "reporter": "4"
            },
            {
                "delta": 36571,
                "node": "28",
                "reporter": "4"
            },
            {
                "delta": 36621,
                "node": "6",
                "reporter": "29"
            },
            {
                "delta": 36622,
                "node": "23",
                "reporter": "29"
            },
            {
                "delta": 36622,
                "node": "15",
                "reporter": "29"
            },
            {
                "delta": 36622,
                "node": "30",
                "reporter": "29"
            },
            {
                "delta": 36622,
                "node": "13",
                "reporter": "29"
            },
            {
                "delta": 36622,
                "node": "21",
                "reporter": "29"
            },
            {
                "delta": 36623,
                "node": "28",
                "reporter": "29"
            },
            {
                "delta": 36623,
                "node": "11",
                "reporter": "29"
            },
            {
                "delta": 36690,
                "node": "19",
                "reporter": "25"
            },
            {
                "delta": 36690,
                "node": "2",
                "reporter": "25"
            },
            {
                "delta": 36691,
                "node": "21",
                "reporter": "18"
            },
            {
                "delta": 36691,
                "node": "27",
                "reporter": "18"
            },
            {
                "delta": 36691,
                "node": "28",
                "reporter": "18"
            },
            {
                "delta": 36691,
                "node": "10",
                "reporter": "18"
            },
            {
                "delta": 36691,
                "node": "3",
                "reporter": "18"
            },
            {
                "delta": 36692,
                "node": "11",
                "reporter": "18"
            },
            {
                "delta": 36728,
                "node": "6",
                "reporter": "14"
            },
            {
                "delta": 36729,
                "node": "1",
                "reporter": "14"
            },
            {
                "delta": 36729,
                "node": "15",
                "reporter": "14"
            },
            {
                "delta": 36729,
                "node": "26",
                "reporter": "14"
            },
            {
                "delta": 36729,
                "node": "17",
                "reporter": "14"
            },
            {
                "delta": 36729,
                "node": "7",
                "reporter": "14"
            },
            {
                "delta": 36729,
                "node": "27",
                "reporter": "14"
            },
            {
                "delta": 36729,
                "node": "28",
                "reporter": "14"
            },
            {
                "delta": 36729,
                "node": "10",
                "reporter": "14"
            },
            {
                "delta": 36729,
                "node": "3",
                "reporter": "14"
            },
            {
                "delta": 36729,
                "node": "9",
                "reporter": "14"
            },
            {
                "delta": 36957,
                "node": "19",
                "reporter": "14"
            },
            {
                "delta": 36957,
                "node": "24",
                "reporter": "14"
            },
            {
                "delta": 36957,
                "node": "2",
                "reporter": "14"
            },
            {
                "delta": 37042,
                "node": "19",
                "reporter": "22"
            },
            {
                "delta": 37042,
                "node": "24",
                "reporter": "22"
            },
            {
                "delta": 37042,
                "node": "2",
                "reporter": "22"
            },
            {
                "delta": 37243,
                "node": "19",
                "reporter": "18"
            },
            {
                "delta": 37244,
                "node": "2",
                "reporter": "18"
            },
            {
                "delta": 37340,
                "node": "6",
                "reporter": "12"
            },
            {
                "delta": 37340,
                "node": "19",
                "reporter": "12"
            },
            {
                "delta": 37340,
                "node": "24",
                "reporter": "12"
            },
            {
                "delta": 37340,
                "node": "2",
                "reporter": "12"
            },
            {
                "delta": 37341,
                "node": "15",
                "reporter": "12"
            },
            {
                "delta": 37341,
                "node": "26",
                "reporter": "12"
            },
            {
                "delta": 37341,
                "node": "17",
                "reporter": "12"
            },
            {
                "delta": 37341,
                "node": "7",
                "reporter": "12"
            },
            {
                "delta": 37341,
                "node": "28",
                "reporter": "12"
            },
            {
                "delta": 37535,
                "node": "15",
                "reporter": "5"
            },
            {
                "delta": 37661,
                "node": "15",
                "reporter": "4"
            }
        ]
    }
}