
{
    "id": "00365",
    "seed": 42,
    "repetition": 0,
    "settings": {
        "simulate_catastrophe": true,
        "number_of_nodes": 30,
        "duration": 120000,
        "gossip_delta": 200,
        "failure_delta": 1800,
        "miss_delta": 1800,
        "push_pull": false,
        "pick_strategy": 0,
        "enable_multicast": true,
        "multicast_parameter": 1.0,
        "multicast_max_wait": 3600,
        "expected_first_multicast": 1200
    },
    "result": {
        "start_time": 1500760923227,
        "end_time": 1500761043237,
        "expected_crashes": [
            {
                "delta": 31130,
                "node": "27"
            },
            {
                "delta": 31130,
                "node": "13"
            },
            {
                "delta": 31130,
                "node": "10"
            },
            {
                "delta": 31130,
                "node": "21"
            },
            {
                "delta": 31130,
                "node": "30"
            },
            {
                "delta": 31130,
                "node": "3"
            },
            {
                "delta": 31130,
                "node": "28"
            },
            {
                "delta": 31130,
                "node": "6"
            },
            {
                "delta": 31130,
                "node": "24"
            },
            {
                "delta": 31130,
                "node": "9"
            },
            {
                "delta": 31130,
                "node": "19"
            },
            {
                "delta": 31130,
                "node": "7"
            },
            {
                "delta": 31130,
                "node": "23"
            },
            {
                "delta": 31130,
                "node": "26"
            },
            {
                "delta": 31130,
                "node": "15"
            },
            {
                "delta": 31130,
                "node": "2"
            },
            {
                "delta": 31130,
                "node": "17"
            },
            {
                "delta": 31130,
                "node": "1"
            },
            {
                "delta": 31130,
                "node": "20"
            },
            {
                "delta": 31130,
                "node": "11"
            }
        ],
        "reported_crashes": [
            {
                "delta": 34452,
                "node": "1",
                "reporter": "4"
            },
            {
                "delta": 34563,
                "node": "10",
                "reporter": "29"
            },
            {
                "delta": 34584,
                "node": "13",
                "reporter": "29"
            },
            {
                "delta": 34651,
                "node": "21",
                "reporter": "18"
            },
            {
                "delta": 34651,
                "node": "3",
                "reporter": "18"
            },
            {
                "delta": 34697,
                "node": "19",
                "reporter": "8"
            },
            {
                "delta": 34710,
                "node": "20",
                "reporter": "25"
            },
            {
                "delta": 34710,
                "node": "11",
                "reporter": "25"
            },
            {
                "delta": 34718,
                "node": "7",
                "reporter": "22"
            },
            {
                "delta": 34751,
                "node": "2",
                "reporter": "4"
            },
            {
                "delta": 34764,
                "node": "30",
                "reporter": "5"
            },
            {
                "delta": 34789,
                "node": "24",
                "reporter": "25"
            },
            {
                "delta": 34789,
                "node": "15",
                "reporter": "25"
            },
            {
                "delta": 34801,
                "node": "21",
                "reporter": "4"
            },
            {
                "delta": 34801,
                "node": "28",
                "reporter": "4"
            },
            {
                "delta": 34803,
                "node": "9",
                "reporter": "29"
            },
            {
                "delta": 34818,
                "node": "26",
                "reporter": "22"
            },
            {
                "delta": 34826,
                "node": "1",
                "reporter": "14"
            },
            {
                "delta": 34826,
                "node": "17",
                "reporter": "14"
            },
            {
                "delta": 34834,
                "node": "2",
                "reporter": "5"
            },
            {
                "delta": 34834,
                "node": "28",
                "reporter": "5"
            },
            {
                "delta": 34899,
                "node": "19",
                "reporter": "25"
            },
            {
                "delta": 34900,
                "node": "27",
                "reporter": "25"
            },
            {
                "delta": 34917,
                "node": "6",
                "reporter": "22"
            },
            {
                "delta": 34918,
                "node": "20",
                "reporter": "22"
            },
            {
                "delta": 34918,
                "node": "11",
                "reporter": "22"
            },
            {
                "delta": 34924,
                "node": "7",
                "reporter": "5"
            },
            {
                "delta": 34977,
                "node": "13",
                "reporter": "8"
            },
            {
                "delta": 34978,
                "node": "10",
                "reporter": "8"
            },
            {
                "delta": 34978,
                "node": "9",
                "reporter": "8"
            },
            {
                "delta": 35027,
                "node": "2",
                "reporter": "14"
            },
            {
                "delta": 35027,
                "node": "30",
                "reporter": "14"
            },
            {
                "delta": 35027,
                "node": "7",
                "reporter": "14"
            },
            {
                "delta": 35027,
                "node": "28",
                "reporter": "14"
            },
            {
                "delta": 35124,
                "node": "23",
                "reporter": "5"
            },
            {
                "delta": 35302,
                "node": "13",
                "reporter": "4"
            },
            {
                "delta": 35302,
                "node": "10",
                "reporter": "4"
            },
            {
                "delta": 35302,
                "node": "9",
                "reporter": "4"
            },
            {
                "delta": 35351,
                "node": "19",
                "reporter": "18"
            },
            {
                "delta": 35351,
                "node": "13",
                "reporter": "18"
            },
            {
                "delta": 35351,
                "node": "10",
                "reporter": "18"
            },
            {
                "delta": 35351,
                "node": "9",
                "reporter": "18"
            },
            {
                "delta": 35430,
                "node": "13",
                "reporter": "25"
            },
            {
                "delta": 35430,
                "node": "10",
                "reporter": "25"
            },
            {
                "delta": 35430,
                "node": "9",
                "reporter": "25"
            },
            {
                "delta": 35436,
                "node": "18",
                "reporter": "12"
            },
            {
                "delta": 35436,
                "node": "21",
                "reporter": "12"
            },
            {
                "delta": 35436,
                "node": "3",
                "reporter": "12"
            },
            {
                "delta": 35454,
                "node": "2",
                "reporter": "29"
            },
            {
                "delta": 35454,
                "node": "28",
                "reporter": "29"
            },
            {
                "delta": 35504,
                "node": "13",
                "reporter": "5"
            },
            {
                "delta": 35504,
                "node": "10",
                "reporter": "5"
            },
            {
                "delta": 35504,
                "node": "9",
                "reporter": "5"
            },
            {
                "delta": 35562,
                "node": "6",
                "reporter": "4"
            },
            {
                "delta": 35562,
                "node": "20",
                "reporter": "4"
            },
            {
                "delta": 35562,
                "node": "26",
                "reporter": "4"
            },
            {
                "delta": 35563,
                "node": "7",
                "reporter": "4"
            },
            {
                "delta": 35563,
                "node": "11",
                "reporter": "4"
            },
            {
                "delta": 35577,
                "node": "23",
                "reporter": "16"
            },
            {
                "delta": 35578,
                "node": "2",
                "reporter": "16"
            },
            {
                "delta": 35578,
                "node": "30",
                "reporter": "16"
            },
            {
                "delta": 35578,
                "node": "7",
                "reporter": "16"
            },
            {
                "delta": 35578,
                "node": "13",
                "reporter": "16"
            },
            {
                "delta": 35578,
                "node": "28",
                "reporter": "16"
            },
            {
                "delta": 35578,
                "node": "10",
                "reporter": "16"
            },
            {
                "delta": 35578,
                "node": "9",
                "reporter": "16"
            },
            {
                "delta": 35740,
                "node": "1",
                "reporter": "25"
            },
            {
                "delta": 35740,
                "node": "2",
                "reporter": "25"
            },
            {
                "delta": 35740,
                "node": "17",
                "reporter": "25"
            },
            {
                "delta": 35740,
                "node": "30",
                "reporter": "25"
            },
            {
                "delta": 35740,
                "node": "7",
                "reporter": "25"
            },
            {
                "delta": 35741,
                "node": "28",
                "reporter": "25"
            },
            {
                "delta": 35814,
                "node": "21",
                "reporter": "5"
            },
            {
                "delta": 35814,
                "node": "3",
                "reporter": "5"
            },
            {
                "delta": 35934,
                "node": "6",
                "reporter": "5"
            },
            {
                "delta": 35934,
                "node": "20",
                "reporter": "5"
            },
            {
                "delta": 35935,
                "node": "26",
                "reporter": "5"
            },
            {
                "delta": 35935,
                "node": "11",
                "reporter": "5"
            },
            {
                "delta": 35953,
                "node": "19",
                "reporter": "5"
            },
            {
                "delta": 36015,
                "node": "4",
                "reporter": "12"
            },
            {
                "delta": 36016,
                "node": "2",
                "reporter": "12"
            },
            {
                "delta": 36017,
                "node": "16",
                "reporter": "12"
            },
            {
                "delta": 36017,
                "node": "13",
                "reporter": "12"
            },
            {
                "delta": 36018,
                "node": "28",
                "reporter": "12"
            },
            {
                "delta": 36018,
                "node": "10",
                "reporter": "12"
            },
            {
                "delta": 36018,
                "node": "9",
                "reporter": "12"
            },
            {
                "delta": 36054,
                "node": "1",
                "reporter": "5"
            },
            {
                "delta": 36055,
                "node": "17",
                "reporter": "5"
            },
            {
                "delta": 36098,
                "node": "19",
                "reporter": "22"
            },
            {
                "delta": 36098,
                "node": "1",
                "reporter": "22"
            },
            {
                "delta": 36098,
                "node": "24",
                "reporter": "22"
            },
            {
                "delta": 36098,
                "node": "2",
                "reporter": "22"
            },
            {
                "delta": 36098,
                "node": "15",
                "reporter": "22"
            },
            {
                "delta": 36099,
                "node": "17",
                "reporter": "22"
            },
            {
                "delta": 36099,
                "node": "30",
                "reporter": "22"
            },
            {
                "delta": 36100,
                "node": "13",
                "reporter": "22"
            },
            {
                "delta": 36101,
                "node": "27",
                "reporter": "22"
            },
            {
                "delta": 36101,
                "node": "28",
                "reporter": "22"
            },
            {
                "delta": 36117,
                "node": "21",
                "reporter": "16"
            },
            {
                "delta": 36118,
                "node": "3",
                "reporter": "16"
            },
            {
                "delta": 36168,
                "node": "6",
                "reporter": "8"
            },
            {
                "delta": 36168,
                "node": "2",
                "reporter": "8"
            },
            {
                "delta": 36169,
                "node": "20",
                "reporter": "8"
            },
            {
                "delta": 36169,
                "node": "26",
                "reporter": "8"
            },
            {
                "delta": 36169,
                "node": "7",
                "reporter": "8"
            },
            {
                "delta": 36169,
                "node": "28",
                "reporter": "8"
            },
            {
                "delta": 36169,
                "node": "11",
                "reporter": "8"
            },
            {
                "delta": 36176,
                "node": "10",
                "reporter": "22"
            },
            {
                "delta": 36176,
                "node": "9",
                "reporter": "22"
            },
            {
                "delta": 36237,
                "node": "13",
                "reporter": "14"
            },
            {
                "delta": 36237,
                "node": "10",
                "reporter": "14"
            },
            {
                "delta": 36237,
                "node": "9",
                "reporter": "14"
            },
            {
                "delta": 36575,
                "node": "19",
                "reporter": "12"
            },
            {
                "delta": 36576,
                "node": "1",
                "reporter": "12"
            },
            {
                "delta": 36576,
                "node": "24",
                "reporter": "12"
            },
            {
                "delta": 36576,
                "node": "20",
                "reporter": "12"
            },
            {
                "delta": 36576,
                "node": "15",
                "reporter": "12"
            },
            {
                "delta": 36576,
                "node": "17",
                "reporter": "12"
            },
            {
                "delta": 36576,
                "node": "30",
                "reporter": "12"
            },
            {
                "delta": 36577,
                "node": "7",
                "reporter": "12"
            },
            {
                "delta": 36577,
                "node": "27",
                "reporter": "12"
            },
            {
                "delta": 36577,
                "node": "11",
                "reporter": "12"
            },
            {
                "delta": 36587,
                "node": "19",
                "reporter": "16"
            },
            {
                "delta": 36664,
                "node": "1",
                "reporter": "29"
            },
            {
                "delta": 36664,
                "node": "17",
                "reporter": "29"
            },
            {
                "delta": 36664,
                "node": "30",
                "reporter": "29"
            },
            {
                "delta": 36664,
                "node": "7",
                "reporter": "29"
            },
            {
                "delta": 36831,
                "node": "6",
                "reporter": "18"
            },
            {
                "delta": 36831,
                "node": "2",
                "reporter": "18"
            },
            {
                "delta": 36832,
                "node": "20",
                "reporter": "18"
            },
            {
                "delta": 36832,
                "node": "26",
                "reporter": "18"
            },
            {
                "delta": 36832,
                "node": "7",
                "reporter": "18"
            },
            {
                "delta": 36832,
                "node": "28",
                "reporter": "18"
            },
            {
                "delta": 36832,
                "node": "11",
                "reporter": "18"
            },
            {
                "delta": 36898,
                "node": "23",
                "reporter": "22"
            },
            {
                "delta": 36898,
                "node": "21",
                "reporter": "22"
            },
            {
                "delta": 36898,
                "node": "3",
                "reporter": "22"
            },
            {
                "delta": 36899,
                "node": "6",
                "reporter": "25"
            },
            {
                "delta": 36899,
                "node": "26",
                "reporter": "25"
            },
            {
                "delta": 36971,
                "node": "23",
                "reporter": "18"
            },
            {
                "delta": 36971,
                "node": "1",
                "reporter": "18"
            },
            {
                "delta": 36972,
                "node": "17",
                "reporter": "18"
            },
            {
                "delta": 36979,
                "node": "30",
                "reporter": "18"
            },
            {
                "delta": 37214,
                "node": "6",
                "reporter": "29"
            },
            {
                "delta": 37214,
                "node": "19",
                "reporter": "29"
            },
            {
                "delta": 37214,
                "node": "23",
                "reporter": "29"
            },
            {
                "delta": 37215,
                "node": "20",
                "reporter": "29"
            },
            {
                "delta": 37215,
                "node": "26",
                "reporter": "29"
            },
            {
                "delta": 37215,
                "node": "21",
                "reporter": "29"
            },
            {
                "delta": 37215,
                "node": "11",
                "reporter": "29"
            },
            {
                "delta": 37215,
                "node": "3",
                "reporter": "29"
            },
            {
                "delta": 37232,
                "node": "19",
                "reporter": "4"
            },
            {
                "delta": 37251,
                "node": "24",
                "reporter": "18"
            },
            {
                "delta": 37252,
                "node": "15",
                "reporter": "18"
            },
            {
                "delta": 37252,
                "node": "27",
                "reporter": "18"
            },
            {
                "delta": 37564,
                "node": "24",
                "reporter": "29"
            },
            {
                "delta": 37564,
                "node": "15",
                "reporter": "29"
            },
            {
                "delta": 37564,
                "node": "27",
                "reporter": "29"
            },
            {
                "delta": 37646,
                "node": "6",
                "reporter": "14"
            },
            {
                "delta": 37646,
                "node": "19",
                "reporter": "14"
            },
            {
                "delta": 37647,
                "node": "24",
                "reporter": "14"
            },
            {
                "delta": 37647,
                "node": "20",
                "reporter": "14"
            },
            {
                "delta": 37647,
                "node": "15",
                "reporter": "14"
            },
            {
                "delta": 37647,
                "node": "26",
                "reporter": "14"
            },
            {
                "delta": 37647,
                "node": "27",
                "reporter": "14"
            },
            {
                "delta": 37647,
                "node": "11",
                "reporter": "14"
            },
            {
                "delta": 37688,
                "node": "23",
                "reporter": "8"
            },
            {
                "delta": 37688,
                "node": "1",
                "reporter": "8"
            },
            {
                "delta": 37688,
                "node": "17",
                "reporter": "8"
            },
            {
                "delta": 37688,
                "node": "30",
                "reporter": "8"
            },
            {
                "delta": 37689,
                "node": "21",
                "reporter": "8"
            },
            {
                "delta": 37689,
                "node": "3",
                "reporter": "8"
            },
            {
                "delta": 37689,
                "node": "5",
                "reporter": "8"
            },
            {
                "delta": 37717,
                "node": "6",
                "reporter": "16"
            },
            {
                "delta": 37718,
                "node": "1",
                "reporter": "16"
            },
            {
                "delta": 37718,
                "node": "24",
                "reporter": "16"
            },
            {
                "delta": 37718,
                "node": "20",
                "reporter": "16"
            },
            {
                "delta": 37718,
                "node": "15",
                "reporter": "16"
            },
            {
                "delta": 37718,
                "node": "26",
                "reporter": "16"
            },
            {
                "delta": 37718,
                "node": "17",
                "reporter": "16"
            },
            {
                "delta": 37718,
                "node": "27",
                "reporter": "16"
            },
            {
                "delta": 37719,
                "node": "11",
                "reporter": "16"
            },
            {
                "delta": 37766,
                "node": "23",
                "reporter": "14"
            },
            {
                "delta": 37766,
                "node": "21",
                "reporter": "14"
            },
            {
                "delta": 37794,
                "node": "3",
                "reporter": "14"
            },
            {
                "delta": 37850,
                "node": "23",
                "reporter": "25"
            },
            {
                "delta": 37850,
                "node": "21",
                "reporter": "25"
            },
            {
                "delta": 37850,
                "node": "3",
                "reporter": "25"
            },
            {
                "delta": 38159,
                "node": "24",
                "reporter": "8"
            },
            {
                "delta": 38159,
                "node": "15",
                "reporter": "8"
            },
            {
                "delta": 38159,
                "node": "27",
                "reporter": "8"
            },
            {
                "delta": 38214,
                "node": "24",
                "reporter": "5"
            },
            {
                "delta": 38214,
                "node": "15",
                "reporter": "5"
            },
            {
                "delta": 38215,
                "node": "27",
                "reporter": "5"
            },
            {
                "delta": 38866,
                "node": "5",
                "reporter": "14"
            },
            {
                "delta": 38922,
                "node": "23",
                "reporter": "4"
            },
            {
                "delta": 38922,
                "node": "24",
                "reporter": "4"
            },
            {
                "delta": 38922,
                "node": "15",
                "reporter": "4"
            },
            {
                "delta": 38922,
                "node": "17",
                "reporter": "4"
            },
            {
                "delta": 38922,
                "node": "30",
                "reporter": "4"
            },
            {
                "delta": 38923,
                "node": "27",
                "reporter": "4"
            },
            {
                "delta": 38923,
                "node": "3",
                "reporter": "4"
            },
            {
                "delta": 38998,
                "node": "5",
                "reporter": "22"
            },
            {
                "delta": 39066,
                "node": "12",
                "reporter": "14"
            },
            {
                "delta": 39183,
                "node": "5",
                "reporter": "29"
            },
            {
                "delta": 39219,
                "node": "5",
                "reporter": "25"
            },
            {
                "delta": 39552,
                "node": "5",
                "reporter": "4"
            },
            {
                "delta": 39651,
                "node": "12",
                "reporter": "18"
            },
            {
                "delta": 39651,
                "node": "5",
                "reporter": "18"
            },
            {
                "delta": 39686,
                "node": "6",
                "reporter": "12"
            },
            {
                "delta": 39686,
                "node": "23",
                "reporter": "12"
            },
            {
                "delta": 39686,
                "node": "26",
                "reporter": "12"
            },
            {
                "delta": 39842,
                "node": "12",
                "reporter": "4"
            },
            {
                "delta": 39893,
                "node": "12",
                "reporter": "5"
            },
            {
                "delta": 40005,
                "node": "5",
                "reporter": "12"
            },
            {
                "delta": 40148,
                "node": "12",
                "reporter": "8"
            },
            {
                "delta": 40158,
                "node": "12",
                "reporter": "16"
            },
            {
                "delta": 40158,
                "node": "5",
                "reporter": "16"
            },
            {
                "delta": 40404,
                "node": "12",
                "reporter": "29"
            },
            {
                "delta": 40419,
                "node": "12",
                "reporter": "25"
            },
            {
                "delta": 40613,
                "node": "25",
                "reporter": "5"
            },
            {
                "delta": 40754,
                "node": "8",
                "reporter": "5"
            },
            {
                "delta": 40755,
                "node": "29",
                "reporter": "5"
            },
            {
                "delta": 40755,
                "node": "14",
                "reporter": "5"
            },
            {
                "delta": 40774,
                "node": "4",
                "reporter": "5"
            },
            {
                "delta": 40774,
                "node": "16",
                "reporter": "5"
            },
            {
                "delta": 40774,
                "node": "22",
                "reporter": "5"
            },
            {
                "delta": 40944,
                "node": "18",
                "reporter": "5"
            },
            {
                "delta": 41097,
                "node": "12",
                "reporter": "22"
            },
            {
                "delta": 41786,
                "node": "14",
                "reporter": "12"
            },
            {
                "delta": 42006,
                "node": "8",
                "reporter": "12"
            },
            {
                "delta": 42216,
                "node": "25",
                "reporter": "12"
            },
            {
                "delta": 42216,
                "node": "29",
                "reporter": "12"
            },
            {
                "delta": 42216,
                "node": "22",
                "reporter": "12"
            }
        ]
    }
}