
{
    "id": "00367",
    "seed": 42,
    "repetition": 0,
    "settings": {
        "simulate_catastrophe": true,
        "number_of_nodes": 30,
        "duration": 120000,
        "gossip_delta": 200,
        "failure_delta": 1800,
        "miss_delta": 1800,
        "push_pull": false,
        "pick_strategy": 1,
        "enable_multicast": true,
        "multicast_parameter": 1.0,
        "multicast_max_wait": 1800,
        "expected_first_multicast": 600
    },
    "result": {
        "start_time": 1500761173286,
        "end_time": 1500761293297,
        "expected_crashes": [
            {
                "delta": 31130,
                "node": "27"
            },
            {
                "delta": 31130,
                "node": "13"
            },
            {
                "delta": 31130,
                "node": "10"
            },
            {
                "delta": 31130,
                "node": "21"
            },
            {
                "delta": 31130,
                "node": "30"
            },
            {
                "delta": 31130,
                "node": "3"
            },
            {
                "delta": 31130,
                "node": "28"
            },
            {
                "delta": 31130,
                "node": "6"
            },
            {
                "delta": 31130,
                "node": "24"
            },
            {
                "delta": 31130,
                "node": "9"
            },
            {
                "delta": 31130,
                "node": "19"
            },
            {
                "delta": 31130,
                "node": "7"
            },
            {
                "delta": 31130,
                "node": "23"
            },
            {
                "delta": 31130,
                "node": "26"
            },
            {
                "delta": 31130,
                "node": "15"
            },
            {
                "delta": 31130,
                "node": "2"
            },
            {
                "delta": 31130,
                "node": "17"
            },
            {
                "delta": 31130,
                "node": "1"
            },
            {
                "delta": 31130,
                "node": "20"
            },
            {
                "delta": 31130,
                "node": "11"
            }
        ],
        "reported_crashes": [
            {
                "delta": 33445,
                "node": "11",
                "reporter": "5"
            },
            {
                "delta": 33483,
                "node": "11",
                "reporter": "4"
            },
            {
                "delta": 33538,
                "node": "11",
                "reporter": "22"
            },
            {
                "delta": 33593,
                "node": "11",
                "reporter": "12"
            },
            {
                "delta": 33750,
                "node": "11",
                "reporter": "8"
            },
            {
                "delta": 33788,
                "node": "11",
                "reporter": "16"
            },
            {
                "delta": 33873,
                "node": "11",
                "reporter": "18"
            },
            {
                "delta": 33981,
                "node": "11",
                "reporter": "25"
            },
            {
                "delta": 34397,
                "node": "11",
                "reporter": "14"
            },
            {
                "delta": 34500,
                "node": "30",
                "reporter": "8"
            },
            {
                "delta": 34537,
                "node": "21",
                "reporter": "14"
            },
            {
                "delta": 34650,
                "node": "26",
                "reporter": "8"
            },
            {
                "delta": 34703,
                "node": "10",
                "reporter": "18"
            },
            {
                "delta": 34708,
                "node": "2",
                "reporter": "14"
            },
            {
                "delta": 34728,
                "node": "6",
                "reporter": "22"
            },
            {
                "delta": 34778,
                "node": "2",
                "reporter": "16"
            },
            {
                "delta": 34778,
                "node": "21",
                "reporter": "16"
            },
            {
                "delta": 34789,
                "node": "7",
                "reporter": "8"
            },
            {
                "delta": 34789,
                "node": "21",
                "reporter": "8"
            },
            {
                "delta": 34790,
                "node": "27",
                "reporter": "8"
            },
            {
                "delta": 34800,
                "node": "15",
                "reporter": "8"
            },
            {
                "delta": 34848,
                "node": "17",
                "reporter": "14"
            },
            {
                "delta": 34868,
                "node": "20",
                "reporter": "16"
            },
            {
                "delta": 34897,
                "node": "28",
                "reporter": "14"
            },
            {
                "delta": 34897,
                "node": "9",
                "reporter": "14"
            },
            {
                "delta": 34984,
                "node": "24",
                "reporter": "29"
            },
            {
                "delta": 34985,
                "node": "11",
                "reporter": "29"
            },
            {
                "delta": 35007,
                "node": "13",
                "reporter": "22"
            },
            {
                "delta": 35023,
                "node": "30",
                "reporter": "4"
            },
            {
                "delta": 35024,
                "node": "19",
                "reporter": "4"
            },
            {
                "delta": 35024,
                "node": "23",
                "reporter": "4"
            },
            {
                "delta": 35024,
                "node": "1",
                "reporter": "29"
            },
            {
                "delta": 35060,
                "node": "19",
                "reporter": "8"
            },
            {
                "delta": 35060,
                "node": "23",
                "reporter": "8"
            },
            {
                "delta": 35062,
                "node": "6",
                "reporter": "18"
            },
            {
                "delta": 35062,
                "node": "3",
                "reporter": "18"
            },
            {
                "delta": 35170,
                "node": "1",
                "reporter": "25"
            },
            {
                "delta": 35171,
                "node": "24",
                "reporter": "25"
            },
            {
                "delta": 35171,
                "node": "29",
                "reporter": "25"
            },
            {
                "delta": 35362,
                "node": "2",
                "reporter": "18"
            },
            {
                "delta": 35363,
                "node": "20",
                "reporter": "18"
            },
            {
                "delta": 35363,
                "node": "21",
                "reporter": "18"
            },
            {
                "delta": 35384,
                "node": "19",
                "reporter": "29"
            },
            {
                "delta": 35385,
                "node": "23",
                "reporter": "29"
            },
            {
                "delta": 35385,
                "node": "15",
                "reporter": "29"
            },
            {
                "delta": 35385,
                "node": "26",
                "reporter": "29"
            },
            {
                "delta": 35385,
                "node": "30",
                "reporter": "29"
            },
            {
                "delta": 35385,
                "node": "7",
                "reporter": "29"
            },
            {
                "delta": 35385,
                "node": "21",
                "reporter": "29"
            },
            {
                "delta": 35386,
                "node": "27",
                "reporter": "29"
            },
            {
                "delta": 35603,
                "node": "20",
                "reporter": "4"
            },
            {
                "delta": 35603,
                "node": "21",
                "reporter": "4"
            },
            {
                "delta": 35604,
                "node": "2",
                "reporter": "4"
            },
            {
                "delta": 35612,
                "node": "2",
                "reporter": "12"
            },
            {
                "delta": 35613,
                "node": "17",
                "reporter": "12"
            },
            {
                "delta": 35613,
                "node": "21",
                "reporter": "12"
            },
            {
                "delta": 35613,
                "node": "28",
                "reporter": "12"
            },
            {
                "delta": 35613,
                "node": "9",
                "reporter": "12"
            },
            {
                "delta": 35631,
                "node": "19",
                "reporter": "25"
            },
            {
                "delta": 35631,
                "node": "23",
                "reporter": "25"
            },
            {
                "delta": 35631,
                "node": "15",
                "reporter": "25"
            },
            {
                "delta": 35631,
                "node": "26",
                "reporter": "25"
            },
            {
                "delta": 35632,
                "node": "30",
                "reporter": "25"
            },
            {
                "delta": 35632,
                "node": "7",
                "reporter": "25"
            },
            {
                "delta": 35632,
                "node": "21",
                "reporter": "25"
            },
            {
                "delta": 35632,
                "node": "27",
                "reporter": "25"
            },
            {
                "delta": 35715,
                "node": "19",
                "reporter": "5"
            },
            {
                "delta": 35715,
                "node": "23",
                "reporter": "5"
            },
            {
                "delta": 35715,
                "node": "2",
                "reporter": "5"
            },
            {
                "delta": 35716,
                "node": "20",
                "reporter": "5"
            },
            {
                "delta": 35716,
                "node": "30",
                "reporter": "5"
            },
            {
                "delta": 35716,
                "node": "21",
                "reporter": "5"
            },
            {
                "delta": 35773,
                "node": "6",
                "reporter": "4"
            },
            {
                "delta": 35773,
                "node": "13",
                "reporter": "4"
            },
            {
                "delta": 35788,
                "node": "19",
                "reporter": "22"
            },
            {
                "delta": 35788,
                "node": "23",
                "reporter": "22"
            },
            {
                "delta": 35788,
                "node": "2",
                "reporter": "22"
            },
            {
                "delta": 35788,
                "node": "20",
                "reporter": "22"
            },
            {
                "delta": 35788,
                "node": "30",
                "reporter": "22"
            },
            {
                "delta": 35789,
                "node": "21",
                "reporter": "22"
            },
            {
                "delta": 35883,
                "node": "10",
                "reporter": "4"
            },
            {
                "delta": 35883,
                "node": "3",
                "reporter": "4"
            },
            {
                "delta": 36053,
                "node": "1",
                "reporter": "4"
            },
            {
                "delta": 36053,
                "node": "24",
                "reporter": "4"
            },
            {
                "delta": 36054,
                "node": "15",
                "reporter": "4"
            },
            {
                "delta": 36054,
                "node": "26",
                "reporter": "4"
            },
            {
                "delta": 36054,
                "node": "7",
                "reporter": "4"
            },
            {
                "delta": 36054,
                "node": "27",
                "reporter": "4"
            },
            {
                "delta": 36138,
                "node": "6",
                "reporter": "16"
            },
            {
                "delta": 36138,
                "node": "10",
                "reporter": "16"
            },
            {
                "delta": 36138,
                "node": "3",
                "reporter": "16"
            },
            {
                "delta": 36195,
                "node": "6",
                "reporter": "5"
            },
            {
                "delta": 36195,
                "node": "13",
                "reporter": "5"
            },
            {
                "delta": 36211,
                "node": "6",
                "reporter": "25"
            },
            {
                "delta": 36211,
                "node": "2",
                "reporter": "25"
            },
            {
                "delta": 36211,
                "node": "20",
                "reporter": "25"
            },
            {
                "delta": 36211,
                "node": "13",
                "reporter": "25"
            },
            {
                "delta": 36338,
                "node": "19",
                "reporter": "14"
            },
            {
                "delta": 36338,
                "node": "23",
                "reporter": "14"
            },
            {
                "delta": 36338,
                "node": "15",
                "reporter": "14"
            },
            {
                "delta": 36338,
                "node": "26",
                "reporter": "14"
            },
            {
                "delta": 36339,
                "node": "30",
                "reporter": "14"
            },
            {
                "delta": 36339,
                "node": "7",
                "reporter": "14"
            },
            {
                "delta": 36339,
                "node": "27",
                "reporter": "14"
            },
            {
                "delta": 36365,
                "node": "17",
                "reporter": "4"
            },
            {
                "delta": 36365,
                "node": "28",
                "reporter": "4"
            },
            {
                "delta": 36365,
                "node": "9",
                "reporter": "4"
            },
            {
                "delta": 36368,
                "node": "6",
                "reporter": "14"
            },
            {
                "delta": 36368,
                "node": "20",
                "reporter": "14"
            },
            {
                "delta": 36368,
                "node": "13",
                "reporter": "14"
            },
            {
                "delta": 36387,
                "node": "1",
                "reporter": "22"
            },
            {
                "delta": 36387,
                "node": "24",
                "reporter": "22"
            },
            {
                "delta": 36387,
                "node": "15",
                "reporter": "22"
            },
            {
                "delta": 36388,
                "node": "26",
                "reporter": "22"
            },
            {
                "delta": 36388,
                "node": "17",
                "reporter": "22"
            },
            {
                "delta": 36388,
                "node": "7",
                "reporter": "22"
            },
            {
                "delta": 36388,
                "node": "27",
                "reporter": "22"
            },
            {
                "delta": 36388,
                "node": "28",
                "reporter": "22"
            },
            {
                "delta": 36388,
                "node": "10",
                "reporter": "22"
            },
            {
                "delta": 36389,
                "node": "3",
                "reporter": "22"
            },
            {
                "delta": 36463,
                "node": "9",
                "reporter": "22"
            },
            {
                "delta": 36476,
                "node": "6",
                "reporter": "29"
            },
            {
                "delta": 36476,
                "node": "2",
                "reporter": "29"
            },
            {
                "delta": 36476,
                "node": "20",
                "reporter": "29"
            },
            {
                "delta": 36476,
                "node": "10",
                "reporter": "29"
            },
            {
                "delta": 36476,
                "node": "3",
                "reporter": "29"
            },
            {
                "delta": 36629,
                "node": "6",
                "reporter": "8"
            },
            {
                "delta": 36630,
                "node": "2",
                "reporter": "8"
            },
            {
                "delta": 36630,
                "node": "20",
                "reporter": "8"
            },
            {
                "delta": 36630,
                "node": "13",
                "reporter": "8"
            },
            {
                "delta": 36812,
                "node": "6",
                "reporter": "12"
            },
            {
                "delta": 36812,
                "node": "20",
                "reporter": "12"
            },
            {
                "delta": 36814,
                "node": "10",
                "reporter": "12"
            },
            {
                "delta": 36814,
                "node": "3",
                "reporter": "12"
            },
            {
                "delta": 36815,
                "node": "1",
                "reporter": "5"
            },
            {
                "delta": 36815,
                "node": "24",
                "reporter": "5"
            },
            {
                "delta": 36815,
                "node": "15",
                "reporter": "5"
            },
            {
                "delta": 36816,
                "node": "26",
                "reporter": "5"
            },
            {
                "delta": 36816,
                "node": "17",
                "reporter": "5"
            },
            {
                "delta": 36816,
                "node": "7",
                "reporter": "5"
            },
            {
                "delta": 36816,
                "node": "27",
                "reporter": "5"
            },
            {
                "delta": 36816,
                "node": "28",
                "reporter": "5"
            },
            {
                "delta": 36816,
                "node": "10",
                "reporter": "5"
            },
            {
                "delta": 36817,
                "node": "3",
                "reporter": "5"
            },
            {
                "delta": 36983,
                "node": "19",
                "reporter": "12"
            },
            {
                "delta": 36983,
                "node": "23",
                "reporter": "12"
            },
            {
                "delta": 36983,
                "node": "1",
                "reporter": "12"
            },
            {
                "delta": 36983,
                "node": "24",
                "reporter": "12"
            },
            {
                "delta": 36983,
                "node": "15",
                "reporter": "12"
            },
            {
                "delta": 36984,
                "node": "26",
                "reporter": "12"
            },
            {
                "delta": 36984,
                "node": "30",
                "reporter": "12"
            },
            {
                "delta": 36984,
                "node": "7",
                "reporter": "12"
            },
            {
                "delta": 36984,
                "node": "13",
                "reporter": "12"
            },
            {
                "delta": 36984,
                "node": "27",
                "reporter": "12"
            },
            {
                "delta": 36998,
                "node": "9",
                "reporter": "5"
            },
            {
                "delta": 37018,
                "node": "19",
                "reporter": "16"
            },
            {
                "delta": 37018,
                "node": "23",
                "reporter": "16"
            },
            {
                "delta": 37018,
                "node": "1",
                "reporter": "16"
            },
            {
                "delta": 37018,
                "node": "24",
                "reporter": "16"
            },
            {
                "delta": 37018,
                "node": "15",
                "reporter": "16"
            },
            {
                "delta": 37018,
                "node": "26",
                "reporter": "16"
            },
            {
                "delta": 37018,
                "node": "17",
                "reporter": "16"
            },
            {
                "delta": 37019,
                "node": "30",
                "reporter": "16"
            },
            {
                "delta": 37019,
                "node": "7",
                "reporter": "16"
            },
            {
                "delta": 37019,
                "node": "13",
                "reporter": "16"
            },
            {
                "delta": 37038,
                "node": "27",
                "reporter": "16"
            },
            {
                "delta": 37038,
                "node": "28",
                "reporter": "16"
            },
            {
                "delta": 37038,
                "node": "9",
                "reporter": "16"
            },
            {
                "delta": 37091,
                "node": "17",
                "reporter": "25"
            },
            {
                "delta": 37091,
                "node": "28",
                "reporter": "25"
            },
            {
                "delta": 37091,
                "node": "9",
                "reporter": "25"
            },
            {
                "delta": 37135,
                "node": "18",
                "reporter": "5"
            },
            {
                "delta": 37264,
                "node": "18",
                "reporter": "4"
            },
            {
                "delta": 37548,
                "node": "1",
                "reporter": "14"
            },
            {
                "delta": 37548,
                "node": "24",
                "reporter": "14"
            },
            {
                "delta": 37548,
                "node": "18",
                "reporter": "14"
            },
            {
                "delta": 37548,
                "node": "3",
                "reporter": "14"
            },
            {
                "delta": 37548,
                "node": "10",
                "reporter": "14"
            },
            {
                "delta": 37550,
                "node": "3",
                "reporter": "25"
            },
            {
                "delta": 37551,
                "node": "10",
                "reporter": "25"
            },
            {
                "delta": 37701,
                "node": "18",
                "reporter": "25"
            },
            {
                "delta": 38103,
                "node": "19",
                "reporter": "18"
            },
            {
                "delta": 38103,
                "node": "23",
                "reporter": "18"
            },
            {
                "delta": 38103,
                "node": "1",
                "reporter": "18"
            },
            {
                "delta": 38104,
                "node": "24",
                "reporter": "18"
            },
            {
                "delta": 38104,
                "node": "15",
                "reporter": "18"
            },
            {
                "delta": 38104,
                "node": "26",
                "reporter": "18"
            },
            {
                "delta": 38104,
                "node": "17",
                "reporter": "18"
            },
            {
                "delta": 38104,
                "node": "30",
                "reporter": "18"
            },
            {
                "delta": 38104,
                "node": "7",
                "reporter": "18"
            },
            {
                "delta": 38104,
                "node": "13",
                "reporter": "18"
            },
            {
                "delta": 38147,
                "node": "18",
                "reporter": "22"
            },
            {
                "delta": 38251,
                "node": "27",
                "reporter": "18"
            },
            {
                "delta": 38251,
                "node": "28",
                "reporter": "18"
            },
            {
                "delta": 38251,
                "node": "9",
                "reporter": "18"
            },
            {
                "delta": 38265,
                "node": "18",
                "reporter": "29"
            },
            {
                "delta": 38266,
                "node": "17",
                "reporter": "29"
            },
            {
                "delta": 38266,
                "node": "13",
                "reporter": "29"
            },
            {
                "delta": 38266,
                "node": "28",
                "reporter": "29"
            },
            {
                "delta": 38266,
                "node": "9",
                "reporter": "29"
            },
            {
                "delta": 38340,
                "node": "1",
                "reporter": "8"
            },
            {
                "delta": 38340,
                "node": "24",
                "reporter": "8"
            },
            {
                "delta": 38340,
                "node": "18",
                "reporter": "8"
            },
            {
                "delta": 38342,
                "node": "17",
                "reporter": "8"
            },
            {
                "delta": 38342,
                "node": "28",
                "reporter": "8"
            },
            {
                "delta": 38342,
                "node": "3",
                "reporter": "8"
            },
            {
                "delta": 38343,
                "node": "10",
                "reporter": "8"
            },
            {
                "delta": 38343,
                "node": "9",
                "reporter": "8"
            },
            {
                "delta": 38388,
                "node": "18",
                "reporter": "16"
            },
            {
                "delta": 38872,
                "node": "18",
                "reporter": "12"
            },
            {
                "delta": 40733,
                "node": "8",
                "reporter": "18"
            },
            {
                "delta": 40733,
                "node": "22",
                "reporter": "18"
            },
            {
                "delta": 40733,
                "node": "4",
                "reporter": "18"
            },
            {
                "delta": 40733,
                "node": "12",
                "reporter": "18"
            },
            {
                "delta": 40733,
                "node": "25",
                "reporter": "18"
            },
            {
                "delta": 40734,
                "node": "16",
                "reporter": "18"
            },
            {
                "delta": 40734,
                "node": "14",
                "reporter": "18"
            },
            {
                "delta": 40734,
                "node": "29",
                "reporter": "18"
            },
            {
                "delta": 40734,
                "node": "5",
                "reporter": "18"
            }
        ]
    }
}