
{
    "id": "00372",
    "seed": 42,
    "repetition": 0,
    "settings": {
        "simulate_catastrophe": true,
        "number_of_nodes": 30,
        "duration": 120000,
        "gossip_delta": 200,
        "failure_delta": 1800,
        "miss_delta": 1800,
        "push_pull": false,
        "pick_strategy": 2,
        "enable_multicast": true,
        "multicast_parameter": 1.0,
        "multicast_max_wait": 1800,
        "expected_first_multicast": 600
    },
    "result": {
        "start_time": 1500761798436,
        "end_time": 1500761918446,
        "expected_crashes": [
            {
                "delta": 31130,
                "node": "27"
            },
            {
                "delta": 31130,
                "node": "13"
            },
            {
                "delta": 31130,
                "node": "10"
            },
            {
                "delta": 31130,
                "node": "21"
            },
            {
                "delta": 31130,
                "node": "30"
            },
            {
                "delta": 31130,
                "node": "3"
            },
            {
                "delta": 31130,
                "node": "28"
            },
            {
                "delta": 31130,
                "node": "6"
            },
            {
                "delta": 31130,
                "node": "24"
            },
            {
                "delta": 31130,
                "node": "9"
            },
            {
                "delta": 31130,
                "node": "19"
            },
            {
                "delta": 31130,
                "node": "7"
            },
            {
                "delta": 31130,
                "node": "23"
            },
            {
                "delta": 31130,
                "node": "26"
            },
            {
                "delta": 31130,
                "node": "15"
            },
            {
                "delta": 31130,
                "node": "2"
            },
            {
                "delta": 31130,
                "node": "17"
            },
            {
                "delta": 31130,
                "node": "1"
            },
            {
                "delta": 31130,
                "node": "20"
            },
            {
                "delta": 31130,
                "node": "11"
            }
        ],
        "reported_crashes": [
            {
                "delta": 19763,
                "node": "2",
                "reporter": "27"
            },
            {
                "delta": 19806,
                "node": "2",
                "reporter": "6"
            },
            {
                "delta": 20002,
                "node": "2",
                "reporter": "8"
            },
            {
                "delta": 20294,
                "node": "2",
                "reporter": "24"
            },
            {
                "delta": 20344,
                "node": "2",
                "reporter": "4"
            },
            {
                "delta": 20349,
                "node": "2",
                "reporter": "20"
            },
            {
                "delta": 20417,
                "node": "2",
                "reporter": "14"
            },
            {
                "delta": 20434,
                "node": "2",
                "reporter": "21"
            },
            {
                "delta": 20450,
                "node": "2",
                "reporter": "25"
            },
            {
                "delta": 20507,
                "node": "2",
                "reporter": "15"
            },
            {
                "delta": 20521,
                "node": "2",
                "reporter": "26"
            },
            {
                "delta": 20628,
                "node": "2",
                "reporter": "7"
            },
            {
                "delta": 20657,
                "node": "2",
                "reporter": "13"
            },
            {
                "delta": 20665,
                "node": "2",
                "reporter": "12"
            },
            {
                "delta": 20678,
                "node": "2",
                "reporter": "1"
            },
            {
                "delta": 20696,
                "node": "2",
                "reporter": "10"
            },
            {
                "delta": 20745,
                "node": "2",
                "reporter": "5"
            },
            {
                "delta": 20759,
                "node": "2",
                "reporter": "16"
            },
            {
                "delta": 20776,
                "node": "2",
                "reporter": "30"
            },
            {
                "delta": 20836,
                "node": "2",
                "reporter": "3"
            },
            {
                "delta": 20865,
                "node": "2",
                "reporter": "19"
            },
            {
                "delta": 20873,
                "node": "2",
                "reporter": "11"
            },
            {
                "delta": 20924,
                "node": "2",
                "reporter": "29"
            },
            {
                "delta": 20934,
                "node": "2",
                "reporter": "23"
            },
            {
                "delta": 21019,
                "node": "2",
                "reporter": "22"
            },
            {
                "delta": 21024,
                "node": "2",
                "reporter": "9"
            },
            {
                "delta": 21114,
                "node": "2",
                "reporter": "17"
            },
            {
                "delta": 21137,
                "node": "2",
                "reporter": "28"
            },
            {
                "delta": 21304,
                "node": "2",
                "reporter": "18"
            },
            {
                "delta": 21833,
                "node": "10",
                "reporter": "2"
            },
            {
                "delta": 21893,
                "node": "21",
                "reporter": "2"
            },
            {
                "delta": 22024,
                "node": "20",
                "reporter": "2"
            },
            {
                "delta": 22113,
                "node": "23",
                "reporter": "2"
            },
            {
                "delta": 22114,
                "node": "18",
                "reporter": "2"
            },
            {
                "delta": 22114,
                "node": "12",
                "reporter": "2"
            },
            {
                "delta": 22123,
                "node": "19",
                "reporter": "2"
            },
            {
                "delta": 22123,
                "node": "22",
                "reporter": "2"
            },
            {
                "delta": 22125,
                "node": "5",
                "reporter": "2"
            },
            {
                "delta": 22175,
                "node": "25",
                "reporter": "2"
            },
            {
                "delta": 22244,
                "node": "1",
                "reporter": "2"
            },
            {
                "delta": 22244,
                "node": "26",
                "reporter": "2"
            },
            {
                "delta": 22245,
                "node": "17",
                "reporter": "2"
            },
            {
                "delta": 22246,
                "node": "13",
                "reporter": "2"
            },
            {
                "delta": 22250,
                "node": "9",
                "reporter": "2"
            },
            {
                "delta": 22313,
                "node": "7",
                "reporter": "2"
            },
            {
                "delta": 22344,
                "node": "6",
                "reporter": "2"
            },
            {
                "delta": 22344,
                "node": "28",
                "reporter": "2"
            },
            {
                "delta": 22344,
                "node": "14",
                "reporter": "2"
            },
            {
                "delta": 22403,
                "node": "4",
                "reporter": "2"
            },
            {
                "delta": 22404,
                "node": "29",
                "reporter": "2"
            },
            {
                "delta": 22404,
                "node": "27",
                "reporter": "2"
            },
            {
                "delta": 22593,
                "node": "8",
                "reporter": "2"
            },
            {
                "delta": 22594,
                "node": "24",
                "reporter": "2"
            },
            {
                "delta": 22594,
                "node": "30",
                "reporter": "2"
            },
            {
                "delta": 22594,
                "node": "3",
                "reporter": "2"
            },
            {
                "delta": 22594,
                "node": "11",
                "reporter": "2"
            },
            {
                "delta": 22594,
                "node": "16",
                "reporter": "2"
            },
            {
                "delta": 22594,
                "node": "15",
                "reporter": "2"
            },
            {
                "delta": 34654,
                "node": "19",
                "reporter": "18"
            },
            {
                "delta": 34665,
                "node": "23",
                "reporter": "29"
            },
            {
                "delta": 34706,
                "node": "6",
                "reporter": "12"
            },
            {
                "delta": 34709,
                "node": "7",
                "reporter": "16"
            },
            {
                "delta": 34709,
                "node": "9",
                "reporter": "16"
            },
            {
                "delta": 34714,
                "node": "21",
                "reporter": "18"
            },
            {
                "delta": 34735,
                "node": "27",
                "reporter": "5"
            },
            {
                "delta": 34901,
                "node": "1",
                "reporter": "25"
            },
            {
                "delta": 34907,
                "node": "27",
                "reporter": "14"
            },
            {
                "delta": 34934,
                "node": "7",
                "reporter": "18"
            },
            {
                "delta": 34935,
                "node": "26",
                "reporter": "5"
            },
            {
                "delta": 34935,
                "node": "10",
                "reporter": "5"
            },
            {
                "delta": 34935,
                "node": "11",
                "reporter": "5"
            },
            {
                "delta": 34951,
                "node": "24",
                "reporter": "8"
            },
            {
                "delta": 34952,
                "node": "26",
                "reporter": "8"
            },
            {
                "delta": 34952,
                "node": "17",
                "reporter": "8"
            },
            {
                "delta": 34952,
                "node": "30",
                "reporter": "8"
            },
            {
                "delta": 34952,
                "node": "27",
                "reporter": "8"
            },
            {
                "delta": 34952,
                "node": "28",
                "reporter": "8"
            },
            {
                "delta": 34952,
                "node": "11",
                "reporter": "8"
            },
            {
                "delta": 34953,
                "node": "3",
                "reporter": "8"
            },
            {
                "delta": 34953,
                "node": "10",
                "reporter": "8"
            },
            {
                "delta": 34953,
                "node": "9",
                "reporter": "8"
            },
            {
                "delta": 34965,
                "node": "20",
                "reporter": "29"
            },
            {
                "delta": 35005,
                "node": "30",
                "reporter": "29"
            },
            {
                "delta": 35005,
                "node": "19",
                "reporter": "5"
            },
            {
                "delta": 35005,
                "node": "9",
                "reporter": "29"
            },
            {
                "delta": 35005,
                "node": "21",
                "reporter": "5"
            },
            {
                "delta": 35024,
                "node": "27",
                "reporter": "4"
            },
            {
                "delta": 35027,
                "node": "5",
                "reporter": "8"
            },
            {
                "delta": 35050,
                "node": "1",
                "reporter": "22"
            },
            {
                "delta": 35054,
                "node": "15",
                "reporter": "18"
            },
            {
                "delta": 35063,
                "node": "23",
                "reporter": "18"
            },
            {
                "delta": 35063,
                "node": "20",
                "reporter": "18"
            },
            {
                "delta": 35064,
                "node": "11",
                "reporter": "4"
            },
            {
                "delta": 35135,
                "node": "24",
                "reporter": "5"
            },
            {
                "delta": 35135,
                "node": "13",
                "reporter": "5"
            },
            {
                "delta": 35341,
                "node": "6",
                "reporter": "25"
            },
            {
                "delta": 35374,
                "node": "1",
                "reporter": "4"
            },
            {
                "delta": 35489,
                "node": "7",
                "reporter": "22"
            },
            {
                "delta": 35530,
                "node": "19",
                "reporter": "22"
            },
            {
                "delta": 35530,
                "node": "23",
                "reporter": "22"
            },
            {
                "delta": 35530,
                "node": "20",
                "reporter": "22"
            },
            {
                "delta": 35530,
                "node": "15",
                "reporter": "22"
            },
            {
                "delta": 35530,
                "node": "21",
                "reporter": "22"
            },
            {
                "delta": 35575,
                "node": "6",
                "reporter": "5"
            },
            {
                "delta": 35576,
                "node": "1",
                "reporter": "5"
            },
            {
                "delta": 35579,
                "node": "19",
                "reporter": "16"
            },
            {
                "delta": 35579,
                "node": "24",
                "reporter": "16"
            },
            {
                "delta": 35580,
                "node": "26",
                "reporter": "16"
            },
            {
                "delta": 35580,
                "node": "13",
                "reporter": "16"
            },
            {
                "delta": 35580,
                "node": "21",
                "reporter": "16"
            },
            {
                "delta": 35580,
                "node": "27",
                "reporter": "16"
            },
            {
                "delta": 35580,
                "node": "10",
                "reporter": "16"
            },
            {
                "delta": 35580,
                "node": "11",
                "reporter": "16"
            },
            {
                "delta": 35904,
                "node": "6",
                "reporter": "18"
            },
            {
                "delta": 36004,
                "node": "6",
                "reporter": "4"
            },
            {
                "delta": 36004,
                "node": "19",
                "reporter": "4"
            },
            {
                "delta": 36004,
                "node": "24",
                "reporter": "4"
            },
            {
                "delta": 36004,
                "node": "26",
                "reporter": "4"
            },
            {
                "delta": 36004,
                "node": "13",
                "reporter": "4"
            },
            {
                "delta": 36004,
                "node": "21",
                "reporter": "4"
            },
            {
                "delta": 36004,
                "node": "10",
                "reporter": "4"
            },
            {
                "delta": 36044,
                "node": "6",
                "reporter": "29"
            },
            {
                "delta": 36045,
                "node": "1",
                "reporter": "29"
            },
            {
                "delta": 36110,
                "node": "6",
                "reporter": "16"
            },
            {
                "delta": 36110,
                "node": "23",
                "reporter": "16"
            },
            {
                "delta": 36110,
                "node": "20",
                "reporter": "16"
            },
            {
                "delta": 36110,
                "node": "15",
                "reporter": "16"
            },
            {
                "delta": 36156,
                "node": "19",
                "reporter": "12"
            },
            {
                "delta": 36156,
                "node": "23",
                "reporter": "12"
            },
            {
                "delta": 36157,
                "node": "1",
                "reporter": "12"
            },
            {
                "delta": 36157,
                "node": "20",
                "reporter": "12"
            },
            {
                "delta": 36157,
                "node": "29",
                "reporter": "12"
            },
            {
                "delta": 36157,
                "node": "15",
                "reporter": "12"
            },
            {
                "delta": 36157,
                "node": "7",
                "reporter": "12"
            },
            {
                "delta": 36157,
                "node": "22",
                "reporter": "12"
            },
            {
                "delta": 36157,
                "node": "21",
                "reporter": "12"
            },
            {
                "delta": 36175,
                "node": "24",
                "reporter": "12"
            },
            {
                "delta": 36181,
                "node": "6",
                "reporter": "8"
            },
            {
                "delta": 36181,
                "node": "19",
                "reporter": "8"
            },
            {
                "delta": 36181,
                "node": "23",
                "reporter": "8"
            },
            {
                "delta": 36182,
                "node": "1",
                "reporter": "8"
            },
            {
                "delta": 36182,
                "node": "20",
                "reporter": "8"
            },
            {
                "delta": 36182,
                "node": "12",
                "reporter": "8"
            },
            {
                "delta": 36182,
                "node": "15",
                "reporter": "8"
            },
            {
                "delta": 36182,
                "node": "7",
                "reporter": "8"
            },
            {
                "delta": 36182,
                "node": "21",
                "reporter": "8"
            },
            {
                "delta": 36296,
                "node": "16",
                "reporter": "12"
            },
            {
                "delta": 36296,
                "node": "26",
                "reporter": "12"
            },
            {
                "delta": 36296,
                "node": "30",
                "reporter": "12"
            },
            {
                "delta": 36296,
                "node": "13",
                "reporter": "12"
            },
            {
                "delta": 36296,
                "node": "10",
                "reporter": "12"
            },
            {
                "delta": 36301,
                "node": "19",
                "reporter": "25"
            },
            {
                "delta": 36301,
                "node": "23",
                "reporter": "25"
            },
            {
                "delta": 36301,
                "node": "20",
                "reporter": "25"
            },
            {
                "delta": 36301,
                "node": "15",
                "reporter": "25"
            },
            {
                "delta": 36302,
                "node": "7",
                "reporter": "25"
            },
            {
                "delta": 36302,
                "node": "22",
                "reporter": "25"
            },
            {
                "delta": 36302,
                "node": "21",
                "reporter": "25"
            },
            {
                "delta": 36405,
                "node": "23",
                "reporter": "5"
            },
            {
                "delta": 36405,
                "node": "20",
                "reporter": "5"
            },
            {
                "delta": 36405,
                "node": "15",
                "reporter": "5"
            },
            {
                "delta": 36405,
                "node": "17",
                "reporter": "5"
            },
            {
                "delta": 36405,
                "node": "7",
                "reporter": "5"
            },
            {
                "delta": 36406,
                "node": "28",
                "reporter": "5"
            },
            {
                "delta": 36406,
                "node": "3",
                "reporter": "5"
            },
            {
                "delta": 36600,
                "node": "6",
                "reporter": "22"
            },
            {
                "delta": 36600,
                "node": "24",
                "reporter": "22"
            },
            {
                "delta": 36600,
                "node": "26",
                "reporter": "22"
            },
            {
                "delta": 36600,
                "node": "13",
                "reporter": "22"
            },
            {
                "delta": 36600,
                "node": "27",
                "reporter": "22"
            },
            {
                "delta": 36600,
                "node": "10",
                "reporter": "22"
            },
            {
                "delta": 36601,
                "node": "11",
                "reporter": "22"
            },
            {
                "delta": 36828,
                "node": "6",
                "reporter": "14"
            },
            {
                "delta": 36828,
                "node": "19",
                "reporter": "14"
            },
            {
                "delta": 36828,
                "node": "23",
                "reporter": "14"
            },
            {
                "delta": 36828,
                "node": "24",
                "reporter": "14"
            },
            {
                "delta": 36828,
                "node": "20",
                "reporter": "14"
            },
            {
                "delta": 36829,
                "node": "15",
                "reporter": "14"
            },
            {
                "delta": 36829,
                "node": "26",
                "reporter": "14"
            },
            {
                "delta": 36829,
                "node": "7",
                "reporter": "14"
            },
            {
                "delta": 36829,
                "node": "13",
                "reporter": "14"
            },
            {
                "delta": 36829,
                "node": "21",
                "reporter": "14"
            },
            {
                "delta": 36904,
                "node": "23",
                "reporter": "4"
            },
            {
                "delta": 36904,
                "node": "20",
                "reporter": "4"
            },
            {
                "delta": 36904,
                "node": "15",
                "reporter": "4"
            },
            {
                "delta": 36904,
                "node": "7",
                "reporter": "4"
            },
            {
                "delta": 36975,
                "node": "10",
                "reporter": "14"
            },
            {
                "delta": 36975,
                "node": "1",
                "reporter": "14"
            },
            {
                "delta": 36975,
                "node": "30",
                "reporter": "14"
            },
            {
                "delta": 36975,
                "node": "9",
                "reporter": "14"
            },
            {
                "delta": 37010,
                "node": "17",
                "reporter": "14"
            },
            {
                "delta": 37010,
                "node": "28",
                "reporter": "14"
            },
            {
                "delta": 37010,
                "node": "3",
                "reporter": "14"
            },
            {
                "delta": 37096,
                "node": "27",
                "reporter": "12"
            },
            {
                "delta": 37096,
                "node": "11",
                "reporter": "12"
            },
            {
                "delta": 37184,
                "node": "1",
                "reporter": "18"
            },
            {
                "delta": 37184,
                "node": "24",
                "reporter": "18"
            },
            {
                "delta": 37184,
                "node": "26",
                "reporter": "18"
            },
            {
                "delta": 37184,
                "node": "17",
                "reporter": "18"
            },
            {
                "delta": 37184,
                "node": "13",
                "reporter": "18"
            },
            {
                "delta": 37184,
                "node": "28",
                "reporter": "18"
            },
            {
                "delta": 37185,
                "node": "10",
                "reporter": "18"
            },
            {
                "delta": 37185,
                "node": "3",
                "reporter": "18"
            },
            {
                "delta": 37234,
                "node": "30",
                "reporter": "4"
            },
            {
                "delta": 37234,
                "node": "9",
                "reporter": "4"
            },
            {
                "delta": 37264,
                "node": "17",
                "reporter": "4"
            },
            {
                "delta": 37264,
                "node": "28",
                "reporter": "4"
            },
            {
                "delta": 37264,
                "node": "3",
                "reporter": "4"
            },
            {
                "delta": 37335,
                "node": "19",
                "reporter": "29"
            },
            {
                "delta": 37335,
                "node": "24",
                "reporter": "29"
            },
            {
                "delta": 37335,
                "node": "12",
                "reporter": "29"
            },
            {
                "delta": 37335,
                "node": "15",
                "reporter": "29"
            },
            {
                "delta": 37335,
                "node": "26",
                "reporter": "29"
            },
            {
                "delta": 37336,
                "node": "7",
                "reporter": "29"
            },
            {
                "delta": 37336,
                "node": "13",
                "reporter": "29"
            },
            {
                "delta": 37336,
                "node": "21",
                "reporter": "29"
            },
            {
                "delta": 37336,
                "node": "27",
                "reporter": "29"
            },
            {
                "delta": 37336,
                "node": "10",
                "reporter": "29"
            },
            {
                "delta": 37445,
                "node": "30",
                "reporter": "5"
            },
            {
                "delta": 37445,
                "node": "9",
                "reporter": "5"
            },
            {
                "delta": 37567,
                "node": "11",
                "reporter": "29"
            },
            {
                "delta": 37579,
                "node": "1",
                "reporter": "16"
            },
            {
                "delta": 37579,
                "node": "17",
                "reporter": "16"
            },
            {
                "delta": 37579,
                "node": "28",
                "reporter": "16"
            },
            {
                "delta": 37579,
                "node": "3",
                "reporter": "16"
            },
            {
                "delta": 37604,
                "node": "30",
                "reporter": "18"
            },
            {
                "delta": 37604,
                "node": "9",
                "reporter": "18"
            },
            {
                "delta": 37616,
                "node": "8",
                "reporter": "12"
            },
            {
                "delta": 37616,
                "node": "17",
                "reporter": "12"
            },
            {
                "delta": 37616,
                "node": "28",
                "reporter": "12"
            },
            {
                "delta": 37616,
                "node": "3",
                "reporter": "12"
            },
            {
                "delta": 37636,
                "node": "17",
                "reporter": "29"
            },
            {
                "delta": 37636,
                "node": "28",
                "reporter": "29"
            },
            {
                "delta": 37636,
                "node": "3",
                "reporter": "29"
            },
            {
                "delta": 37734,
                "node": "16",
                "reporter": "29"
            },
            {
                "delta": 37840,
                "node": "18",
                "reporter": "22"
            },
            {
                "delta": 37840,
                "node": "17",
                "reporter": "22"
            },
            {
                "delta": 37840,
                "node": "30",
                "reporter": "22"
            },
            {
                "delta": 37840,
                "node": "28",
                "reporter": "22"
            },
            {
                "delta": 37840,
                "node": "3",
                "reporter": "22"
            },
            {
                "delta": 37841,
                "node": "9",
                "reporter": "22"
            },
            {
                "delta": 38144,
                "node": "25",
                "reporter": "29"
            },
            {
                "delta": 38285,
                "node": "14",
                "reporter": "5"
            },
            {
                "delta": 38491,
                "node": "8",
                "reporter": "25"
            },
            {
                "delta": 38491,
                "node": "24",
                "reporter": "25"
            },
            {
                "delta": 38492,
                "node": "26",
                "reporter": "25"
            },
            {
                "delta": 38492,
                "node": "17",
                "reporter": "25"
            },
            {
                "delta": 38492,
                "node": "13",
                "reporter": "25"
            },
            {
                "delta": 38492,
                "node": "27",
                "reporter": "25"
            },
            {
                "delta": 38492,
                "node": "28",
                "reporter": "25"
            },
            {
                "delta": 38493,
                "node": "10",
                "reporter": "25"
            },
            {
                "delta": 38493,
                "node": "3",
                "reporter": "25"
            },
            {
                "delta": 38493,
                "node": "11",
                "reporter": "25"
            },
            {
                "delta": 38494,
                "node": "27",
                "reporter": "18"
            },
            {
                "delta": 38494,
                "node": "11",
                "reporter": "18"
            },
            {
                "delta": 38520,
                "node": "14",
                "reporter": "25"
            },
            {
                "delta": 38520,
                "node": "30",
                "reporter": "25"
            },
            {
                "delta": 38520,
                "node": "9",
                "reporter": "25"
            },
            {
                "delta": 38579,
                "node": "4",
                "reporter": "22"
            },
            {
                "delta": 38602,
                "node": "13",
                "reporter": "8"
            },
            {
                "delta": 38602,
                "node": "4",
                "reporter": "8"
            },
            {
                "delta": 38728,
                "node": "14",
                "reporter": "16"
            },
            {
                "delta": 38728,
                "node": "30",
                "reporter": "16"
            },
            {
                "delta": 38805,
                "node": "8",
                "reporter": "5"
            },
            {
                "delta": 38805,
                "node": "12",
                "reporter": "5"
            },
            {
                "delta": 38994,
                "node": "4",
                "reporter": "29"
            },
            {
                "delta": 39021,
                "node": "4",
                "reporter": "25"
            },
            {
                "delta": 39051,
                "node": "14",
                "reporter": "8"
            },
            {
                "delta": 39108,
                "node": "4",
                "reporter": "14"
            },
            {
                "delta": 39108,
                "node": "11",
                "reporter": "14"
            },
            {
                "delta": 39208,
                "node": "25",
                "reporter": "14"
            },
            {
                "delta": 39239,
                "node": "4",
                "reporter": "16"
            },
            {
                "delta": 39284,
                "node": "8",
                "reporter": "18"
            },
            {
                "delta": 39284,
                "node": "12",
                "reporter": "18"
            },
            {
                "delta": 39284,
                "node": "14",
                "reporter": "18"
            },
            {
                "delta": 39648,
                "node": "8",
                "reporter": "14"
            },
            {
                "delta": 39648,
                "node": "12",
                "reporter": "14"
            },
            {
                "delta": 39683,
                "node": "4",
                "reporter": "18"
            },
            {
                "delta": 39684,
                "node": "25",
                "reporter": "18"
            },
            {
                "delta": 39784,
                "node": "8",
                "reporter": "4"
            },
            {
                "delta": 39784,
                "node": "12",
                "reporter": "4"
            },
            {
                "delta": 39784,
                "node": "14",
                "reporter": "4"
            },
            {
                "delta": 39955,
                "node": "4",
                "reporter": "5"
            },
            {
                "delta": 39955,
                "node": "25",
                "reporter": "5"
            },
            {
                "delta": 39990,
                "node": "8",
                "reporter": "22"
            },
            {
                "delta": 39990,
                "node": "12",
                "reporter": "22"
            },
            {
                "delta": 39990,
                "node": "25",
                "reporter": "22"
            },
            {
                "delta": 39990,
                "node": "14",
                "reporter": "22"
            },
            {
                "delta": 39995,
                "node": "4",
                "reporter": "12"
            },
            {
                "delta": 39996,
                "node": "25",
                "reporter": "12"
            },
            {
                "delta": 39996,
                "node": "14",
                "reporter": "12"
            },
            {
                "delta": 39996,
                "node": "9",
                "reporter": "12"
            },
            {
                "delta": 40100,
                "node": "8",
                "reporter": "16"
            },
            {
                "delta": 40100,
                "node": "25",
                "reporter": "16"
            },
            {
                "delta": 40100,
                "node": "12",
                "reporter": "16"
            },
            {
                "delta": 40384,
                "node": "22",
                "reporter": "4"
            },
            {
                "delta": 40384,
                "node": "25",
                "reporter": "4"
            },
            {
                "delta": 40411,
                "node": "12",
                "reporter": "25"
            },
            {
                "delta": 40522,
                "node": "25",
                "reporter": "8"
            },
            {
                "delta": 40994,
                "node": "8",
                "reporter": "29"
            },
            {
                "delta": 40994,
                "node": "14",
                "reporter": "29"
            },
            {
                "delta": 41063,
                "node": "16",
                "reporter": "4"
            },
            {
                "delta": 41068,
                "node": "16",
                "reporter": "14"
            },
            {
                "delta": 41195,
                "node": "5",
                "reporter": "12"
            },
            {
                "delta": 41215,
                "node": "18",
                "reporter": "12"
            },
            {
                "delta": 41253,
                "node": "29",
                "reporter": "4"
            },
            {
                "delta": 41342,
                "node": "22",
                "reporter": "8"
            },
            {
                "delta": 41361,
                "node": "18",
                "reporter": "25"
            },
            {
                "delta": 41361,
                "node": "16",
                "reporter": "25"
            },
            {
                "delta": 41361,
                "node": "16",
                "reporter": "8"
            },
            {
                "delta": 41361,
                "node": "5",
                "reporter": "25"
            },
            {
                "delta": 41463,
                "node": "18",
                "reporter": "4"
            },
            {
                "delta": 41551,
                "node": "29",
                "reporter": "25"
            },
            {
                "delta": 41674,
                "node": "5",
                "reporter": "4"
            },
            {
                "delta": 42162,
                "node": "18",
                "reporter": "8"
            },
            {
                "delta": 42162,
                "node": "29",
                "reporter": "8"
            },
            {
                "delta": 42357,
                "node": "18",
                "reporter": "14"
            },
            {
                "delta": 42358,
                "node": "29",
                "reporter": "14"
            },
            {
                "delta": 42358,
                "node": "22",
                "reporter": "14"
            },
            {
                "delta": 42358,
                "node": "5",
                "reporter": "14"
            }
        ]
    }
}