
{
    "id": "00374",
    "seed": 42,
    "repetition": 0,
    "settings": {
        "simulate_catastrophe": true,
        "number_of_nodes": 30,
        "duration": 120000,
        "gossip_delta": 200,
        "failure_delta": 1800,
        "miss_delta": 1800,
        "push_pull": false,
        "pick_strategy": 2,
        "enable_multicast": true,
        "multicast_parameter": 1.0,
        "multicast_max_wait": 3600,
        "expected_first_multicast": 600
    },
    "result": {
        "start_time": 1500762048496,
        "end_time": 1500762168507,
        "expected_crashes": [
            {
                "delta": 31130,
                "node": "27"
            },
            {
                "delta": 31130,
                "node": "13"
            },
            {
                "delta": 31130,
                "node": "10"
            },
            {
                "delta": 31130,
                "node": "21"
            },
            {
                "delta": 31130,
                "node": "30"
            },
            {
                "delta": 31130,
                "node": "3"
            },
            {
                "delta": 31130,
                "node": "28"
            },
            {
                "delta": 31130,
                "node": "6"
            },
            {
                "delta": 31130,
                "node": "24"
            },
            {
                "delta": 31130,
                "node": "9"
            },
            {
                "delta": 31130,
                "node": "19"
            },
            {
                "delta": 31130,
                "node": "7"
            },
            {
                "delta": 31130,
                "node": "23"
            },
            {
                "delta": 31130,
                "node": "26"
            },
            {
                "delta": 31130,
                "node": "15"
            },
            {
                "delta": 31130,
                "node": "2"
            },
            {
                "delta": 31130,
                "node": "17"
            },
            {
                "delta": 31130,
                "node": "1"
            },
            {
                "delta": 31130,
                "node": "20"
            },
            {
                "delta": 31130,
                "node": "11"
            }
        ],
        "reported_crashes": [
            {
                "delta": 34481,
                "node": "15",
                "reporter": "25"
            },
            {
                "delta": 34481,
                "node": "21",
                "reporter": "25"
            },
            {
                "delta": 34484,
                "node": "3",
                "reporter": "29"
            },
            {
                "delta": 34535,
                "node": "26",
                "reporter": "5"
            },
            {
                "delta": 34551,
                "node": "11",
                "reporter": "8"
            },
            {
                "delta": 34571,
                "node": "20",
                "reporter": "25"
            },
            {
                "delta": 34588,
                "node": "10",
                "reporter": "16"
            },
            {
                "delta": 34644,
                "node": "29",
                "reporter": "18"
            },
            {
                "delta": 34645,
                "node": "3",
                "reporter": "18"
            },
            {
                "delta": 34734,
                "node": "17",
                "reporter": "4"
            },
            {
                "delta": 34752,
                "node": "7",
                "reporter": "8"
            },
            {
                "delta": 34792,
                "node": "20",
                "reporter": "8"
            },
            {
                "delta": 34792,
                "node": "21",
                "reporter": "8"
            },
            {
                "delta": 34813,
                "node": "6",
                "reporter": "4"
            },
            {
                "delta": 34835,
                "node": "6",
                "reporter": "5"
            },
            {
                "delta": 34835,
                "node": "17",
                "reporter": "5"
            },
            {
                "delta": 34849,
                "node": "15",
                "reporter": "16"
            },
            {
                "delta": 34849,
                "node": "11",
                "reporter": "16"
            },
            {
                "delta": 34864,
                "node": "3",
                "reporter": "5"
            },
            {
                "delta": 34911,
                "node": "19",
                "reporter": "25"
            },
            {
                "delta": 34911,
                "node": "23",
                "reporter": "25"
            },
            {
                "delta": 34911,
                "node": "1",
                "reporter": "25"
            },
            {
                "delta": 34911,
                "node": "24",
                "reporter": "25"
            },
            {
                "delta": 34912,
                "node": "2",
                "reporter": "25"
            },
            {
                "delta": 34912,
                "node": "30",
                "reporter": "25"
            },
            {
                "delta": 34912,
                "node": "13",
                "reporter": "25"
            },
            {
                "delta": 34912,
                "node": "27",
                "reporter": "25"
            },
            {
                "delta": 34912,
                "node": "28",
                "reporter": "25"
            },
            {
                "delta": 34912,
                "node": "10",
                "reporter": "25"
            },
            {
                "delta": 34933,
                "node": "11",
                "reporter": "25"
            },
            {
                "delta": 34933,
                "node": "9",
                "reporter": "25"
            },
            {
                "delta": 34959,
                "node": "6",
                "reporter": "22"
            },
            {
                "delta": 34959,
                "node": "26",
                "reporter": "22"
            },
            {
                "delta": 34960,
                "node": "17",
                "reporter": "22"
            },
            {
                "delta": 34960,
                "node": "3",
                "reporter": "22"
            },
            {
                "delta": 34994,
                "node": "19",
                "reporter": "29"
            },
            {
                "delta": 34994,
                "node": "24",
                "reporter": "29"
            },
            {
                "delta": 34994,
                "node": "2",
                "reporter": "29"
            },
            {
                "delta": 34994,
                "node": "30",
                "reporter": "29"
            },
            {
                "delta": 34998,
                "node": "19",
                "reporter": "16"
            },
            {
                "delta": 34999,
                "node": "24",
                "reporter": "16"
            },
            {
                "delta": 34999,
                "node": "2",
                "reporter": "16"
            },
            {
                "delta": 34999,
                "node": "29",
                "reporter": "16"
            },
            {
                "delta": 34999,
                "node": "30",
                "reporter": "16"
            },
            {
                "delta": 34999,
                "node": "3",
                "reporter": "16"
            },
            {
                "delta": 35115,
                "node": "23",
                "reporter": "5"
            },
            {
                "delta": 35116,
                "node": "1",
                "reporter": "5"
            },
            {
                "delta": 35116,
                "node": "20",
                "reporter": "5"
            },
            {
                "delta": 35116,
                "node": "13",
                "reporter": "5"
            },
            {
                "delta": 35116,
                "node": "21",
                "reporter": "5"
            },
            {
                "delta": 35116,
                "node": "27",
                "reporter": "5"
            },
            {
                "delta": 35116,
                "node": "28",
                "reporter": "5"
            },
            {
                "delta": 35116,
                "node": "11",
                "reporter": "5"
            },
            {
                "delta": 35116,
                "node": "9",
                "reporter": "5"
            },
            {
                "delta": 35134,
                "node": "20",
                "reporter": "4"
            },
            {
                "delta": 35134,
                "node": "7",
                "reporter": "4"
            },
            {
                "delta": 35134,
                "node": "21",
                "reporter": "4"
            },
            {
                "delta": 35134,
                "node": "11",
                "reporter": "4"
            },
            {
                "delta": 35298,
                "node": "23",
                "reporter": "14"
            },
            {
                "delta": 35298,
                "node": "1",
                "reporter": "14"
            },
            {
                "delta": 35299,
                "node": "20",
                "reporter": "14"
            },
            {
                "delta": 35299,
                "node": "13",
                "reporter": "14"
            },
            {
                "delta": 35299,
                "node": "21",
                "reporter": "14"
            },
            {
                "delta": 35299,
                "node": "27",
                "reporter": "14"
            },
            {
                "delta": 35299,
                "node": "28",
                "reporter": "14"
            },
            {
                "delta": 35299,
                "node": "11",
                "reporter": "14"
            },
            {
                "delta": 35299,
                "node": "9",
                "reporter": "14"
            },
            {
                "delta": 35364,
                "node": "15",
                "reporter": "29"
            },
            {
                "delta": 35365,
                "node": "10",
                "reporter": "29"
            },
            {
                "delta": 35365,
                "node": "11",
                "reporter": "29"
            },
            {
                "delta": 35379,
                "node": "6",
                "reporter": "16"
            },
            {
                "delta": 35379,
                "node": "23",
                "reporter": "16"
            },
            {
                "delta": 35379,
                "node": "1",
                "reporter": "16"
            },
            {
                "delta": 35379,
                "node": "18",
                "reporter": "16"
            },
            {
                "delta": 35379,
                "node": "20",
                "reporter": "16"
            },
            {
                "delta": 35379,
                "node": "12",
                "reporter": "16"
            },
            {
                "delta": 35380,
                "node": "26",
                "reporter": "16"
            },
            {
                "delta": 35380,
                "node": "17",
                "reporter": "16"
            },
            {
                "delta": 35380,
                "node": "22",
                "reporter": "16"
            },
            {
                "delta": 35380,
                "node": "13",
                "reporter": "16"
            },
            {
                "delta": 35400,
                "node": "27",
                "reporter": "16"
            },
            {
                "delta": 35400,
                "node": "21",
                "reporter": "16"
            },
            {
                "delta": 35400,
                "node": "28",
                "reporter": "16"
            },
            {
                "delta": 35400,
                "node": "25",
                "reporter": "16"
            },
            {
                "delta": 35400,
                "node": "9",
                "reporter": "16"
            },
            {
                "delta": 35445,
                "node": "6",
                "reporter": "14"
            },
            {
                "delta": 35446,
                "node": "26",
                "reporter": "14"
            },
            {
                "delta": 35446,
                "node": "17",
                "reporter": "14"
            },
            {
                "delta": 35446,
                "node": "3",
                "reporter": "14"
            },
            {
                "delta": 35446,
                "node": "19",
                "reporter": "14"
            },
            {
                "delta": 35446,
                "node": "24",
                "reporter": "14"
            },
            {
                "delta": 35446,
                "node": "2",
                "reporter": "14"
            },
            {
                "delta": 35446,
                "node": "16",
                "reporter": "14"
            },
            {
                "delta": 35446,
                "node": "29",
                "reporter": "14"
            },
            {
                "delta": 35446,
                "node": "15",
                "reporter": "14"
            },
            {
                "delta": 35446,
                "node": "30",
                "reporter": "14"
            },
            {
                "delta": 35446,
                "node": "10",
                "reporter": "14"
            },
            {
                "delta": 35696,
                "node": "20",
                "reporter": "12"
            },
            {
                "delta": 35696,
                "node": "7",
                "reporter": "12"
            },
            {
                "delta": 35696,
                "node": "21",
                "reporter": "12"
            },
            {
                "delta": 35696,
                "node": "11",
                "reporter": "12"
            },
            {
                "delta": 36015,
                "node": "20",
                "reporter": "29"
            },
            {
                "delta": 36015,
                "node": "7",
                "reporter": "29"
            },
            {
                "delta": 36015,
                "node": "21",
                "reporter": "29"
            },
            {
                "delta": 36015,
                "node": "23",
                "reporter": "4"
            },
            {
                "delta": 36015,
                "node": "1",
                "reporter": "4"
            },
            {
                "delta": 36015,
                "node": "26",
                "reporter": "4"
            },
            {
                "delta": 36015,
                "node": "13",
                "reporter": "4"
            },
            {
                "delta": 36015,
                "node": "27",
                "reporter": "4"
            },
            {
                "delta": 36016,
                "node": "28",
                "reporter": "4"
            },
            {
                "delta": 36016,
                "node": "3",
                "reporter": "4"
            },
            {
                "delta": 36016,
                "node": "9",
                "reporter": "4"
            },
            {
                "delta": 36165,
                "node": "7",
                "reporter": "5"
            },
            {
                "delta": 36379,
                "node": "7",
                "reporter": "16"
            },
            {
                "delta": 36472,
                "node": "6",
                "reporter": "8"
            },
            {
                "delta": 36472,
                "node": "19",
                "reporter": "8"
            },
            {
                "delta": 36472,
                "node": "23",
                "reporter": "8"
            },
            {
                "delta": 36472,
                "node": "1",
                "reporter": "8"
            },
            {
                "delta": 36473,
                "node": "24",
                "reporter": "8"
            },
            {
                "delta": 36473,
                "node": "2",
                "reporter": "8"
            },
            {
                "delta": 36473,
                "node": "15",
                "reporter": "8"
            },
            {
                "delta": 36473,
                "node": "26",
                "reporter": "8"
            },
            {
                "delta": 36473,
                "node": "17",
                "reporter": "8"
            },
            {
                "delta": 36473,
                "node": "30",
                "reporter": "8"
            },
            {
                "delta": 36548,
                "node": "7",
                "reporter": "14"
            },
            {
                "delta": 36548,
                "node": "13",
                "reporter": "8"
            },
            {
                "delta": 36548,
                "node": "27",
                "reporter": "8"
            },
            {
                "delta": 36548,
                "node": "28",
                "reporter": "8"
            },
            {
                "delta": 36548,
                "node": "3",
                "reporter": "8"
            },
            {
                "delta": 36548,
                "node": "10",
                "reporter": "8"
            },
            {
                "delta": 36548,
                "node": "9",
                "reporter": "8"
            },
            {
                "delta": 36728,
                "node": "18",
                "reporter": "14"
            },
            {
                "delta": 36750,
                "node": "6",
                "reporter": "25"
            },
            {
                "delta": 36751,
                "node": "26",
                "reporter": "25"
            },
            {
                "delta": 36751,
                "node": "17",
                "reporter": "25"
            },
            {
                "delta": 36751,
                "node": "3",
                "reporter": "25"
            },
            {
                "delta": 36960,
                "node": "20",
                "reporter": "22"
            },
            {
                "delta": 36960,
                "node": "12",
                "reporter": "22"
            },
            {
                "delta": 36960,
                "node": "7",
                "reporter": "22"
            },
            {
                "delta": 36960,
                "node": "21",
                "reporter": "22"
            },
            {
                "delta": 36961,
                "node": "11",
                "reporter": "22"
            },
            {
                "delta": 37195,
                "node": "6",
                "reporter": "18"
            },
            {
                "delta": 37195,
                "node": "23",
                "reporter": "18"
            },
            {
                "delta": 37195,
                "node": "1",
                "reporter": "18"
            },
            {
                "delta": 37195,
                "node": "20",
                "reporter": "18"
            },
            {
                "delta": 37195,
                "node": "26",
                "reporter": "18"
            },
            {
                "delta": 37195,
                "node": "17",
                "reporter": "18"
            },
            {
                "delta": 37195,
                "node": "13",
                "reporter": "18"
            },
            {
                "delta": 37195,
                "node": "27",
                "reporter": "18"
            },
            {
                "delta": 37196,
                "node": "21",
                "reporter": "18"
            },
            {
                "delta": 37196,
                "node": "28",
                "reporter": "18"
            },
            {
                "delta": 37342,
                "node": "11",
                "reporter": "18"
            },
            {
                "delta": 37342,
                "node": "9",
                "reporter": "18"
            },
            {
                "delta": 37381,
                "node": "12",
                "reporter": "25"
            },
            {
                "delta": 37381,
                "node": "7",
                "reporter": "25"
            },
            {
                "delta": 37430,
                "node": "19",
                "reporter": "22"
            },
            {
                "delta": 37430,
                "node": "23",
                "reporter": "22"
            },
            {
                "delta": 37431,
                "node": "1",
                "reporter": "22"
            },
            {
                "delta": 37431,
                "node": "24",
                "reporter": "22"
            },
            {
                "delta": 37431,
                "node": "18",
                "reporter": "22"
            },
            {
                "delta": 37431,
                "node": "2",
                "reporter": "22"
            },
            {
                "delta": 37431,
                "node": "15",
                "reporter": "22"
            },
            {
                "delta": 37431,
                "node": "30",
                "reporter": "22"
            },
            {
                "delta": 37431,
                "node": "13",
                "reporter": "22"
            },
            {
                "delta": 37432,
                "node": "27",
                "reporter": "22"
            },
            {
                "delta": 37434,
                "node": "19",
                "reporter": "4"
            },
            {
                "delta": 37434,
                "node": "24",
                "reporter": "4"
            },
            {
                "delta": 37434,
                "node": "2",
                "reporter": "4"
            },
            {
                "delta": 37434,
                "node": "15",
                "reporter": "4"
            },
            {
                "delta": 37434,
                "node": "30",
                "reporter": "4"
            },
            {
                "delta": 37434,
                "node": "10",
                "reporter": "4"
            },
            {
                "delta": 37485,
                "node": "6",
                "reporter": "29"
            },
            {
                "delta": 37485,
                "node": "23",
                "reporter": "29"
            },
            {
                "delta": 37485,
                "node": "1",
                "reporter": "29"
            },
            {
                "delta": 37485,
                "node": "26",
                "reporter": "29"
            },
            {
                "delta": 37485,
                "node": "17",
                "reporter": "29"
            },
            {
                "delta": 37485,
                "node": "13",
                "reporter": "29"
            },
            {
                "delta": 37485,
                "node": "27",
                "reporter": "29"
            },
            {
                "delta": 37485,
                "node": "28",
                "reporter": "29"
            },
            {
                "delta": 37486,
                "node": "9",
                "reporter": "29"
            },
            {
                "delta": 37506,
                "node": "28",
                "reporter": "22"
            },
            {
                "delta": 37506,
                "node": "10",
                "reporter": "22"
            },
            {
                "delta": 37506,
                "node": "9",
                "reporter": "22"
            },
            {
                "delta": 37642,
                "node": "18",
                "reporter": "8"
            },
            {
                "delta": 37684,
                "node": "12",
                "reporter": "29"
            },
            {
                "delta": 37732,
                "node": "12",
                "reporter": "8"
            },
            {
                "delta": 38045,
                "node": "6",
                "reporter": "12"
            },
            {
                "delta": 38045,
                "node": "19",
                "reporter": "12"
            },
            {
                "delta": 38045,
                "node": "23",
                "reporter": "12"
            },
            {
                "delta": 38046,
                "node": "1",
                "reporter": "12"
            },
            {
                "delta": 38046,
                "node": "24",
                "reporter": "12"
            },
            {
                "delta": 38046,
                "node": "2",
                "reporter": "12"
            },
            {
                "delta": 38046,
                "node": "18",
                "reporter": "12"
            },
            {
                "delta": 38046,
                "node": "15",
                "reporter": "12"
            },
            {
                "delta": 38046,
                "node": "26",
                "reporter": "12"
            },
            {
                "delta": 38046,
                "node": "17",
                "reporter": "12"
            },
            {
                "delta": 38055,
                "node": "12",
                "reporter": "5"
            },
            {
                "delta": 38185,
                "node": "30",
                "reporter": "12"
            },
            {
                "delta": 38185,
                "node": "13",
                "reporter": "12"
            },
            {
                "delta": 38185,
                "node": "27",
                "reporter": "12"
            },
            {
                "delta": 38185,
                "node": "28",
                "reporter": "12"
            },
            {
                "delta": 38185,
                "node": "10",
                "reporter": "12"
            },
            {
                "delta": 38185,
                "node": "3",
                "reporter": "12"
            },
            {
                "delta": 38185,
                "node": "9",
                "reporter": "12"
            },
            {
                "delta": 38237,
                "node": "12",
                "reporter": "14"
            },
            {
                "delta": 38265,
                "node": "19",
                "reporter": "5"
            },
            {
                "delta": 38265,
                "node": "24",
                "reporter": "5"
            },
            {
                "delta": 38265,
                "node": "2",
                "reporter": "5"
            },
            {
                "delta": 38266,
                "node": "16",
                "reporter": "5"
            },
            {
                "delta": 38266,
                "node": "15",
                "reporter": "5"
            },
            {
                "delta": 38266,
                "node": "30",
                "reporter": "5"
            },
            {
                "delta": 38266,
                "node": "10",
                "reporter": "5"
            },
            {
                "delta": 38324,
                "node": "12",
                "reporter": "4"
            },
            {
                "delta": 38324,
                "node": "16",
                "reporter": "4"
            },
            {
                "delta": 38404,
                "node": "19",
                "reporter": "18"
            },
            {
                "delta": 38404,
                "node": "24",
                "reporter": "18"
            },
            {
                "delta": 38404,
                "node": "2",
                "reporter": "18"
            },
            {
                "delta": 38404,
                "node": "12",
                "reporter": "18"
            },
            {
                "delta": 38404,
                "node": "15",
                "reporter": "18"
            },
            {
                "delta": 38404,
                "node": "30",
                "reporter": "18"
            },
            {
                "delta": 38404,
                "node": "7",
                "reporter": "18"
            },
            {
                "delta": 38405,
                "node": "10",
                "reporter": "18"
            },
            {
                "delta": 38494,
                "node": "16",
                "reporter": "18"
            },
            {
                "delta": 38531,
                "node": "16",
                "reporter": "8"
            },
            {
                "delta": 38534,
                "node": "18",
                "reporter": "29"
            },
            {
                "delta": 38764,
                "node": "18",
                "reporter": "4"
            },
            {
                "delta": 38780,
                "node": "16",
                "reporter": "22"
            },
            {
                "delta": 38900,
                "node": "18",
                "reporter": "25"
            },
            {
                "delta": 39055,
                "node": "16",
                "reporter": "12"
            },
            {
                "delta": 39055,
                "node": "29",
                "reporter": "12"
            },
            {
                "delta": 39426,
                "node": "18",
                "reporter": "5"
            },
            {
                "delta": 39435,
                "node": "5",
                "reporter": "12"
            },
            {
                "delta": 39481,
                "node": "16",
                "reporter": "25"
            },
            {
                "delta": 39746,
                "node": "8",
                "reporter": "12"
            },
            {
                "delta": 39746,
                "node": "4",
                "reporter": "12"
            },
            {
                "delta": 39746,
                "node": "14",
                "reporter": "12"
            },
            {
                "delta": 39746,
                "node": "22",
                "reporter": "12"
            },
            {
                "delta": 39746,
                "node": "25",
                "reporter": "12"
            },
            {
                "delta": 40004,
                "node": "16",
                "reporter": "29"
            },
            {
                "delta": 40474,
                "node": "8",
                "reporter": "18"
            },
            {
                "delta": 40475,
                "node": "4",
                "reporter": "18"
            },
            {
                "delta": 40764,
                "node": "14",
                "reporter": "18"
            },
            {
                "delta": 40765,
                "node": "22",
                "reporter": "18"
            },
            {
                "delta": 40765,
                "node": "25",
                "reporter": "18"
            },
            {
                "delta": 40765,
                "node": "5",
                "reporter": "18"
            },
            {
                "delta": 40829,
                "node": "14",
                "reporter": "16"
            },
            {
                "delta": 41249,
                "node": "4",
                "reporter": "16"
            },
            {
                "delta": 41249,
                "node": "8",
                "reporter": "16"
            },
            {
                "delta": 41249,
                "node": "5",
                "reporter": "16"
            }
        ]
    }
}