
{
    "id": "00384",
    "seed": 42,
    "repetition": 0,
    "settings": {
        "simulate_catastrophe": true,
        "number_of_nodes": 30,
        "duration": 120000,
        "gossip_delta": 200,
        "failure_delta": 1800,
        "miss_delta": 1800,
        "push_pull": true,
        "pick_strategy": 1,
        "enable_multicast": true,
        "multicast_parameter": 1.0,
        "multicast_max_wait": 3600,
        "expected_first_multicast": 600
    },
    "result": {
        "start_time": 1500763298797,
        "end_time": 1500763418809,
        "expected_crashes": [
            {
                "delta": 31130,
                "node": "27"
            },
            {
                "delta": 31130,
                "node": "13"
            },
            {
                "delta": 31130,
                "node": "10"
            },
            {
                "delta": 31130,
                "node": "21"
            },
            {
                "delta": 31130,
                "node": "30"
            },
            {
                "delta": 31130,
                "node": "3"
            },
            {
                "delta": 31130,
                "node": "28"
            },
            {
                "delta": 31130,
                "node": "6"
            },
            {
                "delta": 31130,
                "node": "24"
            },
            {
                "delta": 31130,
                "node": "9"
            },
            {
                "delta": 31130,
                "node": "19"
            },
            {
                "delta": 31130,
                "node": "7"
            },
            {
                "delta": 31130,
                "node": "23"
            },
            {
                "delta": 31130,
                "node": "26"
            },
            {
                "delta": 31130,
                "node": "15"
            },
            {
                "delta": 31130,
                "node": "2"
            },
            {
                "delta": 31130,
                "node": "17"
            },
            {
                "delta": 31130,
                "node": "1"
            },
            {
                "delta": 31130,
                "node": "20"
            },
            {
                "delta": 31130,
                "node": "11"
            }
        ],
        "reported_crashes": [
            {
                "delta": 34681,
                "node": "3",
                "reporter": "4"
            },
            {
                "delta": 34729,
                "node": "20",
                "reporter": "22"
            },
            {
                "delta": 34758,
                "node": "2",
                "reporter": "25"
            },
            {
                "delta": 34773,
                "node": "27",
                "reporter": "12"
            },
            {
                "delta": 34785,
                "node": "9",
                "reporter": "14"
            },
            {
                "delta": 34794,
                "node": "10",
                "reporter": "5"
            },
            {
                "delta": 34799,
                "node": "13",
                "reporter": "25"
            },
            {
                "delta": 34810,
                "node": "7",
                "reporter": "8"
            },
            {
                "delta": 34810,
                "node": "3",
                "reporter": "8"
            },
            {
                "delta": 34814,
                "node": "30",
                "reporter": "5"
            },
            {
                "delta": 34819,
                "node": "15",
                "reporter": "25"
            },
            {
                "delta": 34825,
                "node": "19",
                "reporter": "16"
            },
            {
                "delta": 34825,
                "node": "26",
                "reporter": "16"
            },
            {
                "delta": 34825,
                "node": "21",
                "reporter": "16"
            },
            {
                "delta": 34825,
                "node": "27",
                "reporter": "16"
            },
            {
                "delta": 34825,
                "node": "10",
                "reporter": "16"
            },
            {
                "delta": 34830,
                "node": "2",
                "reporter": "8"
            },
            {
                "delta": 34830,
                "node": "21",
                "reporter": "22"
            },
            {
                "delta": 34830,
                "node": "10",
                "reporter": "22"
            },
            {
                "delta": 34849,
                "node": "6",
                "reporter": "25"
            },
            {
                "delta": 34868,
                "node": "1",
                "reporter": "25"
            },
            {
                "delta": 34868,
                "node": "17",
                "reporter": "25"
            },
            {
                "delta": 34885,
                "node": "17",
                "reporter": "18"
            },
            {
                "delta": 34921,
                "node": "7",
                "reporter": "4"
            },
            {
                "delta": 34993,
                "node": "10",
                "reporter": "12"
            },
            {
                "delta": 34994,
                "node": "30",
                "reporter": "12"
            },
            {
                "delta": 34995,
                "node": "23",
                "reporter": "14"
            },
            {
                "delta": 34995,
                "node": "24",
                "reporter": "14"
            },
            {
                "delta": 34995,
                "node": "11",
                "reporter": "14"
            },
            {
                "delta": 34995,
                "node": "10",
                "reporter": "14"
            },
            {
                "delta": 35014,
                "node": "28",
                "reporter": "5"
            },
            {
                "delta": 35104,
                "node": "27",
                "reporter": "5"
            },
            {
                "delta": 35113,
                "node": "26",
                "reporter": "12"
            },
            {
                "delta": 35113,
                "node": "19",
                "reporter": "12"
            },
            {
                "delta": 35123,
                "node": "21",
                "reporter": "12"
            },
            {
                "delta": 35215,
                "node": "30",
                "reporter": "14"
            },
            {
                "delta": 35215,
                "node": "27",
                "reporter": "14"
            },
            {
                "delta": 35215,
                "node": "28",
                "reporter": "14"
            },
            {
                "delta": 35263,
                "node": "7",
                "reporter": "12"
            },
            {
                "delta": 35263,
                "node": "2",
                "reporter": "12"
            },
            {
                "delta": 35263,
                "node": "3",
                "reporter": "12"
            },
            {
                "delta": 35272,
                "node": "20",
                "reporter": "4"
            },
            {
                "delta": 35272,
                "node": "21",
                "reporter": "4"
            },
            {
                "delta": 35272,
                "node": "10",
                "reporter": "4"
            },
            {
                "delta": 35279,
                "node": "7",
                "reporter": "22"
            },
            {
                "delta": 35279,
                "node": "3",
                "reporter": "22"
            },
            {
                "delta": 35280,
                "node": "19",
                "reporter": "8"
            },
            {
                "delta": 35280,
                "node": "26",
                "reporter": "8"
            },
            {
                "delta": 35280,
                "node": "30",
                "reporter": "8"
            },
            {
                "delta": 35280,
                "node": "21",
                "reporter": "8"
            },
            {
                "delta": 35280,
                "node": "27",
                "reporter": "8"
            },
            {
                "delta": 35280,
                "node": "10",
                "reporter": "8"
            },
            {
                "delta": 35344,
                "node": "23",
                "reporter": "5"
            },
            {
                "delta": 35345,
                "node": "24",
                "reporter": "5"
            },
            {
                "delta": 35345,
                "node": "11",
                "reporter": "5"
            },
            {
                "delta": 35345,
                "node": "9",
                "reporter": "5"
            },
            {
                "delta": 35345,
                "node": "19",
                "reporter": "18"
            },
            {
                "delta": 35345,
                "node": "26",
                "reporter": "18"
            },
            {
                "delta": 35345,
                "node": "30",
                "reporter": "18"
            },
            {
                "delta": 35346,
                "node": "21",
                "reporter": "18"
            },
            {
                "delta": 35346,
                "node": "27",
                "reporter": "18"
            },
            {
                "delta": 35346,
                "node": "10",
                "reporter": "18"
            },
            {
                "delta": 35355,
                "node": "30",
                "reporter": "16"
            },
            {
                "delta": 35355,
                "node": "28",
                "reporter": "16"
            },
            {
                "delta": 35375,
                "node": "17",
                "reporter": "16"
            },
            {
                "delta": 35419,
                "node": "19",
                "reporter": "22"
            },
            {
                "delta": 35419,
                "node": "2",
                "reporter": "22"
            },
            {
                "delta": 35420,
                "node": "26",
                "reporter": "22"
            },
            {
                "delta": 35420,
                "node": "30",
                "reporter": "22"
            },
            {
                "delta": 35420,
                "node": "27",
                "reporter": "22"
            },
            {
                "delta": 35430,
                "node": "20",
                "reporter": "8"
            },
            {
                "delta": 35433,
                "node": "20",
                "reporter": "12"
            },
            {
                "delta": 35493,
                "node": "17",
                "reporter": "12"
            },
            {
                "delta": 35524,
                "node": "19",
                "reporter": "5"
            },
            {
                "delta": 35524,
                "node": "26",
                "reporter": "5"
            },
            {
                "delta": 35524,
                "node": "21",
                "reporter": "5"
            },
            {
                "delta": 35524,
                "node": "28",
                "reporter": "18"
            },
            {
                "delta": 35554,
                "node": "6",
                "reporter": "5"
            },
            {
                "delta": 35554,
                "node": "1",
                "reporter": "5"
            },
            {
                "delta": 35554,
                "node": "2",
                "reporter": "5"
            },
            {
                "delta": 35556,
                "node": "15",
                "reporter": "5"
            },
            {
                "delta": 35556,
                "node": "17",
                "reporter": "5"
            },
            {
                "delta": 35556,
                "node": "13",
                "reporter": "5"
            },
            {
                "delta": 35568,
                "node": "19",
                "reporter": "25"
            },
            {
                "delta": 35568,
                "node": "23",
                "reporter": "25"
            },
            {
                "delta": 35568,
                "node": "24",
                "reporter": "25"
            },
            {
                "delta": 35568,
                "node": "26",
                "reporter": "25"
            },
            {
                "delta": 35569,
                "node": "30",
                "reporter": "25"
            },
            {
                "delta": 35569,
                "node": "21",
                "reporter": "25"
            },
            {
                "delta": 35569,
                "node": "27",
                "reporter": "25"
            },
            {
                "delta": 35569,
                "node": "28",
                "reporter": "25"
            },
            {
                "delta": 35570,
                "node": "10",
                "reporter": "25"
            },
            {
                "delta": 35571,
                "node": "11",
                "reporter": "25"
            },
            {
                "delta": 35571,
                "node": "9",
                "reporter": "25"
            },
            {
                "delta": 35582,
                "node": "19",
                "reporter": "4"
            },
            {
                "delta": 35582,
                "node": "2",
                "reporter": "4"
            },
            {
                "delta": 35582,
                "node": "26",
                "reporter": "4"
            },
            {
                "delta": 35582,
                "node": "30",
                "reporter": "4"
            },
            {
                "delta": 35582,
                "node": "27",
                "reporter": "4"
            },
            {
                "delta": 35610,
                "node": "23",
                "reporter": "22"
            },
            {
                "delta": 35610,
                "node": "24",
                "reporter": "22"
            },
            {
                "delta": 35610,
                "node": "28",
                "reporter": "22"
            },
            {
                "delta": 35610,
                "node": "11",
                "reporter": "22"
            },
            {
                "delta": 35611,
                "node": "9",
                "reporter": "22"
            },
            {
                "delta": 35649,
                "node": "6",
                "reporter": "22"
            },
            {
                "delta": 35649,
                "node": "1",
                "reporter": "22"
            },
            {
                "delta": 35649,
                "node": "15",
                "reporter": "22"
            },
            {
                "delta": 35650,
                "node": "17",
                "reporter": "22"
            },
            {
                "delta": 35650,
                "node": "13",
                "reporter": "22"
            },
            {
                "delta": 35659,
                "node": "20",
                "reporter": "25"
            },
            {
                "delta": 35659,
                "node": "7",
                "reporter": "25"
            },
            {
                "delta": 35659,
                "node": "3",
                "reporter": "25"
            },
            {
                "delta": 35696,
                "node": "2",
                "reporter": "14"
            },
            {
                "delta": 35696,
                "node": "20",
                "reporter": "14"
            },
            {
                "delta": 35696,
                "node": "26",
                "reporter": "14"
            },
            {
                "delta": 35696,
                "node": "7",
                "reporter": "14"
            },
            {
                "delta": 35696,
                "node": "21",
                "reporter": "14"
            },
            {
                "delta": 35696,
                "node": "3",
                "reporter": "14"
            },
            {
                "delta": 35696,
                "node": "19",
                "reporter": "14"
            },
            {
                "delta": 35736,
                "node": "6",
                "reporter": "18"
            },
            {
                "delta": 35736,
                "node": "23",
                "reporter": "18"
            },
            {
                "delta": 35736,
                "node": "1",
                "reporter": "18"
            },
            {
                "delta": 35736,
                "node": "24",
                "reporter": "18"
            },
            {
                "delta": 35736,
                "node": "2",
                "reporter": "18"
            },
            {
                "delta": 35736,
                "node": "15",
                "reporter": "18"
            },
            {
                "delta": 35736,
                "node": "13",
                "reporter": "18"
            },
            {
                "delta": 35736,
                "node": "11",
                "reporter": "18"
            },
            {
                "delta": 35736,
                "node": "9",
                "reporter": "18"
            },
            {
                "delta": 35795,
                "node": "6",
                "reporter": "16"
            },
            {
                "delta": 35795,
                "node": "23",
                "reporter": "16"
            },
            {
                "delta": 35795,
                "node": "1",
                "reporter": "16"
            },
            {
                "delta": 35796,
                "node": "24",
                "reporter": "16"
            },
            {
                "delta": 35796,
                "node": "2",
                "reporter": "16"
            },
            {
                "delta": 35796,
                "node": "15",
                "reporter": "16"
            },
            {
                "delta": 35796,
                "node": "13",
                "reporter": "16"
            },
            {
                "delta": 35796,
                "node": "11",
                "reporter": "16"
            },
            {
                "delta": 35796,
                "node": "9",
                "reporter": "16"
            },
            {
                "delta": 35854,
                "node": "6",
                "reporter": "12"
            },
            {
                "delta": 35854,
                "node": "23",
                "reporter": "12"
            },
            {
                "delta": 35854,
                "node": "1",
                "reporter": "12"
            },
            {
                "delta": 35854,
                "node": "24",
                "reporter": "12"
            },
            {
                "delta": 35854,
                "node": "15",
                "reporter": "12"
            },
            {
                "delta": 35854,
                "node": "13",
                "reporter": "12"
            },
            {
                "delta": 35855,
                "node": "28",
                "reporter": "12"
            },
            {
                "delta": 35855,
                "node": "11",
                "reporter": "12"
            },
            {
                "delta": 35855,
                "node": "9",
                "reporter": "12"
            },
            {
                "delta": 35973,
                "node": "6",
                "reporter": "4"
            },
            {
                "delta": 35973,
                "node": "23",
                "reporter": "4"
            },
            {
                "delta": 35973,
                "node": "1",
                "reporter": "4"
            },
            {
                "delta": 35973,
                "node": "24",
                "reporter": "4"
            },
            {
                "delta": 35973,
                "node": "15",
                "reporter": "4"
            },
            {
                "delta": 35973,
                "node": "17",
                "reporter": "4"
            },
            {
                "delta": 35973,
                "node": "13",
                "reporter": "4"
            },
            {
                "delta": 35973,
                "node": "28",
                "reporter": "4"
            },
            {
                "delta": 35973,
                "node": "11",
                "reporter": "4"
            },
            {
                "delta": 35973,
                "node": "9",
                "reporter": "4"
            },
            {
                "delta": 35974,
                "node": "20",
                "reporter": "5"
            },
            {
                "delta": 35974,
                "node": "7",
                "reporter": "5"
            },
            {
                "delta": 35974,
                "node": "3",
                "reporter": "5"
            },
            {
                "delta": 36085,
                "node": "20",
                "reporter": "16"
            },
            {
                "delta": 36085,
                "node": "7",
                "reporter": "16"
            },
            {
                "delta": 36085,
                "node": "3",
                "reporter": "16"
            },
            {
                "delta": 36100,
                "node": "6",
                "reporter": "8"
            },
            {
                "delta": 36100,
                "node": "23",
                "reporter": "8"
            },
            {
                "delta": 36100,
                "node": "1",
                "reporter": "8"
            },
            {
                "delta": 36100,
                "node": "24",
                "reporter": "8"
            },
            {
                "delta": 36100,
                "node": "15",
                "reporter": "8"
            },
            {
                "delta": 36100,
                "node": "17",
                "reporter": "8"
            },
            {
                "delta": 36100,
                "node": "13",
                "reporter": "8"
            },
            {
                "delta": 36100,
                "node": "28",
                "reporter": "8"
            },
            {
                "delta": 36100,
                "node": "11",
                "reporter": "8"
            },
            {
                "delta": 36100,
                "node": "9",
                "reporter": "8"
            },
            {
                "delta": 36165,
                "node": "20",
                "reporter": "18"
            },
            {
                "delta": 36165,
                "node": "7",
                "reporter": "18"
            },
            {
                "delta": 36165,
                "node": "3",
                "reporter": "18"
            },
            {
                "delta": 36245,
                "node": "1",
                "reporter": "14"
            },
            {
                "delta": 36245,
                "node": "15",
                "reporter": "14"
            },
            {
                "delta": 36245,
                "node": "17",
                "reporter": "14"
            },
            {
                "delta": 36245,
                "node": "6",
                "reporter": "14"
            },
            {
                "delta": 36254,
                "node": "13",
                "reporter": "14"
            },
            {
                "delta": 36329,
                "node": "6",
                "reporter": "29"
            },
            {
                "delta": 36329,
                "node": "19",
                "reporter": "29"
            },
            {
                "delta": 36329,
                "node": "23",
                "reporter": "29"
            },
            {
                "delta": 36330,
                "node": "1",
                "reporter": "29"
            },
            {
                "delta": 36330,
                "node": "24",
                "reporter": "29"
            },
            {
                "delta": 36330,
                "node": "2",
                "reporter": "29"
            },
            {
                "delta": 36330,
                "node": "20",
                "reporter": "29"
            },
            {
                "delta": 36330,
                "node": "15",
                "reporter": "29"
            },
            {
                "delta": 36330,
                "node": "26",
                "reporter": "29"
            },
            {
                "delta": 36330,
                "node": "17",
                "reporter": "29"
            },
            {
                "delta": 36576,
                "node": "30",
                "reporter": "29"
            },
            {
                "delta": 36576,
                "node": "7",
                "reporter": "29"
            },
            {
                "delta": 36576,
                "node": "13",
                "reporter": "29"
            },
            {
                "delta": 36576,
                "node": "21",
                "reporter": "29"
            },
            {
                "delta": 36576,
                "node": "27",
                "reporter": "29"
            },
            {
                "delta": 36576,
                "node": "28",
                "reporter": "29"
            },
            {
                "delta": 36576,
                "node": "10",
                "reporter": "29"
            },
            {
                "delta": 36576,
                "node": "3",
                "reporter": "29"
            },
            {
                "delta": 36576,
                "node": "11",
                "reporter": "29"
            },
            {
                "delta": 36576,
                "node": "9",
                "reporter": "29"
            }
        ]
    }
}