
{
    "id": "00389",
    "seed": 42,
    "repetition": 0,
    "settings": {
        "simulate_catastrophe": true,
        "number_of_nodes": 30,
        "duration": 120000,
        "gossip_delta": 200,
        "failure_delta": 1800,
        "miss_delta": 1800,
        "push_pull": true,
        "pick_strategy": 2,
        "enable_multicast": true,
        "multicast_parameter": 1.0,
        "multicast_max_wait": 3600,
        "expected_first_multicast": 600
    },
    "result": {
        "start_time": 1500763923947,
        "end_time": 1500764043957,
        "expected_crashes": [
            {
                "delta": 31130,
                "node": "27"
            },
            {
                "delta": 31130,
                "node": "13"
            },
            {
                "delta": 31130,
                "node": "10"
            },
            {
                "delta": 31130,
                "node": "21"
            },
            {
                "delta": 31130,
                "node": "30"
            },
            {
                "delta": 31130,
                "node": "3"
            },
            {
                "delta": 31130,
                "node": "28"
            },
            {
                "delta": 31130,
                "node": "6"
            },
            {
                "delta": 31130,
                "node": "24"
            },
            {
                "delta": 31130,
                "node": "9"
            },
            {
                "delta": 31130,
                "node": "19"
            },
            {
                "delta": 31130,
                "node": "7"
            },
            {
                "delta": 31130,
                "node": "23"
            },
            {
                "delta": 31130,
                "node": "26"
            },
            {
                "delta": 31130,
                "node": "15"
            },
            {
                "delta": 31130,
                "node": "2"
            },
            {
                "delta": 31130,
                "node": "17"
            },
            {
                "delta": 31130,
                "node": "1"
            },
            {
                "delta": 31130,
                "node": "20"
            },
            {
                "delta": 31130,
                "node": "11"
            }
        ],
        "reported_crashes": [
            {
                "delta": 34595,
                "node": "1",
                "reporter": "18"
            },
            {
                "delta": 34645,
                "node": "13",
                "reporter": "14"
            },
            {
                "delta": 34664,
                "node": "3",
                "reporter": "18"
            },
            {
                "delta": 34665,
                "node": "15",
                "reporter": "5"
            },
            {
                "delta": 34668,
                "node": "9",
                "reporter": "25"
            },
            {
                "delta": 34672,
                "node": "20",
                "reporter": "12"
            },
            {
                "delta": 34673,
                "node": "30",
                "reporter": "22"
            },
            {
                "delta": 34749,
                "node": "1",
                "reporter": "29"
            },
            {
                "delta": 34764,
                "node": "20",
                "reporter": "14"
            },
            {
                "delta": 34773,
                "node": "13",
                "reporter": "12"
            },
            {
                "delta": 34774,
                "node": "6",
                "reporter": "14"
            },
            {
                "delta": 34774,
                "node": "15",
                "reporter": "14"
            },
            {
                "delta": 34775,
                "node": "13",
                "reporter": "18"
            },
            {
                "delta": 34775,
                "node": "7",
                "reporter": "14"
            },
            {
                "delta": 34794,
                "node": "2",
                "reporter": "18"
            },
            {
                "delta": 34829,
                "node": "20",
                "reporter": "25"
            },
            {
                "delta": 34829,
                "node": "17",
                "reporter": "25"
            },
            {
                "delta": 34829,
                "node": "7",
                "reporter": "25"
            },
            {
                "delta": 34849,
                "node": "13",
                "reporter": "29"
            },
            {
                "delta": 34864,
                "node": "20",
                "reporter": "5"
            },
            {
                "delta": 34864,
                "node": "7",
                "reporter": "5"
            },
            {
                "delta": 34870,
                "node": "19",
                "reporter": "8"
            },
            {
                "delta": 34870,
                "node": "15",
                "reporter": "8"
            },
            {
                "delta": 34870,
                "node": "7",
                "reporter": "8"
            },
            {
                "delta": 34870,
                "node": "27",
                "reporter": "8"
            },
            {
                "delta": 34884,
                "node": "21",
                "reporter": "16"
            },
            {
                "delta": 34894,
                "node": "23",
                "reporter": "16"
            },
            {
                "delta": 34902,
                "node": "9",
                "reporter": "4"
            },
            {
                "delta": 34924,
                "node": "30",
                "reporter": "14"
            },
            {
                "delta": 34940,
                "node": "6",
                "reporter": "22"
            },
            {
                "delta": 34941,
                "node": "20",
                "reporter": "22"
            },
            {
                "delta": 34941,
                "node": "15",
                "reporter": "22"
            },
            {
                "delta": 34941,
                "node": "7",
                "reporter": "22"
            },
            {
                "delta": 34941,
                "node": "13",
                "reporter": "22"
            },
            {
                "delta": 34944,
                "node": "30",
                "reporter": "5"
            },
            {
                "delta": 34952,
                "node": "6",
                "reporter": "4"
            },
            {
                "delta": 34952,
                "node": "20",
                "reporter": "4"
            },
            {
                "delta": 34952,
                "node": "15",
                "reporter": "4"
            },
            {
                "delta": 34953,
                "node": "7",
                "reporter": "4"
            },
            {
                "delta": 34953,
                "node": "13",
                "reporter": "4"
            },
            {
                "delta": 34963,
                "node": "23",
                "reporter": "12"
            },
            {
                "delta": 34970,
                "node": "23",
                "reporter": "8"
            },
            {
                "delta": 34970,
                "node": "20",
                "reporter": "8"
            },
            {
                "delta": 34970,
                "node": "13",
                "reporter": "8"
            },
            {
                "delta": 34999,
                "node": "24",
                "reporter": "29"
            },
            {
                "delta": 34999,
                "node": "7",
                "reporter": "29"
            },
            {
                "delta": 34999,
                "node": "10",
                "reporter": "29"
            },
            {
                "delta": 35012,
                "node": "9",
                "reporter": "12"
            },
            {
                "delta": 35024,
                "node": "26",
                "reporter": "14"
            },
            {
                "delta": 35034,
                "node": "11",
                "reporter": "14"
            },
            {
                "delta": 35043,
                "node": "19",
                "reporter": "12"
            },
            {
                "delta": 35043,
                "node": "15",
                "reporter": "12"
            },
            {
                "delta": 35043,
                "node": "7",
                "reporter": "12"
            },
            {
                "delta": 35043,
                "node": "27",
                "reporter": "12"
            },
            {
                "delta": 35044,
                "node": "15",
                "reporter": "18"
            },
            {
                "delta": 35044,
                "node": "21",
                "reporter": "18"
            },
            {
                "delta": 35055,
                "node": "9",
                "reporter": "14"
            },
            {
                "delta": 35059,
                "node": "1",
                "reporter": "25"
            },
            {
                "delta": 35059,
                "node": "2",
                "reporter": "25"
            },
            {
                "delta": 35059,
                "node": "13",
                "reporter": "25"
            },
            {
                "delta": 35059,
                "node": "3",
                "reporter": "25"
            },
            {
                "delta": 35063,
                "node": "6",
                "reporter": "16"
            },
            {
                "delta": 35064,
                "node": "20",
                "reporter": "16"
            },
            {
                "delta": 35064,
                "node": "15",
                "reporter": "16"
            },
            {
                "delta": 35064,
                "node": "30",
                "reporter": "16"
            },
            {
                "delta": 35064,
                "node": "7",
                "reporter": "16"
            },
            {
                "delta": 35064,
                "node": "13",
                "reporter": "16"
            },
            {
                "delta": 35120,
                "node": "23",
                "reporter": "22"
            },
            {
                "delta": 35121,
                "node": "21",
                "reporter": "22"
            },
            {
                "delta": 35122,
                "node": "23",
                "reporter": "4"
            },
            {
                "delta": 35165,
                "node": "1",
                "reporter": "14"
            },
            {
                "delta": 35165,
                "node": "2",
                "reporter": "14"
            },
            {
                "delta": 35166,
                "node": "21",
                "reporter": "14"
            },
            {
                "delta": 35166,
                "node": "28",
                "reporter": "14"
            },
            {
                "delta": 35166,
                "node": "3",
                "reporter": "14"
            },
            {
                "delta": 35183,
                "node": "1",
                "reporter": "12"
            },
            {
                "delta": 35183,
                "node": "24",
                "reporter": "12"
            },
            {
                "delta": 35183,
                "node": "10",
                "reporter": "12"
            },
            {
                "delta": 35205,
                "node": "20",
                "reporter": "18"
            },
            {
                "delta": 35205,
                "node": "17",
                "reporter": "18"
            },
            {
                "delta": 35205,
                "node": "7",
                "reporter": "18"
            },
            {
                "delta": 35205,
                "node": "9",
                "reporter": "18"
            },
            {
                "delta": 35279,
                "node": "19",
                "reporter": "29"
            },
            {
                "delta": 35280,
                "node": "23",
                "reporter": "29"
            },
            {
                "delta": 35280,
                "node": "20",
                "reporter": "29"
            },
            {
                "delta": 35280,
                "node": "15",
                "reporter": "29"
            },
            {
                "delta": 35280,
                "node": "27",
                "reporter": "29"
            },
            {
                "delta": 35280,
                "node": "9",
                "reporter": "29"
            },
            {
                "delta": 35282,
                "node": "30",
                "reporter": "12"
            },
            {
                "delta": 35285,
                "node": "1",
                "reporter": "5"
            },
            {
                "delta": 35285,
                "node": "2",
                "reporter": "5"
            },
            {
                "delta": 35285,
                "node": "17",
                "reporter": "5"
            },
            {
                "delta": 35285,
                "node": "13",
                "reporter": "5"
            },
            {
                "delta": 35285,
                "node": "3",
                "reporter": "5"
            },
            {
                "delta": 35285,
                "node": "9",
                "reporter": "5"
            },
            {
                "delta": 35294,
                "node": "19",
                "reporter": "5"
            },
            {
                "delta": 35295,
                "node": "23",
                "reporter": "5"
            },
            {
                "delta": 35295,
                "node": "24",
                "reporter": "5"
            },
            {
                "delta": 35295,
                "node": "27",
                "reporter": "5"
            },
            {
                "delta": 35299,
                "node": "15",
                "reporter": "25"
            },
            {
                "delta": 35299,
                "node": "30",
                "reporter": "25"
            },
            {
                "delta": 35361,
                "node": "1",
                "reporter": "8"
            },
            {
                "delta": 35361,
                "node": "24",
                "reporter": "8"
            },
            {
                "delta": 35361,
                "node": "2",
                "reporter": "8"
            },
            {
                "delta": 35361,
                "node": "17",
                "reporter": "8"
            },
            {
                "delta": 35361,
                "node": "30",
                "reporter": "8"
            },
            {
                "delta": 35361,
                "node": "10",
                "reporter": "8"
            },
            {
                "delta": 35361,
                "node": "3",
                "reporter": "8"
            },
            {
                "delta": 35361,
                "node": "9",
                "reporter": "8"
            },
            {
                "delta": 35383,
                "node": "2",
                "reporter": "12"
            },
            {
                "delta": 35383,
                "node": "17",
                "reporter": "12"
            },
            {
                "delta": 35383,
                "node": "3",
                "reporter": "12"
            },
            {
                "delta": 35467,
                "node": "10",
                "reporter": "5"
            },
            {
                "delta": 35511,
                "node": "6",
                "reporter": "8"
            },
            {
                "delta": 35511,
                "node": "26",
                "reporter": "8"
            },
            {
                "delta": 35511,
                "node": "21",
                "reporter": "8"
            },
            {
                "delta": 35511,
                "node": "28",
                "reporter": "8"
            },
            {
                "delta": 35511,
                "node": "11",
                "reporter": "8"
            },
            {
                "delta": 35512,
                "node": "1",
                "reporter": "4"
            },
            {
                "delta": 35512,
                "node": "2",
                "reporter": "4"
            },
            {
                "delta": 35512,
                "node": "17",
                "reporter": "4"
            },
            {
                "delta": 35512,
                "node": "30",
                "reporter": "4"
            },
            {
                "delta": 35512,
                "node": "3",
                "reporter": "4"
            },
            {
                "delta": 35519,
                "node": "6",
                "reporter": "25"
            },
            {
                "delta": 35519,
                "node": "23",
                "reporter": "25"
            },
            {
                "delta": 35595,
                "node": "19",
                "reporter": "14"
            },
            {
                "delta": 35595,
                "node": "23",
                "reporter": "14"
            },
            {
                "delta": 35595,
                "node": "24",
                "reporter": "14"
            },
            {
                "delta": 35595,
                "node": "17",
                "reporter": "14"
            },
            {
                "delta": 35595,
                "node": "27",
                "reporter": "14"
            },
            {
                "delta": 35595,
                "node": "10",
                "reporter": "14"
            },
            {
                "delta": 35955,
                "node": "6",
                "reporter": "5"
            },
            {
                "delta": 35955,
                "node": "21",
                "reporter": "5"
            },
            {
                "delta": 35964,
                "node": "19",
                "reporter": "16"
            },
            {
                "delta": 35964,
                "node": "1",
                "reporter": "16"
            },
            {
                "delta": 35964,
                "node": "24",
                "reporter": "16"
            },
            {
                "delta": 35964,
                "node": "2",
                "reporter": "16"
            },
            {
                "delta": 35965,
                "node": "17",
                "reporter": "16"
            },
            {
                "delta": 35965,
                "node": "27",
                "reporter": "16"
            },
            {
                "delta": 35965,
                "node": "10",
                "reporter": "16"
            },
            {
                "delta": 35965,
                "node": "3",
                "reporter": "16"
            },
            {
                "delta": 35965,
                "node": "9",
                "reporter": "16"
            },
            {
                "delta": 36135,
                "node": "6",
                "reporter": "18"
            },
            {
                "delta": 36135,
                "node": "23",
                "reporter": "18"
            },
            {
                "delta": 36135,
                "node": "30",
                "reporter": "18"
            },
            {
                "delta": 36158,
                "node": "21",
                "reporter": "25"
            },
            {
                "delta": 36190,
                "node": "1",
                "reporter": "22"
            },
            {
                "delta": 36190,
                "node": "2",
                "reporter": "22"
            },
            {
                "delta": 36191,
                "node": "17",
                "reporter": "22"
            },
            {
                "delta": 36191,
                "node": "3",
                "reporter": "22"
            },
            {
                "delta": 36191,
                "node": "9",
                "reporter": "22"
            },
            {
                "delta": 36261,
                "node": "19",
                "reporter": "22"
            },
            {
                "delta": 36261,
                "node": "24",
                "reporter": "22"
            },
            {
                "delta": 36261,
                "node": "27",
                "reporter": "22"
            },
            {
                "delta": 36261,
                "node": "10",
                "reporter": "22"
            },
            {
                "delta": 36402,
                "node": "19",
                "reporter": "4"
            },
            {
                "delta": 36402,
                "node": "24",
                "reporter": "4"
            },
            {
                "delta": 36402,
                "node": "26",
                "reporter": "4"
            },
            {
                "delta": 36402,
                "node": "21",
                "reporter": "4"
            },
            {
                "delta": 36402,
                "node": "27",
                "reporter": "4"
            },
            {
                "delta": 36402,
                "node": "28",
                "reporter": "4"
            },
            {
                "delta": 36402,
                "node": "10",
                "reporter": "4"
            },
            {
                "delta": 36402,
                "node": "11",
                "reporter": "4"
            },
            {
                "delta": 36413,
                "node": "6",
                "reporter": "12"
            },
            {
                "delta": 36423,
                "node": "21",
                "reporter": "12"
            },
            {
                "delta": 36844,
                "node": "19",
                "reporter": "18"
            },
            {
                "delta": 36844,
                "node": "24",
                "reporter": "18"
            },
            {
                "delta": 36845,
                "node": "27",
                "reporter": "18"
            },
            {
                "delta": 36845,
                "node": "10",
                "reporter": "18"
            },
            {
                "delta": 36929,
                "node": "6",
                "reporter": "29"
            },
            {
                "delta": 36929,
                "node": "2",
                "reporter": "29"
            },
            {
                "delta": 36929,
                "node": "17",
                "reporter": "29"
            },
            {
                "delta": 36929,
                "node": "30",
                "reporter": "29"
            },
            {
                "delta": 36929,
                "node": "21",
                "reporter": "29"
            },
            {
                "delta": 36929,
                "node": "3",
                "reporter": "29"
            },
            {
                "delta": 37039,
                "node": "19",
                "reporter": "25"
            },
            {
                "delta": 37039,
                "node": "24",
                "reporter": "25"
            },
            {
                "delta": 37039,
                "node": "26",
                "reporter": "25"
            },
            {
                "delta": 37039,
                "node": "27",
                "reporter": "25"
            },
            {
                "delta": 37039,
                "node": "28",
                "reporter": "25"
            },
            {
                "delta": 37039,
                "node": "10",
                "reporter": "25"
            },
            {
                "delta": 37040,
                "node": "11",
                "reporter": "25"
            },
            {
                "delta": 37053,
                "node": "26",
                "reporter": "12"
            },
            {
                "delta": 37054,
                "node": "28",
                "reporter": "12"
            },
            {
                "delta": 37054,
                "node": "11",
                "reporter": "12"
            },
            {
                "delta": 37215,
                "node": "26",
                "reporter": "5"
            },
            {
                "delta": 37215,
                "node": "28",
                "reporter": "5"
            },
            {
                "delta": 37215,
                "node": "11",
                "reporter": "5"
            },
            {
                "delta": 37384,
                "node": "26",
                "reporter": "16"
            },
            {
                "delta": 37384,
                "node": "28",
                "reporter": "16"
            },
            {
                "delta": 37384,
                "node": "11",
                "reporter": "16"
            },
            {
                "delta": 37451,
                "node": "26",
                "reporter": "22"
            },
            {
                "delta": 37451,
                "node": "28",
                "reporter": "22"
            },
            {
                "delta": 37451,
                "node": "11",
                "reporter": "22"
            },
            {
                "delta": 37475,
                "node": "26",
                "reporter": "18"
            },
            {
                "delta": 37475,
                "node": "28",
                "reporter": "18"
            },
            {
                "delta": 37475,
                "node": "11",
                "reporter": "18"
            },
            {
                "delta": 37789,
                "node": "26",
                "reporter": "29"
            },
            {
                "delta": 37789,
                "node": "28",
                "reporter": "29"
            },
            {
                "delta": 37789,
                "node": "11",
                "reporter": "29"
            }
        ]
    }
}