
{
    "id": "00399",
    "seed": 42,
    "repetition": 0,
    "settings": {
        "simulate_catastrophe": true,
        "number_of_nodes": 30,
        "duration": 120000,
        "gossip_delta": 200,
        "failure_delta": 1400,
        "miss_delta": 1400,
        "push_pull": false,
        "pick_strategy": 1,
        "enable_multicast": true,
        "multicast_parameter": 1.0,
        "multicast_max_wait": 2800,
        "expected_first_multicast": 466
    },
    "result": {
        "start_time": 1500765174246,
        "end_time": 1500765294257,
        "expected_crashes": [
            {
                "delta": 31130,
                "node": "27"
            },
            {
                "delta": 31130,
                "node": "13"
            },
            {
                "delta": 31130,
                "node": "10"
            },
            {
                "delta": 31130,
                "node": "21"
            },
            {
                "delta": 31130,
                "node": "30"
            },
            {
                "delta": 31130,
                "node": "3"
            },
            {
                "delta": 31130,
                "node": "28"
            },
            {
                "delta": 31130,
                "node": "6"
            },
            {
                "delta": 31130,
                "node": "24"
            },
            {
                "delta": 31130,
                "node": "9"
            },
            {
                "delta": 31130,
                "node": "19"
            },
            {
                "delta": 31130,
                "node": "7"
            },
            {
                "delta": 31130,
                "node": "23"
            },
            {
                "delta": 31130,
                "node": "26"
            },
            {
                "delta": 31130,
                "node": "15"
            },
            {
                "delta": 31130,
                "node": "2"
            },
            {
                "delta": 31130,
                "node": "17"
            },
            {
                "delta": 31130,
                "node": "1"
            },
            {
                "delta": 31130,
                "node": "20"
            },
            {
                "delta": 31130,
                "node": "11"
            }
        ],
        "reported_crashes": [
            {
                "delta": 7109,
                "node": "15",
                "reporter": "13"
            },
            {
                "delta": 7111,
                "node": "15",
                "reporter": "2"
            },
            {
                "delta": 7111,
                "node": "15",
                "reporter": "24"
            },
            {
                "delta": 7112,
                "node": "15",
                "reporter": "23"
            },
            {
                "delta": 7112,
                "node": "15",
                "reporter": "11"
            },
            {
                "delta": 7113,
                "node": "15",
                "reporter": "30"
            },
            {
                "delta": 7113,
                "node": "15",
                "reporter": "17"
            },
            {
                "delta": 7113,
                "node": "15",
                "reporter": "10"
            },
            {
                "delta": 7115,
                "node": "15",
                "reporter": "29"
            },
            {
                "delta": 7115,
                "node": "15",
                "reporter": "28"
            },
            {
                "delta": 7116,
                "node": "15",
                "reporter": "16"
            },
            {
                "delta": 7116,
                "node": "15",
                "reporter": "7"
            },
            {
                "delta": 7120,
                "node": "15",
                "reporter": "25"
            },
            {
                "delta": 7120,
                "node": "15",
                "reporter": "26"
            },
            {
                "delta": 7121,
                "node": "15",
                "reporter": "27"
            },
            {
                "delta": 7123,
                "node": "15",
                "reporter": "21"
            },
            {
                "delta": 7123,
                "node": "15",
                "reporter": "12"
            },
            {
                "delta": 7123,
                "node": "15",
                "reporter": "9"
            },
            {
                "delta": 7124,
                "node": "15",
                "reporter": "6"
            },
            {
                "delta": 7124,
                "node": "15",
                "reporter": "19"
            },
            {
                "delta": 7125,
                "node": "15",
                "reporter": "14"
            },
            {
                "delta": 7131,
                "node": "15",
                "reporter": "8"
            },
            {
                "delta": 7134,
                "node": "15",
                "reporter": "22"
            },
            {
                "delta": 7141,
                "node": "15",
                "reporter": "1"
            },
            {
                "delta": 7178,
                "node": "15",
                "reporter": "20"
            },
            {
                "delta": 7197,
                "node": "15",
                "reporter": "18"
            },
            {
                "delta": 7234,
                "node": "15",
                "reporter": "4"
            },
            {
                "delta": 7240,
                "node": "15",
                "reporter": "5"
            },
            {
                "delta": 7247,
                "node": "15",
                "reporter": "3"
            },
            {
                "delta": 8356,
                "node": "29",
                "reporter": "15"
            },
            {
                "delta": 8406,
                "node": "21",
                "reporter": "15"
            },
            {
                "delta": 8467,
                "node": "18",
                "reporter": "15"
            },
            {
                "delta": 8557,
                "node": "16",
                "reporter": "15"
            },
            {
                "delta": 9127,
                "node": "24",
                "reporter": "15"
            },
            {
                "delta": 9127,
                "node": "17",
                "reporter": "15"
            },
            {
                "delta": 9136,
                "node": "19",
                "reporter": "15"
            },
            {
                "delta": 9137,
                "node": "23",
                "reporter": "15"
            },
            {
                "delta": 9137,
                "node": "1",
                "reporter": "15"
            },
            {
                "delta": 9137,
                "node": "2",
                "reporter": "15"
            },
            {
                "delta": 9137,
                "node": "26",
                "reporter": "15"
            },
            {
                "delta": 9137,
                "node": "7",
                "reporter": "15"
            },
            {
                "delta": 9137,
                "node": "22",
                "reporter": "15"
            },
            {
                "delta": 9138,
                "node": "13",
                "reporter": "15"
            },
            {
                "delta": 9364,
                "node": "27",
                "reporter": "15"
            },
            {
                "delta": 9364,
                "node": "28",
                "reporter": "15"
            },
            {
                "delta": 9364,
                "node": "11",
                "reporter": "15"
            },
            {
                "delta": 9364,
                "node": "25",
                "reporter": "15"
            },
            {
                "delta": 9364,
                "node": "9",
                "reporter": "15"
            },
            {
                "delta": 9364,
                "node": "14",
                "reporter": "15"
            },
            {
                "delta": 9364,
                "node": "30",
                "reporter": "15"
            },
            {
                "delta": 9364,
                "node": "6",
                "reporter": "15"
            },
            {
                "delta": 9364,
                "node": "4",
                "reporter": "15"
            },
            {
                "delta": 9364,
                "node": "12",
                "reporter": "15"
            },
            {
                "delta": 9364,
                "node": "10",
                "reporter": "15"
            },
            {
                "delta": 9364,
                "node": "5",
                "reporter": "15"
            },
            {
                "delta": 9364,
                "node": "8",
                "reporter": "15"
            },
            {
                "delta": 9364,
                "node": "20",
                "reporter": "15"
            },
            {
                "delta": 9364,
                "node": "3",
                "reporter": "15"
            },
            {
                "delta": 33445,
                "node": "21",
                "reporter": "14"
            },
            {
                "delta": 33601,
                "node": "20",
                "reporter": "8"
            },
            {
                "delta": 33696,
                "node": "14",
                "reporter": "18"
            },
            {
                "delta": 33710,
                "node": "16",
                "reporter": "5"
            },
            {
                "delta": 33710,
                "node": "26",
                "reporter": "5"
            },
            {
                "delta": 33721,
                "node": "6",
                "reporter": "5"
            },
            {
                "delta": 33721,
                "node": "30",
                "reporter": "5"
            },
            {
                "delta": 33721,
                "node": "27",
                "reporter": "5"
            },
            {
                "delta": 33721,
                "node": "3",
                "reporter": "5"
            },
            {
                "delta": 33759,
                "node": "6",
                "reporter": "25"
            },
            {
                "delta": 33759,
                "node": "26",
                "reporter": "25"
            },
            {
                "delta": 33759,
                "node": "30",
                "reporter": "25"
            },
            {
                "delta": 33760,
                "node": "21",
                "reporter": "25"
            },
            {
                "delta": 33760,
                "node": "19",
                "reporter": "25"
            },
            {
                "delta": 33781,
                "node": "4",
                "reporter": "8"
            },
            {
                "delta": 33785,
                "node": "13",
                "reporter": "29"
            },
            {
                "delta": 33810,
                "node": "11",
                "reporter": "5"
            },
            {
                "delta": 33864,
                "node": "18",
                "reporter": "22"
            },
            {
                "delta": 33944,
                "node": "3",
                "reporter": "22"
            },
            {
                "delta": 33984,
                "node": "7",
                "reporter": "22"
            },
            {
                "delta": 33994,
                "node": "12",
                "reporter": "4"
            },
            {
                "delta": 33994,
                "node": "1",
                "reporter": "22"
            },
            {
                "delta": 33994,
                "node": "4",
                "reporter": "22"
            },
            {
                "delta": 34002,
                "node": "17",
                "reporter": "12"
            },
            {
                "delta": 34040,
                "node": "24",
                "reporter": "8"
            },
            {
                "delta": 34041,
                "node": "2",
                "reporter": "8"
            },
            {
                "delta": 34041,
                "node": "10",
                "reporter": "8"
            },
            {
                "delta": 34045,
                "node": "11",
                "reporter": "29"
            },
            {
                "delta": 34053,
                "node": "24",
                "reporter": "22"
            },
            {
                "delta": 34054,
                "node": "2",
                "reporter": "22"
            },
            {
                "delta": 34054,
                "node": "10",
                "reporter": "22"
            },
            {
                "delta": 34054,
                "node": "9",
                "reporter": "22"
            },
            {
                "delta": 34094,
                "node": "27",
                "reporter": "22"
            },
            {
                "delta": 34094,
                "node": "28",
                "reporter": "22"
            },
            {
                "delta": 34130,
                "node": "23",
                "reporter": "25"
            },
            {
                "delta": 34130,
                "node": "1",
                "reporter": "25"
            },
            {
                "delta": 34132,
                "node": "4",
                "reporter": "25"
            },
            {
                "delta": 34132,
                "node": "20",
                "reporter": "25"
            },
            {
                "delta": 34134,
                "node": "6",
                "reporter": "4"
            },
            {
                "delta": 34134,
                "node": "20",
                "reporter": "4"
            },
            {
                "delta": 34134,
                "node": "26",
                "reporter": "4"
            },
            {
                "delta": 34134,
                "node": "30",
                "reporter": "4"
            },
            {
                "delta": 34134,
                "node": "21",
                "reporter": "4"
            },
            {
                "delta": 34206,
                "node": "6",
                "reporter": "14"
            },
            {
                "delta": 34206,
                "node": "26",
                "reporter": "14"
            },
            {
                "delta": 34206,
                "node": "30",
                "reporter": "14"
            },
            {
                "delta": 34206,
                "node": "13",
                "reporter": "14"
            },
            {
                "delta": 34206,
                "node": "24",
                "reporter": "16"
            },
            {
                "delta": 34207,
                "node": "11",
                "reporter": "14"
            },
            {
                "delta": 34207,
                "node": "4",
                "reporter": "16"
            },
            {
                "delta": 34207,
                "node": "2",
                "reporter": "16"
            },
            {
                "delta": 34207,
                "node": "7",
                "reporter": "16"
            },
            {
                "delta": 34207,
                "node": "27",
                "reporter": "16"
            },
            {
                "delta": 34207,
                "node": "28",
                "reporter": "16"
            },
            {
                "delta": 34207,
                "node": "10",
                "reporter": "16"
            },
            {
                "delta": 34207,
                "node": "3",
                "reporter": "16"
            },
            {
                "delta": 34225,
                "node": "1",
                "reporter": "29"
            },
            {
                "delta": 34236,
                "node": "19",
                "reporter": "18"
            },
            {
                "delta": 34236,
                "node": "24",
                "reporter": "18"
            },
            {
                "delta": 34237,
                "node": "4",
                "reporter": "18"
            },
            {
                "delta": 34237,
                "node": "13",
                "reporter": "18"
            },
            {
                "delta": 34237,
                "node": "10",
                "reporter": "18"
            },
            {
                "delta": 34237,
                "node": "9",
                "reporter": "18"
            },
            {
                "delta": 34294,
                "node": "11",
                "reporter": "22"
            },
            {
                "delta": 34294,
                "node": "5",
                "reporter": "22"
            },
            {
                "delta": 34324,
                "node": "29",
                "reporter": "22"
            },
            {
                "delta": 34324,
                "node": "13",
                "reporter": "22"
            },
            {
                "delta": 34324,
                "node": "21",
                "reporter": "22"
            },
            {
                "delta": 34381,
                "node": "24",
                "reporter": "5"
            },
            {
                "delta": 34381,
                "node": "4",
                "reporter": "5"
            },
            {
                "delta": 34381,
                "node": "2",
                "reporter": "5"
            },
            {
                "delta": 34381,
                "node": "10",
                "reporter": "5"
            },
            {
                "delta": 34534,
                "node": "19",
                "reporter": "4"
            },
            {
                "delta": 34534,
                "node": "8",
                "reporter": "4"
            },
            {
                "delta": 34534,
                "node": "23",
                "reporter": "4"
            },
            {
                "delta": 34535,
                "node": "1",
                "reporter": "4"
            },
            {
                "delta": 34535,
                "node": "24",
                "reporter": "4"
            },
            {
                "delta": 34535,
                "node": "18",
                "reporter": "4"
            },
            {
                "delta": 34535,
                "node": "2",
                "reporter": "4"
            },
            {
                "delta": 34535,
                "node": "16",
                "reporter": "4"
            },
            {
                "delta": 34535,
                "node": "29",
                "reporter": "4"
            },
            {
                "delta": 34535,
                "node": "14",
                "reporter": "4"
            },
            {
                "delta": 34590,
                "node": "24",
                "reporter": "25"
            },
            {
                "delta": 34590,
                "node": "2",
                "reporter": "25"
            },
            {
                "delta": 34590,
                "node": "7",
                "reporter": "25"
            },
            {
                "delta": 34590,
                "node": "27",
                "reporter": "25"
            },
            {
                "delta": 34590,
                "node": "28",
                "reporter": "25"
            },
            {
                "delta": 34591,
                "node": "10",
                "reporter": "25"
            },
            {
                "delta": 34591,
                "node": "3",
                "reporter": "25"
            },
            {
                "delta": 34682,
                "node": "24",
                "reporter": "12"
            },
            {
                "delta": 34682,
                "node": "2",
                "reporter": "12"
            },
            {
                "delta": 34682,
                "node": "4",
                "reporter": "12"
            },
            {
                "delta": 34683,
                "node": "7",
                "reporter": "12"
            },
            {
                "delta": 34683,
                "node": "13",
                "reporter": "12"
            },
            {
                "delta": 34683,
                "node": "21",
                "reporter": "12"
            },
            {
                "delta": 34683,
                "node": "27",
                "reporter": "12"
            },
            {
                "delta": 34683,
                "node": "28",
                "reporter": "12"
            },
            {
                "delta": 34683,
                "node": "10",
                "reporter": "12"
            },
            {
                "delta": 34723,
                "node": "17",
                "reporter": "4"
            },
            {
                "delta": 34723,
                "node": "7",
                "reporter": "4"
            },
            {
                "delta": 34723,
                "node": "22",
                "reporter": "4"
            },
            {
                "delta": 34723,
                "node": "13",
                "reporter": "4"
            },
            {
                "delta": 34723,
                "node": "27",
                "reporter": "4"
            },
            {
                "delta": 34723,
                "node": "28",
                "reporter": "4"
            },
            {
                "delta": 34723,
                "node": "3",
                "reporter": "4"
            },
            {
                "delta": 34723,
                "node": "11",
                "reporter": "4"
            },
            {
                "delta": 34723,
                "node": "10",
                "reporter": "4"
            },
            {
                "delta": 34723,
                "node": "25",
                "reporter": "4"
            },
            {
                "delta": 34723,
                "node": "9",
                "reporter": "4"
            },
            {
                "delta": 34723,
                "node": "5",
                "reporter": "4"
            },
            {
                "delta": 34762,
                "node": "11",
                "reporter": "12"
            },
            {
                "delta": 34762,
                "node": "3",
                "reporter": "12"
            },
            {
                "delta": 34940,
                "node": "17",
                "reporter": "25"
            },
            {
                "delta": 34940,
                "node": "13",
                "reporter": "25"
            },
            {
                "delta": 34940,
                "node": "11",
                "reporter": "25"
            },
            {
                "delta": 34940,
                "node": "1",
                "reporter": "5"
            },
            {
                "delta": 34940,
                "node": "13",
                "reporter": "5"
            },
            {
                "delta": 34956,
                "node": "13",
                "reporter": "16"
            },
            {
                "delta": 34956,
                "node": "21",
                "reporter": "16"
            },
            {
                "delta": 34957,
                "node": "11",
                "reporter": "16"
            },
            {
                "delta": 35075,
                "node": "8",
                "reporter": "29"
            },
            {
                "delta": 35075,
                "node": "24",
                "reporter": "29"
            },
            {
                "delta": 35075,
                "node": "2",
                "reporter": "29"
            },
            {
                "delta": 35076,
                "node": "4",
                "reporter": "29"
            },
            {
                "delta": 35076,
                "node": "10",
                "reporter": "29"
            },
            {
                "delta": 35246,
                "node": "17",
                "reporter": "29"
            },
            {
                "delta": 35246,
                "node": "7",
                "reporter": "29"
            },
            {
                "delta": 35246,
                "node": "21",
                "reporter": "29"
            },
            {
                "delta": 35246,
                "node": "27",
                "reporter": "29"
            },
            {
                "delta": 35311,
                "node": "28",
                "reporter": "29"
            },
            {
                "delta": 35311,
                "node": "3",
                "reporter": "29"
            },
            {
                "delta": 35477,
                "node": "1",
                "reporter": "18"
            },
            {
                "delta": 35477,
                "node": "2",
                "reporter": "18"
            },
            {
                "delta": 35477,
                "node": "11",
                "reporter": "18"
            },
            {
                "delta": 35616,
                "node": "6",
                "reporter": "16"
            },
            {
                "delta": 35616,
                "node": "23",
                "reporter": "16"
            },
            {
                "delta": 35616,
                "node": "20",
                "reporter": "16"
            },
            {
                "delta": 35616,
                "node": "26",
                "reporter": "16"
            },
            {
                "delta": 35616,
                "node": "17",
                "reporter": "16"
            },
            {
                "delta": 35617,
                "node": "30",
                "reporter": "16"
            },
            {
                "delta": 35675,
                "node": "8",
                "reporter": "14"
            },
            {
                "delta": 35675,
                "node": "1",
                "reporter": "14"
            },
            {
                "delta": 35675,
                "node": "24",
                "reporter": "14"
            },
            {
                "delta": 35675,
                "node": "2",
                "reporter": "14"
            },
            {
                "delta": 35676,
                "node": "4",
                "reporter": "14"
            },
            {
                "delta": 35676,
                "node": "17",
                "reporter": "14"
            },
            {
                "delta": 35676,
                "node": "7",
                "reporter": "14"
            },
            {
                "delta": 35676,
                "node": "27",
                "reporter": "14"
            },
            {
                "delta": 35676,
                "node": "28",
                "reporter": "14"
            },
            {
                "delta": 35676,
                "node": "10",
                "reporter": "14"
            },
            {
                "delta": 35751,
                "node": "19",
                "reporter": "8"
            },
            {
                "delta": 35751,
                "node": "1",
                "reporter": "8"
            },
            {
                "delta": 35751,
                "node": "18",
                "reporter": "8"
            },
            {
                "delta": 35751,
                "node": "29",
                "reporter": "8"
            },
            {
                "delta": 35751,
                "node": "13",
                "reporter": "8"
            },
            {
                "delta": 35751,
                "node": "11",
                "reporter": "8"
            },
            {
                "delta": 35751,
                "node": "9",
                "reporter": "8"
            },
            {
                "delta": 35751,
                "node": "5",
                "reporter": "8"
            },
            {
                "delta": 35822,
                "node": "3",
                "reporter": "14"
            },
            {
                "delta": 36071,
                "node": "19",
                "reporter": "5"
            },
            {
                "delta": 36071,
                "node": "9",
                "reporter": "5"
            },
            {
                "delta": 36090,
                "node": "7",
                "reporter": "8"
            },
            {
                "delta": 36091,
                "node": "27",
                "reporter": "8"
            },
            {
                "delta": 36091,
                "node": "21",
                "reporter": "8"
            },
            {
                "delta": 36091,
                "node": "28",
                "reporter": "8"
            },
            {
                "delta": 36091,
                "node": "3",
                "reporter": "8"
            },
            {
                "delta": 36094,
                "node": "6",
                "reporter": "22"
            },
            {
                "delta": 36094,
                "node": "23",
                "reporter": "22"
            },
            {
                "delta": 36094,
                "node": "20",
                "reporter": "22"
            },
            {
                "delta": 36094,
                "node": "26",
                "reporter": "22"
            },
            {
                "delta": 36094,
                "node": "17",
                "reporter": "22"
            },
            {
                "delta": 36095,
                "node": "30",
                "reporter": "22"
            },
            {
                "delta": 36095,
                "node": "25",
                "reporter": "22"
            },
            {
                "delta": 36275,
                "node": "6",
                "reporter": "29"
            },
            {
                "delta": 36275,
                "node": "23",
                "reporter": "29"
            },
            {
                "delta": 36275,
                "node": "20",
                "reporter": "29"
            },
            {
                "delta": 36275,
                "node": "26",
                "reporter": "29"
            },
            {
                "delta": 36275,
                "node": "30",
                "reporter": "29"
            },
            {
                "delta": 36306,
                "node": "25",
                "reporter": "16"
            },
            {
                "delta": 36465,
                "node": "19",
                "reporter": "29"
            },
            {
                "delta": 36465,
                "node": "18",
                "reporter": "29"
            },
            {
                "delta": 36465,
                "node": "9",
                "reporter": "29"
            },
            {
                "delta": 36465,
                "node": "5",
                "reporter": "29"
            },
            {
                "delta": 36513,
                "node": "6",
                "reporter": "12"
            },
            {
                "delta": 36513,
                "node": "19",
                "reporter": "12"
            },
            {
                "delta": 36513,
                "node": "8",
                "reporter": "12"
            },
            {
                "delta": 36513,
                "node": "23",
                "reporter": "12"
            },
            {
                "delta": 36513,
                "node": "1",
                "reporter": "12"
            },
            {
                "delta": 36513,
                "node": "20",
                "reporter": "12"
            },
            {
                "delta": 36513,
                "node": "26",
                "reporter": "12"
            },
            {
                "delta": 36514,
                "node": "30",
                "reporter": "12"
            },
            {
                "delta": 36514,
                "node": "9",
                "reporter": "12"
            },
            {
                "delta": 36707,
                "node": "19",
                "reporter": "16"
            },
            {
                "delta": 36707,
                "node": "8",
                "reporter": "16"
            },
            {
                "delta": 36707,
                "node": "1",
                "reporter": "16"
            },
            {
                "delta": 36707,
                "node": "9",
                "reporter": "16"
            },
            {
                "delta": 36720,
                "node": "17",
                "reporter": "5"
            },
            {
                "delta": 36720,
                "node": "8",
                "reporter": "5"
            },
            {
                "delta": 36720,
                "node": "7",
                "reporter": "5"
            },
            {
                "delta": 36720,
                "node": "23",
                "reporter": "5"
            },
            {
                "delta": 36720,
                "node": "21",
                "reporter": "5"
            },
            {
                "delta": 36720,
                "node": "28",
                "reporter": "5"
            },
            {
                "delta": 36721,
                "node": "20",
                "reporter": "5"
            },
            {
                "delta": 36861,
                "node": "25",
                "reporter": "5"
            },
            {
                "delta": 36947,
                "node": "8",
                "reporter": "18"
            },
            {
                "delta": 36947,
                "node": "23",
                "reporter": "18"
            },
            {
                "delta": 36947,
                "node": "20",
                "reporter": "18"
            },
            {
                "delta": 36947,
                "node": "17",
                "reporter": "18"
            },
            {
                "delta": 36947,
                "node": "7",
                "reporter": "18"
            },
            {
                "delta": 36948,
                "node": "21",
                "reporter": "18"
            },
            {
                "delta": 36948,
                "node": "28",
                "reporter": "18"
            },
            {
                "delta": 37023,
                "node": "29",
                "reporter": "12"
            },
            {
                "delta": 37023,
                "node": "25",
                "reporter": "12"
            },
            {
                "delta": 37109,
                "node": "8",
                "reporter": "25"
            },
            {
                "delta": 37109,
                "node": "9",
                "reporter": "25"
            },
            {
                "delta": 37224,
                "node": "19",
                "reporter": "22"
            },
            {
                "delta": 37224,
                "node": "8",
                "reporter": "22"
            },
            {
                "delta": 37474,
                "node": "14",
                "reporter": "22"
            },
            {
                "delta": 37622,
                "node": "14",
                "reporter": "12"
            },
            {
                "delta": 37771,
                "node": "6",
                "reporter": "8"
            },
            {
                "delta": 37771,
                "node": "17",
                "reporter": "8"
            },
            {
                "delta": 37771,
                "node": "30",
                "reporter": "8"
            },
            {
                "delta": 37771,
                "node": "23",
                "reporter": "8"
            },
            {
                "delta": 37771,
                "node": "22",
                "reporter": "8"
            },
            {
                "delta": 37771,
                "node": "12",
                "reporter": "8"
            },
            {
                "delta": 37772,
                "node": "25",
                "reporter": "8"
            },
            {
                "delta": 37772,
                "node": "16",
                "reporter": "8"
            },
            {
                "delta": 37772,
                "node": "14",
                "reporter": "8"
            },
            {
                "delta": 37772,
                "node": "26",
                "reporter": "8"
            },
            {
                "delta": 37827,
                "node": "6",
                "reporter": "18"
            },
            {
                "delta": 37827,
                "node": "30",
                "reporter": "18"
            },
            {
                "delta": 37828,
                "node": "27",
                "reporter": "18"
            },
            {
                "delta": 37828,
                "node": "3",
                "reporter": "18"
            },
            {
                "delta": 37828,
                "node": "29",
                "reporter": "18"
            },
            {
                "delta": 37828,
                "node": "26",
                "reporter": "18"
            },
            {
                "delta": 37956,
                "node": "25",
                "reporter": "29"
            },
            {
                "delta": 37956,
                "node": "16",
                "reporter": "29"
            },
            {
                "delta": 37980,
                "node": "14",
                "reporter": "5"
            },
            {
                "delta": 38065,
                "node": "19",
                "reporter": "14"
            },
            {
                "delta": 38066,
                "node": "23",
                "reporter": "14"
            },
            {
                "delta": 38066,
                "node": "20",
                "reporter": "14"
            },
            {
                "delta": 38066,
                "node": "25",
                "reporter": "14"
            },
            {
                "delta": 38090,
                "node": "14",
                "reporter": "25"
            },
            {
                "delta": 38096,
                "node": "25",
                "reporter": "18"
            },
            {
                "delta": 38096,
                "node": "16",
                "reporter": "18"
            },
            {
                "delta": 38306,
                "node": "9",
                "reporter": "14"
            },
            {
                "delta": 38396,
                "node": "22",
                "reporter": "29"
            },
            {
                "delta": 38396,
                "node": "12",
                "reporter": "29"
            },
            {
                "delta": 38396,
                "node": "14",
                "reporter": "29"
            },
            {
                "delta": 38553,
                "node": "5",
                "reporter": "12"
            },
            {
                "delta": 38726,
                "node": "16",
                "reporter": "14"
            },
            {
                "delta": 38726,
                "node": "18",
                "reporter": "14"
            },
            {
                "delta": 38726,
                "node": "12",
                "reporter": "14"
            },
            {
                "delta": 38726,
                "node": "5",
                "reporter": "14"
            },
            {
                "delta": 38819,
                "node": "29",
                "reporter": "25"
            },
            {
                "delta": 38905,
                "node": "22",
                "reporter": "14"
            },
            {
                "delta": 38926,
                "node": "14",
                "reporter": "16"
            },
            {
                "delta": 38926,
                "node": "5",
                "reporter": "16"
            },
            {
                "delta": 39035,
                "node": "29",
                "reporter": "14"
            },
            {
                "delta": 39266,
                "node": "29",
                "reporter": "16"
            },
            {
                "delta": 39277,
                "node": "5",
                "reporter": "18"
            },
            {
                "delta": 39480,
                "node": "18",
                "reporter": "25"
            },
            {
                "delta": 39480,
                "node": "12",
                "reporter": "25"
            },
            {
                "delta": 39480,
                "node": "16",
                "reporter": "25"
            },
            {
                "delta": 39480,
                "node": "22",
                "reporter": "25"
            },
            {
                "delta": 39480,
                "node": "5",
                "reporter": "25"
            },
            {
                "delta": 39850,
                "node": "29",
                "reporter": "5"
            },
            {
                "delta": 40013,
                "node": "16",
                "reporter": "12"
            },
            {
                "delta": 40164,
                "node": "16",
                "reporter": "22"
            },
            {
                "delta": 40188,
                "node": "18",
                "reporter": "16"
            },
            {
                "delta": 40480,
                "node": "18",
                "reporter": "5"
            },
            {
                "delta": 40481,
                "node": "12",
                "reporter": "5"
            },
            {
                "delta": 40481,
                "node": "22",
                "reporter": "5"
            },
            {
                "delta": 41273,
                "node": "18",
                "reporter": "12"
            },
            {
                "delta": 41556,
                "node": "12",
                "reporter": "16"
            },
            {
                "delta": 41556,
                "node": "22",
                "reporter": "16"
            },
            {
                "delta": 42637,
                "node": "12",
                "reporter": "18"
            },
            {
                "delta": 42637,
                "node": "22",
                "reporter": "18"
            }
        ]
    }
}