
{
    "id": "00392",
    "seed": 42,
    "repetition": 0,
    "settings": {
        "simulate_catastrophe": true,
        "number_of_nodes": 30,
        "duration": 120000,
        "gossip_delta": 200,
        "failure_delta": 1400,
        "miss_delta": 1400,
        "push_pull": false,
        "pick_strategy": 0,
        "enable_multicast": true,
        "multicast_parameter": 1.0,
        "multicast_max_wait": 1400,
        "expected_first_multicast": 466
    },
    "result": {
        "start_time": 1500764299036,
        "end_time": 1500764419047,
        "expected_crashes": [
            {
                "delta": 31130,
                "node": "27"
            },
            {
                "delta": 31130,
                "node": "13"
            },
            {
                "delta": 31130,
                "node": "10"
            },
            {
                "delta": 31130,
                "node": "21"
            },
            {
                "delta": 31130,
                "node": "30"
            },
            {
                "delta": 31130,
                "node": "3"
            },
            {
                "delta": 31130,
                "node": "28"
            },
            {
                "delta": 31130,
                "node": "6"
            },
            {
                "delta": 31130,
                "node": "24"
            },
            {
                "delta": 31130,
                "node": "9"
            },
            {
                "delta": 31130,
                "node": "19"
            },
            {
                "delta": 31130,
                "node": "7"
            },
            {
                "delta": 31130,
                "node": "23"
            },
            {
                "delta": 31130,
                "node": "26"
            },
            {
                "delta": 31130,
                "node": "15"
            },
            {
                "delta": 31130,
                "node": "2"
            },
            {
                "delta": 31130,
                "node": "17"
            },
            {
                "delta": 31130,
                "node": "1"
            },
            {
                "delta": 31130,
                "node": "20"
            },
            {
                "delta": 31130,
                "node": "11"
            }
        ],
        "reported_crashes": [
            {
                "delta": 10770,
                "node": "12",
                "reporter": "26"
            },
            {
                "delta": 33680,
                "node": "6",
                "reporter": "25"
            },
            {
                "delta": 33781,
                "node": "10",
                "reporter": "12"
            },
            {
                "delta": 33812,
                "node": "4",
                "reporter": "22"
            },
            {
                "delta": 33813,
                "node": "2",
                "reporter": "22"
            },
            {
                "delta": 33842,
                "node": "9",
                "reporter": "18"
            },
            {
                "delta": 33887,
                "node": "23",
                "reporter": "8"
            },
            {
                "delta": 33907,
                "node": "20",
                "reporter": "5"
            },
            {
                "delta": 33911,
                "node": "26",
                "reporter": "12"
            },
            {
                "delta": 33911,
                "node": "27",
                "reporter": "12"
            },
            {
                "delta": 33911,
                "node": "3",
                "reporter": "12"
            },
            {
                "delta": 33911,
                "node": "11",
                "reporter": "12"
            },
            {
                "delta": 34006,
                "node": "24",
                "reporter": "16"
            },
            {
                "delta": 34006,
                "node": "17",
                "reporter": "16"
            },
            {
                "delta": 34007,
                "node": "28",
                "reporter": "16"
            },
            {
                "delta": 34009,
                "node": "6",
                "reporter": "4"
            },
            {
                "delta": 34010,
                "node": "24",
                "reporter": "4"
            },
            {
                "delta": 34010,
                "node": "17",
                "reporter": "4"
            },
            {
                "delta": 34065,
                "node": "1",
                "reporter": "14"
            },
            {
                "delta": 34097,
                "node": "26",
                "reporter": "8"
            },
            {
                "delta": 34097,
                "node": "27",
                "reporter": "8"
            },
            {
                "delta": 34097,
                "node": "10",
                "reporter": "8"
            },
            {
                "delta": 34097,
                "node": "3",
                "reporter": "8"
            },
            {
                "delta": 34097,
                "node": "11",
                "reporter": "8"
            },
            {
                "delta": 34104,
                "node": "7",
                "reporter": "29"
            },
            {
                "delta": 34107,
                "node": "6",
                "reporter": "8"
            },
            {
                "delta": 34107,
                "node": "15",
                "reporter": "5"
            },
            {
                "delta": 34107,
                "node": "30",
                "reporter": "5"
            },
            {
                "delta": 34137,
                "node": "21",
                "reporter": "5"
            },
            {
                "delta": 34151,
                "node": "9",
                "reporter": "12"
            },
            {
                "delta": 34203,
                "node": "14",
                "reporter": "18"
            },
            {
                "delta": 34203,
                "node": "13",
                "reporter": "18"
            },
            {
                "delta": 34242,
                "node": "6",
                "reporter": "18"
            },
            {
                "delta": 34242,
                "node": "19",
                "reporter": "18"
            },
            {
                "delta": 34242,
                "node": "24",
                "reporter": "18"
            },
            {
                "delta": 34242,
                "node": "20",
                "reporter": "18"
            },
            {
                "delta": 34242,
                "node": "16",
                "reporter": "18"
            },
            {
                "delta": 34242,
                "node": "17",
                "reporter": "18"
            },
            {
                "delta": 34243,
                "node": "28",
                "reporter": "18"
            },
            {
                "delta": 34249,
                "node": "1",
                "reporter": "25"
            },
            {
                "delta": 34302,
                "node": "23",
                "reporter": "18"
            },
            {
                "delta": 34313,
                "node": "18",
                "reporter": "22"
            },
            {
                "delta": 34313,
                "node": "12",
                "reporter": "22"
            },
            {
                "delta": 34313,
                "node": "15",
                "reporter": "22"
            },
            {
                "delta": 34313,
                "node": "26",
                "reporter": "22"
            },
            {
                "delta": 34313,
                "node": "30",
                "reporter": "22"
            },
            {
                "delta": 34315,
                "node": "13",
                "reporter": "22"
            },
            {
                "delta": 34315,
                "node": "27",
                "reporter": "22"
            },
            {
                "delta": 34315,
                "node": "21",
                "reporter": "22"
            },
            {
                "delta": 34316,
                "node": "10",
                "reporter": "22"
            },
            {
                "delta": 34316,
                "node": "3",
                "reporter": "22"
            },
            {
                "delta": 34350,
                "node": "4",
                "reporter": "18"
            },
            {
                "delta": 34381,
                "node": "2",
                "reporter": "12"
            },
            {
                "delta": 34389,
                "node": "11",
                "reporter": "22"
            },
            {
                "delta": 34389,
                "node": "9",
                "reporter": "22"
            },
            {
                "delta": 34389,
                "node": "5",
                "reporter": "22"
            },
            {
                "delta": 34389,
                "node": "6",
                "reporter": "22"
            },
            {
                "delta": 34389,
                "node": "19",
                "reporter": "22"
            },
            {
                "delta": 34389,
                "node": "1",
                "reporter": "22"
            },
            {
                "delta": 34389,
                "node": "14",
                "reporter": "22"
            },
            {
                "delta": 34389,
                "node": "25",
                "reporter": "22"
            },
            {
                "delta": 34442,
                "node": "29",
                "reporter": "22"
            },
            {
                "delta": 34442,
                "node": "7",
                "reporter": "22"
            },
            {
                "delta": 34456,
                "node": "6",
                "reporter": "16"
            },
            {
                "delta": 34456,
                "node": "23",
                "reporter": "16"
            },
            {
                "delta": 34456,
                "node": "26",
                "reporter": "16"
            },
            {
                "delta": 34456,
                "node": "27",
                "reporter": "16"
            },
            {
                "delta": 34457,
                "node": "3",
                "reporter": "16"
            },
            {
                "delta": 34457,
                "node": "10",
                "reporter": "16"
            },
            {
                "delta": 34457,
                "node": "11",
                "reporter": "16"
            },
            {
                "delta": 34618,
                "node": "6",
                "reporter": "5"
            },
            {
                "delta": 34618,
                "node": "19",
                "reporter": "5"
            },
            {
                "delta": 34618,
                "node": "24",
                "reporter": "5"
            },
            {
                "delta": 34618,
                "node": "17",
                "reporter": "5"
            },
            {
                "delta": 34618,
                "node": "13",
                "reporter": "5"
            },
            {
                "delta": 34618,
                "node": "9",
                "reporter": "5"
            },
            {
                "delta": 34651,
                "node": "20",
                "reporter": "12"
            },
            {
                "delta": 34651,
                "node": "15",
                "reporter": "12"
            },
            {
                "delta": 34651,
                "node": "30",
                "reporter": "12"
            },
            {
                "delta": 34651,
                "node": "21",
                "reporter": "12"
            },
            {
                "delta": 34662,
                "node": "2",
                "reporter": "18"
            },
            {
                "delta": 34662,
                "node": "26",
                "reporter": "18"
            },
            {
                "delta": 34662,
                "node": "27",
                "reporter": "18"
            },
            {
                "delta": 34663,
                "node": "11",
                "reporter": "18"
            },
            {
                "delta": 34663,
                "node": "10",
                "reporter": "18"
            },
            {
                "delta": 34663,
                "node": "3",
                "reporter": "18"
            },
            {
                "delta": 34730,
                "node": "2",
                "reporter": "25"
            },
            {
                "delta": 34730,
                "node": "20",
                "reporter": "25"
            },
            {
                "delta": 34730,
                "node": "15",
                "reporter": "25"
            },
            {
                "delta": 34730,
                "node": "26",
                "reporter": "25"
            },
            {
                "delta": 34730,
                "node": "30",
                "reporter": "25"
            },
            {
                "delta": 34731,
                "node": "27",
                "reporter": "25"
            },
            {
                "delta": 34731,
                "node": "21",
                "reporter": "25"
            },
            {
                "delta": 34731,
                "node": "3",
                "reporter": "25"
            },
            {
                "delta": 34731,
                "node": "11",
                "reporter": "25"
            },
            {
                "delta": 34731,
                "node": "10",
                "reporter": "25"
            },
            {
                "delta": 34752,
                "node": "9",
                "reporter": "25"
            },
            {
                "delta": 34787,
                "node": "19",
                "reporter": "8"
            },
            {
                "delta": 34787,
                "node": "24",
                "reporter": "8"
            },
            {
                "delta": 34787,
                "node": "20",
                "reporter": "8"
            },
            {
                "delta": 34788,
                "node": "15",
                "reporter": "8"
            },
            {
                "delta": 34788,
                "node": "17",
                "reporter": "8"
            },
            {
                "delta": 34789,
                "node": "30",
                "reporter": "8"
            },
            {
                "delta": 34789,
                "node": "13",
                "reporter": "8"
            },
            {
                "delta": 34789,
                "node": "21",
                "reporter": "8"
            },
            {
                "delta": 34789,
                "node": "9",
                "reporter": "8"
            },
            {
                "delta": 34812,
                "node": "23",
                "reporter": "22"
            },
            {
                "delta": 34812,
                "node": "24",
                "reporter": "22"
            },
            {
                "delta": 34812,
                "node": "17",
                "reporter": "22"
            },
            {
                "delta": 34813,
                "node": "28",
                "reporter": "22"
            },
            {
                "delta": 34844,
                "node": "6",
                "reporter": "29"
            },
            {
                "delta": 34844,
                "node": "23",
                "reporter": "29"
            },
            {
                "delta": 34844,
                "node": "26",
                "reporter": "29"
            },
            {
                "delta": 34844,
                "node": "27",
                "reporter": "29"
            },
            {
                "delta": 34844,
                "node": "3",
                "reporter": "29"
            },
            {
                "delta": 34844,
                "node": "10",
                "reporter": "29"
            },
            {
                "delta": 34844,
                "node": "11",
                "reporter": "29"
            },
            {
                "delta": 34969,
                "node": "7",
                "reporter": "4"
            },
            {
                "delta": 34997,
                "node": "7",
                "reporter": "5"
            },
            {
                "delta": 35281,
                "node": "6",
                "reporter": "12"
            },
            {
                "delta": 35281,
                "node": "19",
                "reporter": "12"
            },
            {
                "delta": 35281,
                "node": "24",
                "reporter": "12"
            },
            {
                "delta": 35281,
                "node": "17",
                "reporter": "12"
            },
            {
                "delta": 35281,
                "node": "7",
                "reporter": "12"
            },
            {
                "delta": 35281,
                "node": "13",
                "reporter": "12"
            },
            {
                "delta": 35292,
                "node": "15",
                "reporter": "18"
            },
            {
                "delta": 35292,
                "node": "30",
                "reporter": "18"
            },
            {
                "delta": 35292,
                "node": "21",
                "reporter": "18"
            },
            {
                "delta": 35296,
                "node": "6",
                "reporter": "14"
            },
            {
                "delta": 35296,
                "node": "24",
                "reporter": "14"
            },
            {
                "delta": 35296,
                "node": "17",
                "reporter": "14"
            },
            {
                "delta": 35296,
                "node": "7",
                "reporter": "14"
            },
            {
                "delta": 35301,
                "node": "23",
                "reporter": "12"
            },
            {
                "delta": 35301,
                "node": "28",
                "reporter": "12"
            },
            {
                "delta": 35360,
                "node": "19",
                "reporter": "25"
            },
            {
                "delta": 35360,
                "node": "23",
                "reporter": "25"
            },
            {
                "delta": 35360,
                "node": "24",
                "reporter": "25"
            },
            {
                "delta": 35360,
                "node": "17",
                "reporter": "25"
            },
            {
                "delta": 35361,
                "node": "7",
                "reporter": "25"
            },
            {
                "delta": 35361,
                "node": "13",
                "reporter": "25"
            },
            {
                "delta": 35361,
                "node": "28",
                "reporter": "25"
            },
            {
                "delta": 35427,
                "node": "7",
                "reporter": "8"
            },
            {
                "delta": 35432,
                "node": "1",
                "reporter": "12"
            },
            {
                "delta": 35437,
                "node": "28",
                "reporter": "8"
            },
            {
                "delta": 35474,
                "node": "19",
                "reporter": "29"
            },
            {
                "delta": 35474,
                "node": "24",
                "reporter": "29"
            },
            {
                "delta": 35474,
                "node": "20",
                "reporter": "29"
            },
            {
                "delta": 35474,
                "node": "15",
                "reporter": "29"
            },
            {
                "delta": 35474,
                "node": "17",
                "reporter": "29"
            },
            {
                "delta": 35475,
                "node": "30",
                "reporter": "29"
            },
            {
                "delta": 35475,
                "node": "13",
                "reporter": "29"
            },
            {
                "delta": 35475,
                "node": "21",
                "reporter": "29"
            },
            {
                "delta": 35475,
                "node": "9",
                "reporter": "29"
            },
            {
                "delta": 35586,
                "node": "19",
                "reporter": "14"
            },
            {
                "delta": 35586,
                "node": "23",
                "reporter": "14"
            },
            {
                "delta": 35586,
                "node": "20",
                "reporter": "14"
            },
            {
                "delta": 35586,
                "node": "15",
                "reporter": "14"
            },
            {
                "delta": 35586,
                "node": "26",
                "reporter": "14"
            },
            {
                "delta": 35586,
                "node": "30",
                "reporter": "14"
            },
            {
                "delta": 35586,
                "node": "13",
                "reporter": "14"
            },
            {
                "delta": 35587,
                "node": "27",
                "reporter": "14"
            },
            {
                "delta": 35587,
                "node": "21",
                "reporter": "14"
            },
            {
                "delta": 35587,
                "node": "28",
                "reporter": "14"
            },
            {
                "delta": 35641,
                "node": "22",
                "reporter": "12"
            },
            {
                "delta": 35733,
                "node": "10",
                "reporter": "14"
            },
            {
                "delta": 35733,
                "node": "11",
                "reporter": "14"
            },
            {
                "delta": 35733,
                "node": "3",
                "reporter": "14"
            },
            {
                "delta": 35733,
                "node": "9",
                "reporter": "14"
            },
            {
                "delta": 35775,
                "node": "19",
                "reporter": "16"
            },
            {
                "delta": 35775,
                "node": "1",
                "reporter": "16"
            },
            {
                "delta": 35775,
                "node": "2",
                "reporter": "16"
            },
            {
                "delta": 35776,
                "node": "20",
                "reporter": "16"
            },
            {
                "delta": 35776,
                "node": "15",
                "reporter": "16"
            },
            {
                "delta": 35776,
                "node": "30",
                "reporter": "16"
            },
            {
                "delta": 35776,
                "node": "7",
                "reporter": "16"
            },
            {
                "delta": 35776,
                "node": "22",
                "reporter": "16"
            },
            {
                "delta": 35776,
                "node": "13",
                "reporter": "16"
            },
            {
                "delta": 35776,
                "node": "21",
                "reporter": "16"
            },
            {
                "delta": 35796,
                "node": "9",
                "reporter": "16"
            },
            {
                "delta": 35870,
                "node": "19",
                "reporter": "4"
            },
            {
                "delta": 35870,
                "node": "2",
                "reporter": "4"
            },
            {
                "delta": 35870,
                "node": "20",
                "reporter": "4"
            },
            {
                "delta": 35870,
                "node": "15",
                "reporter": "4"
            },
            {
                "delta": 35870,
                "node": "26",
                "reporter": "4"
            },
            {
                "delta": 35871,
                "node": "30",
                "reporter": "4"
            },
            {
                "delta": 35871,
                "node": "13",
                "reporter": "4"
            },
            {
                "delta": 35871,
                "node": "21",
                "reporter": "4"
            },
            {
                "delta": 35871,
                "node": "27",
                "reporter": "4"
            },
            {
                "delta": 35871,
                "node": "3",
                "reporter": "4"
            },
            {
                "delta": 36059,
                "node": "10",
                "reporter": "4"
            },
            {
                "delta": 36059,
                "node": "11",
                "reporter": "4"
            },
            {
                "delta": 36059,
                "node": "9",
                "reporter": "4"
            },
            {
                "delta": 36224,
                "node": "5",
                "reporter": "29"
            },
            {
                "delta": 36240,
                "node": "23",
                "reporter": "4"
            },
            {
                "delta": 36240,
                "node": "1",
                "reporter": "4"
            },
            {
                "delta": 36240,
                "node": "28",
                "reporter": "4"
            },
            {
                "delta": 36326,
                "node": "5",
                "reporter": "14"
            },
            {
                "delta": 36407,
                "node": "1",
                "reporter": "8"
            },
            {
                "delta": 36407,
                "node": "2",
                "reporter": "8"
            },
            {
                "delta": 36407,
                "node": "22",
                "reporter": "8"
            },
            {
                "delta": 36551,
                "node": "5",
                "reporter": "12"
            },
            {
                "delta": 36608,
                "node": "23",
                "reporter": "5"
            },
            {
                "delta": 36608,
                "node": "1",
                "reporter": "5"
            },
            {
                "delta": 36608,
                "node": "2",
                "reporter": "5"
            },
            {
                "delta": 36608,
                "node": "26",
                "reporter": "5"
            },
            {
                "delta": 36608,
                "node": "22",
                "reporter": "5"
            },
            {
                "delta": 36608,
                "node": "27",
                "reporter": "5"
            },
            {
                "delta": 36608,
                "node": "28",
                "reporter": "5"
            },
            {
                "delta": 36608,
                "node": "11",
                "reporter": "5"
            },
            {
                "delta": 36609,
                "node": "10",
                "reporter": "5"
            },
            {
                "delta": 36609,
                "node": "3",
                "reporter": "5"
            },
            {
                "delta": 36694,
                "node": "18",
                "reporter": "29"
            },
            {
                "delta": 36694,
                "node": "2",
                "reporter": "29"
            },
            {
                "delta": 36720,
                "node": "22",
                "reporter": "4"
            },
            {
                "delta": 36720,
                "node": "5",
                "reporter": "4"
            },
            {
                "delta": 36734,
                "node": "1",
                "reporter": "29"
            },
            {
                "delta": 36734,
                "node": "22",
                "reporter": "29"
            },
            {
                "delta": 36734,
                "node": "28",
                "reporter": "29"
            },
            {
                "delta": 36736,
                "node": "18",
                "reporter": "16"
            },
            {
                "delta": 36736,
                "node": "5",
                "reporter": "16"
            },
            {
                "delta": 36765,
                "node": "2",
                "reporter": "14"
            },
            {
                "delta": 36951,
                "node": "18",
                "reporter": "12"
            },
            {
                "delta": 37150,
                "node": "18",
                "reporter": "25"
            },
            {
                "delta": 37150,
                "node": "22",
                "reporter": "25"
            },
            {
                "delta": 37150,
                "node": "5",
                "reporter": "25"
            },
            {
                "delta": 37312,
                "node": "20",
                "reporter": "22"
            },
            {
                "delta": 37322,
                "node": "7",
                "reporter": "18"
            },
            {
                "delta": 37322,
                "node": "1",
                "reporter": "18"
            },
            {
                "delta": 37322,
                "node": "5",
                "reporter": "18"
            },
            {
                "delta": 37342,
                "node": "22",
                "reporter": "18"
            },
            {
                "delta": 37457,
                "node": "18",
                "reporter": "8"
            },
            {
                "delta": 37457,
                "node": "5",
                "reporter": "8"
            },
            {
                "delta": 37578,
                "node": "18",
                "reporter": "5"
            },
            {
                "delta": 37649,
                "node": "18",
                "reporter": "4"
            },
            {
                "delta": 37966,
                "node": "18",
                "reporter": "14"
            },
            {
                "delta": 37966,
                "node": "22",
                "reporter": "14"
            },
            {
                "delta": 38792,
                "node": "8",
                "reporter": "18"
            },
            {
                "delta": 38792,
                "node": "12",
                "reporter": "18"
            },
            {
                "delta": 38792,
                "node": "25",
                "reporter": "18"
            },
            {
                "delta": 38792,
                "node": "29",
                "reporter": "18"
            },
            {
                "delta": 38987,
                "node": "8",
                "reporter": "5"
            },
            {
                "delta": 38987,
                "node": "4",
                "reporter": "5"
            },
            {
                "delta": 38991,
                "node": "12",
                "reporter": "5"
            },
            {
                "delta": 38991,
                "node": "25",
                "reporter": "5"
            },
            {
                "delta": 38991,
                "node": "16",
                "reporter": "5"
            },
            {
                "delta": 38991,
                "node": "14",
                "reporter": "5"
            },
            {
                "delta": 38991,
                "node": "29",
                "reporter": "5"
            },
            {
                "delta": 39282,
                "node": "8",
                "reporter": "22"
            },
            {
                "delta": 39282,
                "node": "16",
                "reporter": "22"
            }
        ]
    }
}