
{
    "id": "00390",
    "seed": 42,
    "repetition": 0,
    "settings": {
        "simulate_catastrophe": true,
        "number_of_nodes": 30,
        "duration": 120000,
        "gossip_delta": 200,
        "failure_delta": 1800,
        "miss_delta": 1800,
        "push_pull": true,
        "pick_strategy": 2,
        "enable_multicast": true,
        "multicast_parameter": 1.0,
        "multicast_max_wait": 3600,
        "expected_first_multicast": 1200
    },
    "result": {
        "start_time": 1500764048976,
        "end_time": 1500764168987,
        "expected_crashes": [
            {
                "delta": 31130,
                "node": "27"
            },
            {
                "delta": 31130,
                "node": "13"
            },
            {
                "delta": 31130,
                "node": "10"
            },
            {
                "delta": 31130,
                "node": "21"
            },
            {
                "delta": 31130,
                "node": "30"
            },
            {
                "delta": 31130,
                "node": "3"
            },
            {
                "delta": 31130,
                "node": "28"
            },
            {
                "delta": 31130,
                "node": "6"
            },
            {
                "delta": 31130,
                "node": "24"
            },
            {
                "delta": 31130,
                "node": "9"
            },
            {
                "delta": 31130,
                "node": "19"
            },
            {
                "delta": 31130,
                "node": "7"
            },
            {
                "delta": 31130,
                "node": "23"
            },
            {
                "delta": 31130,
                "node": "26"
            },
            {
                "delta": 31130,
                "node": "15"
            },
            {
                "delta": 31130,
                "node": "2"
            },
            {
                "delta": 31130,
                "node": "17"
            },
            {
                "delta": 31130,
                "node": "1"
            },
            {
                "delta": 31130,
                "node": "20"
            },
            {
                "delta": 31130,
                "node": "11"
            }
        ],
        "reported_crashes": [
            {
                "delta": 34549,
                "node": "24",
                "reporter": "29"
            },
            {
                "delta": 34584,
                "node": "10",
                "reporter": "12"
            },
            {
                "delta": 34670,
                "node": "10",
                "reporter": "25"
            },
            {
                "delta": 34670,
                "node": "9",
                "reporter": "25"
            },
            {
                "delta": 34672,
                "node": "24",
                "reporter": "22"
            },
            {
                "delta": 34692,
                "node": "24",
                "reporter": "4"
            },
            {
                "delta": 34705,
                "node": "2",
                "reporter": "18"
            },
            {
                "delta": 34732,
                "node": "21",
                "reporter": "22"
            },
            {
                "delta": 34732,
                "node": "3",
                "reporter": "22"
            },
            {
                "delta": 34735,
                "node": "19",
                "reporter": "16"
            },
            {
                "delta": 34735,
                "node": "27",
                "reporter": "16"
            },
            {
                "delta": 34745,
                "node": "21",
                "reporter": "5"
            },
            {
                "delta": 34760,
                "node": "2",
                "reporter": "29"
            },
            {
                "delta": 34775,
                "node": "1",
                "reporter": "16"
            },
            {
                "delta": 34806,
                "node": "6",
                "reporter": "16"
            },
            {
                "delta": 34806,
                "node": "2",
                "reporter": "16"
            },
            {
                "delta": 34815,
                "node": "11",
                "reporter": "14"
            },
            {
                "delta": 34826,
                "node": "2",
                "reporter": "14"
            },
            {
                "delta": 34826,
                "node": "26",
                "reporter": "14"
            },
            {
                "delta": 34829,
                "node": "30",
                "reporter": "29"
            },
            {
                "delta": 34845,
                "node": "21",
                "reporter": "14"
            },
            {
                "delta": 34851,
                "node": "24",
                "reporter": "8"
            },
            {
                "delta": 34855,
                "node": "24",
                "reporter": "16"
            },
            {
                "delta": 34855,
                "node": "13",
                "reporter": "16"
            },
            {
                "delta": 34866,
                "node": "26",
                "reporter": "16"
            },
            {
                "delta": 34866,
                "node": "7",
                "reporter": "16"
            },
            {
                "delta": 34866,
                "node": "10",
                "reporter": "16"
            },
            {
                "delta": 34866,
                "node": "9",
                "reporter": "16"
            },
            {
                "delta": 34902,
                "node": "20",
                "reporter": "4"
            },
            {
                "delta": 34904,
                "node": "23",
                "reporter": "18"
            },
            {
                "delta": 34904,
                "node": "20",
                "reporter": "18"
            },
            {
                "delta": 34914,
                "node": "15",
                "reporter": "12"
            },
            {
                "delta": 34922,
                "node": "2",
                "reporter": "4"
            },
            {
                "delta": 34922,
                "node": "26",
                "reporter": "4"
            },
            {
                "delta": 34922,
                "node": "7",
                "reporter": "4"
            },
            {
                "delta": 34922,
                "node": "10",
                "reporter": "4"
            },
            {
                "delta": 34923,
                "node": "9",
                "reporter": "4"
            },
            {
                "delta": 34931,
                "node": "21",
                "reporter": "8"
            },
            {
                "delta": 34940,
                "node": "24",
                "reporter": "25"
            },
            {
                "delta": 34940,
                "node": "2",
                "reporter": "25"
            },
            {
                "delta": 34941,
                "node": "20",
                "reporter": "25"
            },
            {
                "delta": 34941,
                "node": "26",
                "reporter": "25"
            },
            {
                "delta": 34941,
                "node": "7",
                "reporter": "25"
            },
            {
                "delta": 34954,
                "node": "17",
                "reporter": "18"
            },
            {
                "delta": 34954,
                "node": "30",
                "reporter": "18"
            },
            {
                "delta": 34965,
                "node": "2",
                "reporter": "5"
            },
            {
                "delta": 34965,
                "node": "26",
                "reporter": "5"
            },
            {
                "delta": 34965,
                "node": "11",
                "reporter": "5"
            },
            {
                "delta": 35002,
                "node": "28",
                "reporter": "4"
            },
            {
                "delta": 35014,
                "node": "26",
                "reporter": "18"
            },
            {
                "delta": 35014,
                "node": "21",
                "reporter": "18"
            },
            {
                "delta": 35014,
                "node": "11",
                "reporter": "18"
            },
            {
                "delta": 35036,
                "node": "24",
                "reporter": "14"
            },
            {
                "delta": 35036,
                "node": "20",
                "reporter": "14"
            },
            {
                "delta": 35036,
                "node": "7",
                "reporter": "14"
            },
            {
                "delta": 35036,
                "node": "10",
                "reporter": "14"
            },
            {
                "delta": 35045,
                "node": "9",
                "reporter": "14"
            },
            {
                "delta": 35115,
                "node": "6",
                "reporter": "5"
            },
            {
                "delta": 35116,
                "node": "19",
                "reporter": "5"
            },
            {
                "delta": 35116,
                "node": "1",
                "reporter": "5"
            },
            {
                "delta": 35116,
                "node": "24",
                "reporter": "5"
            },
            {
                "delta": 35116,
                "node": "7",
                "reporter": "5"
            },
            {
                "delta": 35116,
                "node": "13",
                "reporter": "5"
            },
            {
                "delta": 35116,
                "node": "27",
                "reporter": "5"
            },
            {
                "delta": 35125,
                "node": "21",
                "reporter": "16"
            },
            {
                "delta": 35125,
                "node": "11",
                "reporter": "16"
            },
            {
                "delta": 35147,
                "node": "10",
                "reporter": "5"
            },
            {
                "delta": 35148,
                "node": "9",
                "reporter": "5"
            },
            {
                "delta": 35163,
                "node": "21",
                "reporter": "4"
            },
            {
                "delta": 35163,
                "node": "11",
                "reporter": "4"
            },
            {
                "delta": 35165,
                "node": "20",
                "reporter": "16"
            },
            {
                "delta": 35165,
                "node": "28",
                "reporter": "16"
            },
            {
                "delta": 35294,
                "node": "24",
                "reporter": "12"
            },
            {
                "delta": 35294,
                "node": "21",
                "reporter": "12"
            },
            {
                "delta": 35301,
                "node": "15",
                "reporter": "8"
            },
            {
                "delta": 35301,
                "node": "10",
                "reporter": "8"
            },
            {
                "delta": 35340,
                "node": "15",
                "reporter": "29"
            },
            {
                "delta": 35340,
                "node": "10",
                "reporter": "29"
            },
            {
                "delta": 35342,
                "node": "6",
                "reporter": "4"
            },
            {
                "delta": 35343,
                "node": "19",
                "reporter": "4"
            },
            {
                "delta": 35343,
                "node": "1",
                "reporter": "4"
            },
            {
                "delta": 35343,
                "node": "13",
                "reporter": "4"
            },
            {
                "delta": 35343,
                "node": "27",
                "reporter": "4"
            },
            {
                "delta": 35364,
                "node": "2",
                "reporter": "12"
            },
            {
                "delta": 35364,
                "node": "30",
                "reporter": "12"
            },
            {
                "delta": 35365,
                "node": "20",
                "reporter": "5"
            },
            {
                "delta": 35381,
                "node": "6",
                "reporter": "25"
            },
            {
                "delta": 35381,
                "node": "19",
                "reporter": "25"
            },
            {
                "delta": 35381,
                "node": "1",
                "reporter": "25"
            },
            {
                "delta": 35381,
                "node": "13",
                "reporter": "25"
            },
            {
                "delta": 35381,
                "node": "21",
                "reporter": "25"
            },
            {
                "delta": 35381,
                "node": "27",
                "reporter": "25"
            },
            {
                "delta": 35381,
                "node": "11",
                "reporter": "25"
            },
            {
                "delta": 35395,
                "node": "15",
                "reporter": "16"
            },
            {
                "delta": 35395,
                "node": "30",
                "reporter": "16"
            },
            {
                "delta": 35404,
                "node": "24",
                "reporter": "18"
            },
            {
                "delta": 35404,
                "node": "3",
                "reporter": "18"
            },
            {
                "delta": 35451,
                "node": "23",
                "reporter": "22"
            },
            {
                "delta": 35453,
                "node": "2",
                "reporter": "22"
            },
            {
                "delta": 35454,
                "node": "20",
                "reporter": "22"
            },
            {
                "delta": 35454,
                "node": "26",
                "reporter": "22"
            },
            {
                "delta": 35454,
                "node": "17",
                "reporter": "22"
            },
            {
                "delta": 35454,
                "node": "30",
                "reporter": "22"
            },
            {
                "delta": 35454,
                "node": "11",
                "reporter": "22"
            },
            {
                "delta": 35466,
                "node": "15",
                "reporter": "14"
            },
            {
                "delta": 35475,
                "node": "30",
                "reporter": "14"
            },
            {
                "delta": 35485,
                "node": "20",
                "reporter": "12"
            },
            {
                "delta": 35485,
                "node": "26",
                "reporter": "12"
            },
            {
                "delta": 35485,
                "node": "7",
                "reporter": "12"
            },
            {
                "delta": 35485,
                "node": "11",
                "reporter": "12"
            },
            {
                "delta": 35485,
                "node": "9",
                "reporter": "12"
            },
            {
                "delta": 35555,
                "node": "6",
                "reporter": "18"
            },
            {
                "delta": 35555,
                "node": "19",
                "reporter": "18"
            },
            {
                "delta": 35555,
                "node": "1",
                "reporter": "18"
            },
            {
                "delta": 35555,
                "node": "7",
                "reporter": "18"
            },
            {
                "delta": 35555,
                "node": "13",
                "reporter": "18"
            },
            {
                "delta": 35555,
                "node": "27",
                "reporter": "18"
            },
            {
                "delta": 35555,
                "node": "10",
                "reporter": "18"
            },
            {
                "delta": 35555,
                "node": "9",
                "reporter": "18"
            },
            {
                "delta": 35570,
                "node": "23",
                "reporter": "25"
            },
            {
                "delta": 35570,
                "node": "17",
                "reporter": "25"
            },
            {
                "delta": 35571,
                "node": "30",
                "reporter": "25"
            },
            {
                "delta": 35571,
                "node": "3",
                "reporter": "25"
            },
            {
                "delta": 35600,
                "node": "15",
                "reporter": "25"
            },
            {
                "delta": 35600,
                "node": "6",
                "reporter": "29"
            },
            {
                "delta": 35602,
                "node": "19",
                "reporter": "29"
            },
            {
                "delta": 35602,
                "node": "1",
                "reporter": "29"
            },
            {
                "delta": 35602,
                "node": "20",
                "reporter": "29"
            },
            {
                "delta": 35602,
                "node": "26",
                "reporter": "29"
            },
            {
                "delta": 35603,
                "node": "7",
                "reporter": "29"
            },
            {
                "delta": 35603,
                "node": "13",
                "reporter": "29"
            },
            {
                "delta": 35603,
                "node": "21",
                "reporter": "29"
            },
            {
                "delta": 35605,
                "node": "27",
                "reporter": "29"
            },
            {
                "delta": 35606,
                "node": "28",
                "reporter": "29"
            },
            {
                "delta": 35736,
                "node": "23",
                "reporter": "5"
            },
            {
                "delta": 35736,
                "node": "17",
                "reporter": "5"
            },
            {
                "delta": 35736,
                "node": "30",
                "reporter": "5"
            },
            {
                "delta": 35736,
                "node": "3",
                "reporter": "5"
            },
            {
                "delta": 35804,
                "node": "6",
                "reporter": "12"
            },
            {
                "delta": 35804,
                "node": "19",
                "reporter": "12"
            },
            {
                "delta": 35804,
                "node": "1",
                "reporter": "12"
            },
            {
                "delta": 35804,
                "node": "13",
                "reporter": "12"
            },
            {
                "delta": 35804,
                "node": "27",
                "reporter": "12"
            },
            {
                "delta": 35805,
                "node": "28",
                "reporter": "12"
            },
            {
                "delta": 35829,
                "node": "11",
                "reporter": "29"
            },
            {
                "delta": 35829,
                "node": "9",
                "reporter": "29"
            },
            {
                "delta": 35829,
                "node": "23",
                "reporter": "29"
            },
            {
                "delta": 35829,
                "node": "17",
                "reporter": "29"
            },
            {
                "delta": 35829,
                "node": "3",
                "reporter": "29"
            },
            {
                "delta": 35962,
                "node": "2",
                "reporter": "8"
            },
            {
                "delta": 35962,
                "node": "20",
                "reporter": "8"
            },
            {
                "delta": 35962,
                "node": "26",
                "reporter": "8"
            },
            {
                "delta": 35962,
                "node": "30",
                "reporter": "8"
            },
            {
                "delta": 35962,
                "node": "7",
                "reporter": "8"
            },
            {
                "delta": 35962,
                "node": "11",
                "reporter": "8"
            },
            {
                "delta": 35962,
                "node": "9",
                "reporter": "8"
            },
            {
                "delta": 35966,
                "node": "6",
                "reporter": "14"
            },
            {
                "delta": 35966,
                "node": "19",
                "reporter": "14"
            },
            {
                "delta": 35966,
                "node": "23",
                "reporter": "14"
            },
            {
                "delta": 35966,
                "node": "1",
                "reporter": "14"
            },
            {
                "delta": 35966,
                "node": "17",
                "reporter": "14"
            },
            {
                "delta": 35966,
                "node": "13",
                "reporter": "14"
            },
            {
                "delta": 35966,
                "node": "27",
                "reporter": "14"
            },
            {
                "delta": 35966,
                "node": "3",
                "reporter": "14"
            },
            {
                "delta": 36010,
                "node": "28",
                "reporter": "25"
            },
            {
                "delta": 36013,
                "node": "15",
                "reporter": "4"
            },
            {
                "delta": 36013,
                "node": "30",
                "reporter": "4"
            },
            {
                "delta": 36114,
                "node": "15",
                "reporter": "18"
            },
            {
                "delta": 36182,
                "node": "23",
                "reporter": "4"
            },
            {
                "delta": 36182,
                "node": "17",
                "reporter": "4"
            },
            {
                "delta": 36182,
                "node": "3",
                "reporter": "4"
            },
            {
                "delta": 36286,
                "node": "15",
                "reporter": "5"
            },
            {
                "delta": 36341,
                "node": "6",
                "reporter": "8"
            },
            {
                "delta": 36341,
                "node": "19",
                "reporter": "8"
            },
            {
                "delta": 36341,
                "node": "1",
                "reporter": "8"
            },
            {
                "delta": 36341,
                "node": "13",
                "reporter": "8"
            },
            {
                "delta": 36342,
                "node": "27",
                "reporter": "8"
            },
            {
                "delta": 36342,
                "node": "28",
                "reporter": "8"
            },
            {
                "delta": 36666,
                "node": "28",
                "reporter": "14"
            },
            {
                "delta": 36764,
                "node": "23",
                "reporter": "12"
            },
            {
                "delta": 36764,
                "node": "17",
                "reporter": "12"
            },
            {
                "delta": 36764,
                "node": "3",
                "reporter": "12"
            },
            {
                "delta": 36885,
                "node": "28",
                "reporter": "5"
            },
            {
                "delta": 37205,
                "node": "23",
                "reporter": "16"
            },
            {
                "delta": 37205,
                "node": "17",
                "reporter": "16"
            },
            {
                "delta": 37205,
                "node": "3",
                "reporter": "16"
            },
            {
                "delta": 37271,
                "node": "23",
                "reporter": "8"
            },
            {
                "delta": 37271,
                "node": "17",
                "reporter": "8"
            },
            {
                "delta": 37271,
                "node": "3",
                "reporter": "8"
            },
            {
                "delta": 37474,
                "node": "28",
                "reporter": "18"
            },
            {
                "delta": 37782,
                "node": "6",
                "reporter": "22"
            },
            {
                "delta": 37782,
                "node": "19",
                "reporter": "22"
            },
            {
                "delta": 37782,
                "node": "1",
                "reporter": "22"
            },
            {
                "delta": 37783,
                "node": "15",
                "reporter": "22"
            },
            {
                "delta": 37783,
                "node": "7",
                "reporter": "22"
            },
            {
                "delta": 37783,
                "node": "13",
                "reporter": "22"
            },
            {
                "delta": 37783,
                "node": "27",
                "reporter": "22"
            },
            {
                "delta": 37783,
                "node": "28",
                "reporter": "22"
            },
            {
                "delta": 37784,
                "node": "10",
                "reporter": "22"
            },
            {
                "delta": 37784,
                "node": "9",
                "reporter": "22"
            },
            {
                "delta": 37875,
                "node": "22",
                "reporter": "14"
            },
            {
                "delta": 38106,
                "node": "22",
                "reporter": "5"
            },
            {
                "delta": 38171,
                "node": "22",
                "reporter": "8"
            },
            {
                "delta": 38234,
                "node": "22",
                "reporter": "12"
            },
            {
                "delta": 38395,
                "node": "22",
                "reporter": "16"
            },
            {
                "delta": 38442,
                "node": "22",
                "reporter": "4"
            },
            {
                "delta": 38474,
                "node": "22",
                "reporter": "18"
            },
            {
                "delta": 38509,
                "node": "22",
                "reporter": "25"
            },
            {
                "delta": 38633,
                "node": "22",
                "reporter": "29"
            },
            {
                "delta": 39882,
                "node": "25",
                "reporter": "22"
            },
            {
                "delta": 40001,
                "node": "4",
                "reporter": "22"
            },
            {
                "delta": 40111,
                "node": "18",
                "reporter": "22"
            },
            {
                "delta": 40451,
                "node": "8",
                "reporter": "22"
            },
            {
                "delta": 40452,
                "node": "12",
                "reporter": "22"
            },
            {
                "delta": 40452,
                "node": "16",
                "reporter": "22"
            },
            {
                "delta": 40452,
                "node": "29",
                "reporter": "22"
            },
            {
                "delta": 40452,
                "node": "14",
                "reporter": "22"
            },
            {
                "delta": 40452,
                "node": "5",
                "reporter": "22"
            }
        ]
    }
}