
{
    "id": "00403",
    "seed": 42,
    "repetition": 0,
    "settings": {
        "simulate_catastrophe": true,
        "number_of_nodes": 30,
        "duration": 120000,
        "gossip_delta": 200,
        "failure_delta": 1400,
        "miss_delta": 1400,
        "push_pull": false,
        "pick_strategy": 2,
        "enable_multicast": true,
        "multicast_parameter": 1.0,
        "multicast_max_wait": 1400,
        "expected_first_multicast": 933
    },
    "result": {
        "start_time": 1500765674366,
        "end_time": 1500765794376,
        "expected_crashes": [
            {
                "delta": 31130,
                "node": "27"
            },
            {
                "delta": 31130,
                "node": "13"
            },
            {
                "delta": 31130,
                "node": "10"
            },
            {
                "delta": 31130,
                "node": "21"
            },
            {
                "delta": 31130,
                "node": "30"
            },
            {
                "delta": 31130,
                "node": "3"
            },
            {
                "delta": 31130,
                "node": "28"
            },
            {
                "delta": 31130,
                "node": "6"
            },
            {
                "delta": 31130,
                "node": "24"
            },
            {
                "delta": 31130,
                "node": "9"
            },
            {
                "delta": 31130,
                "node": "19"
            },
            {
                "delta": 31130,
                "node": "7"
            },
            {
                "delta": 31130,
                "node": "23"
            },
            {
                "delta": 31130,
                "node": "26"
            },
            {
                "delta": 31130,
                "node": "15"
            },
            {
                "delta": 31130,
                "node": "2"
            },
            {
                "delta": 31130,
                "node": "17"
            },
            {
                "delta": 31130,
                "node": "1"
            },
            {
                "delta": 31130,
                "node": "20"
            },
            {
                "delta": 31130,
                "node": "11"
            }
        ],
        "reported_crashes": [
            {
                "delta": 25264,
                "node": "27",
                "reporter": "19"
            },
            {
                "delta": 27390,
                "node": "19",
                "reporter": "26"
            },
            {
                "delta": 27666,
                "node": "19",
                "reporter": "12"
            },
            {
                "delta": 27938,
                "node": "19",
                "reporter": "3"
            },
            {
                "delta": 27985,
                "node": "19",
                "reporter": "15"
            },
            {
                "delta": 28026,
                "node": "19",
                "reporter": "16"
            },
            {
                "delta": 28130,
                "node": "19",
                "reporter": "27"
            },
            {
                "delta": 28171,
                "node": "19",
                "reporter": "1"
            },
            {
                "delta": 28171,
                "node": "19",
                "reporter": "11"
            },
            {
                "delta": 28213,
                "node": "19",
                "reporter": "30"
            },
            {
                "delta": 28341,
                "node": "19",
                "reporter": "17"
            },
            {
                "delta": 28397,
                "node": "19",
                "reporter": "20"
            },
            {
                "delta": 28471,
                "node": "19",
                "reporter": "23"
            },
            {
                "delta": 28473,
                "node": "19",
                "reporter": "10"
            },
            {
                "delta": 28543,
                "node": "19",
                "reporter": "4"
            },
            {
                "delta": 28550,
                "node": "19",
                "reporter": "24"
            },
            {
                "delta": 28553,
                "node": "19",
                "reporter": "6"
            },
            {
                "delta": 28656,
                "node": "19",
                "reporter": "14"
            },
            {
                "delta": 28700,
                "node": "19",
                "reporter": "2"
            },
            {
                "delta": 28702,
                "node": "19",
                "reporter": "5"
            },
            {
                "delta": 28732,
                "node": "19",
                "reporter": "28"
            },
            {
                "delta": 28766,
                "node": "19",
                "reporter": "29"
            },
            {
                "delta": 28770,
                "node": "19",
                "reporter": "9"
            },
            {
                "delta": 28909,
                "node": "19",
                "reporter": "25"
            },
            {
                "delta": 28940,
                "node": "19",
                "reporter": "8"
            },
            {
                "delta": 28972,
                "node": "19",
                "reporter": "21"
            },
            {
                "delta": 29024,
                "node": "19",
                "reporter": "22"
            },
            {
                "delta": 29166,
                "node": "19",
                "reporter": "7"
            },
            {
                "delta": 29259,
                "node": "19",
                "reporter": "13"
            },
            {
                "delta": 29446,
                "node": "19",
                "reporter": "18"
            },
            {
                "delta": 29454,
                "node": "7",
                "reporter": "19"
            },
            {
                "delta": 29484,
                "node": "12",
                "reporter": "19"
            },
            {
                "delta": 29955,
                "node": "29",
                "reporter": "19"
            },
            {
                "delta": 29964,
                "node": "14",
                "reporter": "19"
            },
            {
                "delta": 29964,
                "node": "15",
                "reporter": "19"
            },
            {
                "delta": 30444,
                "node": "8",
                "reporter": "19"
            },
            {
                "delta": 30445,
                "node": "23",
                "reporter": "19"
            },
            {
                "delta": 30445,
                "node": "1",
                "reporter": "19"
            },
            {
                "delta": 30445,
                "node": "24",
                "reporter": "19"
            },
            {
                "delta": 30445,
                "node": "20",
                "reporter": "19"
            },
            {
                "delta": 30445,
                "node": "17",
                "reporter": "19"
            },
            {
                "delta": 30445,
                "node": "30",
                "reporter": "19"
            },
            {
                "delta": 30446,
                "node": "13",
                "reporter": "19"
            },
            {
                "delta": 30446,
                "node": "21",
                "reporter": "19"
            },
            {
                "delta": 30446,
                "node": "28",
                "reporter": "19"
            },
            {
                "delta": 30582,
                "node": "11",
                "reporter": "19"
            },
            {
                "delta": 30583,
                "node": "3",
                "reporter": "19"
            },
            {
                "delta": 30583,
                "node": "25",
                "reporter": "19"
            },
            {
                "delta": 30583,
                "node": "9",
                "reporter": "19"
            },
            {
                "delta": 30583,
                "node": "6",
                "reporter": "19"
            },
            {
                "delta": 30583,
                "node": "4",
                "reporter": "19"
            },
            {
                "delta": 30583,
                "node": "18",
                "reporter": "19"
            },
            {
                "delta": 30583,
                "node": "2",
                "reporter": "19"
            },
            {
                "delta": 30583,
                "node": "16",
                "reporter": "19"
            },
            {
                "delta": 30583,
                "node": "26",
                "reporter": "19"
            },
            {
                "delta": 30583,
                "node": "22",
                "reporter": "19"
            },
            {
                "delta": 30583,
                "node": "10",
                "reporter": "19"
            },
            {
                "delta": 30583,
                "node": "5",
                "reporter": "19"
            },
            {
                "delta": 33064,
                "node": "26",
                "reporter": "22"
            },
            {
                "delta": 33225,
                "node": "30",
                "reporter": "22"
            },
            {
                "delta": 33385,
                "node": "10",
                "reporter": "29"
            },
            {
                "delta": 33605,
                "node": "30",
                "reporter": "29"
            },
            {
                "delta": 33610,
                "node": "24",
                "reporter": "8"
            },
            {
                "delta": 33677,
                "node": "27",
                "reporter": "12"
            },
            {
                "delta": 33739,
                "node": "1",
                "reporter": "25"
            },
            {
                "delta": 33856,
                "node": "5",
                "reporter": "29"
            },
            {
                "delta": 33857,
                "node": "10",
                "reporter": "14"
            },
            {
                "delta": 33866,
                "node": "23",
                "reporter": "12"
            },
            {
                "delta": 33866,
                "node": "2",
                "reporter": "12"
            },
            {
                "delta": 33866,
                "node": "30",
                "reporter": "12"
            },
            {
                "delta": 33866,
                "node": "7",
                "reporter": "12"
            },
            {
                "delta": 33896,
                "node": "3",
                "reporter": "29"
            },
            {
                "delta": 33973,
                "node": "1",
                "reporter": "4"
            },
            {
                "delta": 34050,
                "node": "10",
                "reporter": "25"
            },
            {
                "delta": 34050,
                "node": "9",
                "reporter": "25"
            },
            {
                "delta": 34086,
                "node": "26",
                "reporter": "16"
            },
            {
                "delta": 34086,
                "node": "11",
                "reporter": "16"
            },
            {
                "delta": 34100,
                "node": "6",
                "reporter": "25"
            },
            {
                "delta": 34100,
                "node": "23",
                "reporter": "25"
            },
            {
                "delta": 34100,
                "node": "24",
                "reporter": "25"
            },
            {
                "delta": 34100,
                "node": "20",
                "reporter": "25"
            },
            {
                "delta": 34100,
                "node": "2",
                "reporter": "25"
            },
            {
                "delta": 34100,
                "node": "17",
                "reporter": "25"
            },
            {
                "delta": 34101,
                "node": "30",
                "reporter": "25"
            },
            {
                "delta": 34101,
                "node": "7",
                "reporter": "25"
            },
            {
                "delta": 34101,
                "node": "13",
                "reporter": "25"
            },
            {
                "delta": 34101,
                "node": "21",
                "reporter": "25"
            },
            {
                "delta": 34122,
                "node": "27",
                "reporter": "25"
            },
            {
                "delta": 34122,
                "node": "28",
                "reporter": "25"
            },
            {
                "delta": 34133,
                "node": "15",
                "reporter": "4"
            },
            {
                "delta": 34141,
                "node": "3",
                "reporter": "5"
            },
            {
                "delta": 34347,
                "node": "16",
                "reporter": "18"
            },
            {
                "delta": 34347,
                "node": "26",
                "reporter": "18"
            },
            {
                "delta": 34348,
                "node": "11",
                "reporter": "18"
            },
            {
                "delta": 34735,
                "node": "1",
                "reporter": "29"
            },
            {
                "delta": 34735,
                "node": "15",
                "reporter": "29"
            },
            {
                "delta": 34765,
                "node": "16",
                "reporter": "29"
            },
            {
                "delta": 34765,
                "node": "26",
                "reporter": "29"
            },
            {
                "delta": 34765,
                "node": "11",
                "reporter": "29"
            },
            {
                "delta": 34835,
                "node": "8",
                "reporter": "29"
            },
            {
                "delta": 34836,
                "node": "1",
                "reporter": "12"
            },
            {
                "delta": 34836,
                "node": "4",
                "reporter": "12"
            },
            {
                "delta": 34838,
                "node": "15",
                "reporter": "12"
            },
            {
                "delta": 34937,
                "node": "10",
                "reporter": "18"
            },
            {
                "delta": 35023,
                "node": "6",
                "reporter": "4"
            },
            {
                "delta": 35023,
                "node": "23",
                "reporter": "4"
            },
            {
                "delta": 35023,
                "node": "24",
                "reporter": "4"
            },
            {
                "delta": 35023,
                "node": "20",
                "reporter": "4"
            },
            {
                "delta": 35023,
                "node": "2",
                "reporter": "4"
            },
            {
                "delta": 35023,
                "node": "17",
                "reporter": "4"
            },
            {
                "delta": 35024,
                "node": "30",
                "reporter": "4"
            },
            {
                "delta": 35024,
                "node": "7",
                "reporter": "4"
            },
            {
                "delta": 35024,
                "node": "13",
                "reporter": "4"
            },
            {
                "delta": 35024,
                "node": "27",
                "reporter": "4"
            },
            {
                "delta": 35098,
                "node": "1",
                "reporter": "18"
            },
            {
                "delta": 35098,
                "node": "4",
                "reporter": "18"
            },
            {
                "delta": 35098,
                "node": "15",
                "reporter": "18"
            },
            {
                "delta": 35211,
                "node": "21",
                "reporter": "4"
            },
            {
                "delta": 35212,
                "node": "28",
                "reporter": "4"
            },
            {
                "delta": 35212,
                "node": "10",
                "reporter": "4"
            },
            {
                "delta": 35212,
                "node": "9",
                "reporter": "4"
            },
            {
                "delta": 35213,
                "node": "16",
                "reporter": "4"
            },
            {
                "delta": 35213,
                "node": "26",
                "reporter": "4"
            },
            {
                "delta": 35213,
                "node": "11",
                "reporter": "4"
            },
            {
                "delta": 35216,
                "node": "8",
                "reporter": "12"
            },
            {
                "delta": 35216,
                "node": "18",
                "reporter": "12"
            },
            {
                "delta": 35216,
                "node": "16",
                "reporter": "12"
            },
            {
                "delta": 35216,
                "node": "29",
                "reporter": "12"
            },
            {
                "delta": 35217,
                "node": "26",
                "reporter": "12"
            },
            {
                "delta": 35217,
                "node": "11",
                "reporter": "12"
            },
            {
                "delta": 35287,
                "node": "3",
                "reporter": "18"
            },
            {
                "delta": 35380,
                "node": "8",
                "reporter": "25"
            },
            {
                "delta": 35380,
                "node": "15",
                "reporter": "25"
            },
            {
                "delta": 35380,
                "node": "26",
                "reporter": "25"
            },
            {
                "delta": 35380,
                "node": "11",
                "reporter": "25"
            },
            {
                "delta": 35429,
                "node": "1",
                "reporter": "8"
            },
            {
                "delta": 35430,
                "node": "15",
                "reporter": "8"
            },
            {
                "delta": 35430,
                "node": "26",
                "reporter": "8"
            },
            {
                "delta": 35430,
                "node": "11",
                "reporter": "8"
            },
            {
                "delta": 35645,
                "node": "14",
                "reporter": "22"
            },
            {
                "delta": 35645,
                "node": "10",
                "reporter": "22"
            },
            {
                "delta": 35676,
                "node": "1",
                "reporter": "16"
            },
            {
                "delta": 35676,
                "node": "15",
                "reporter": "16"
            },
            {
                "delta": 35676,
                "node": "3",
                "reporter": "16"
            },
            {
                "delta": 35676,
                "node": "10",
                "reporter": "16"
            },
            {
                "delta": 35872,
                "node": "6",
                "reporter": "5"
            },
            {
                "delta": 35872,
                "node": "8",
                "reporter": "5"
            },
            {
                "delta": 35872,
                "node": "23",
                "reporter": "5"
            },
            {
                "delta": 35873,
                "node": "1",
                "reporter": "5"
            },
            {
                "delta": 35873,
                "node": "24",
                "reporter": "5"
            },
            {
                "delta": 35873,
                "node": "20",
                "reporter": "5"
            },
            {
                "delta": 35873,
                "node": "2",
                "reporter": "5"
            },
            {
                "delta": 35873,
                "node": "4",
                "reporter": "5"
            },
            {
                "delta": 35873,
                "node": "12",
                "reporter": "5"
            },
            {
                "delta": 35873,
                "node": "16",
                "reporter": "5"
            },
            {
                "delta": 35897,
                "node": "8",
                "reporter": "18"
            },
            {
                "delta": 35897,
                "node": "29",
                "reporter": "18"
            },
            {
                "delta": 36010,
                "node": "12",
                "reporter": "8"
            },
            {
                "delta": 36045,
                "node": "6",
                "reporter": "14"
            },
            {
                "delta": 36046,
                "node": "8",
                "reporter": "14"
            },
            {
                "delta": 36046,
                "node": "23",
                "reporter": "14"
            },
            {
                "delta": 36046,
                "node": "8",
                "reporter": "16"
            },
            {
                "delta": 36046,
                "node": "29",
                "reporter": "16"
            },
            {
                "delta": 36046,
                "node": "1",
                "reporter": "14"
            },
            {
                "delta": 36046,
                "node": "24",
                "reporter": "14"
            },
            {
                "delta": 36046,
                "node": "2",
                "reporter": "14"
            },
            {
                "delta": 36047,
                "node": "20",
                "reporter": "14"
            },
            {
                "delta": 36047,
                "node": "18",
                "reporter": "14"
            },
            {
                "delta": 36047,
                "node": "29",
                "reporter": "14"
            },
            {
                "delta": 36047,
                "node": "15",
                "reporter": "14"
            },
            {
                "delta": 36055,
                "node": "15",
                "reporter": "5"
            },
            {
                "delta": 36055,
                "node": "26",
                "reporter": "5"
            },
            {
                "delta": 36055,
                "node": "17",
                "reporter": "5"
            },
            {
                "delta": 36055,
                "node": "30",
                "reporter": "5"
            },
            {
                "delta": 36055,
                "node": "7",
                "reporter": "5"
            },
            {
                "delta": 36055,
                "node": "13",
                "reporter": "5"
            },
            {
                "delta": 36055,
                "node": "21",
                "reporter": "5"
            },
            {
                "delta": 36055,
                "node": "27",
                "reporter": "5"
            },
            {
                "delta": 36055,
                "node": "28",
                "reporter": "5"
            },
            {
                "delta": 36056,
                "node": "11",
                "reporter": "5"
            },
            {
                "delta": 36056,
                "node": "10",
                "reporter": "5"
            },
            {
                "delta": 36056,
                "node": "9",
                "reporter": "5"
            },
            {
                "delta": 36062,
                "node": "14",
                "reporter": "5"
            },
            {
                "delta": 36062,
                "node": "22",
                "reporter": "5"
            },
            {
                "delta": 36116,
                "node": "6",
                "reporter": "16"
            },
            {
                "delta": 36116,
                "node": "23",
                "reporter": "16"
            },
            {
                "delta": 36116,
                "node": "24",
                "reporter": "16"
            },
            {
                "delta": 36116,
                "node": "2",
                "reporter": "16"
            },
            {
                "delta": 36116,
                "node": "20",
                "reporter": "16"
            },
            {
                "delta": 36116,
                "node": "12",
                "reporter": "16"
            },
            {
                "delta": 36117,
                "node": "17",
                "reporter": "16"
            },
            {
                "delta": 36117,
                "node": "30",
                "reporter": "16"
            },
            {
                "delta": 36117,
                "node": "7",
                "reporter": "16"
            },
            {
                "delta": 36117,
                "node": "13",
                "reporter": "16"
            },
            {
                "delta": 36137,
                "node": "27",
                "reporter": "16"
            },
            {
                "delta": 36137,
                "node": "21",
                "reporter": "16"
            },
            {
                "delta": 36137,
                "node": "28",
                "reporter": "16"
            },
            {
                "delta": 36137,
                "node": "25",
                "reporter": "16"
            },
            {
                "delta": 36137,
                "node": "9",
                "reporter": "16"
            },
            {
                "delta": 36193,
                "node": "26",
                "reporter": "14"
            },
            {
                "delta": 36193,
                "node": "17",
                "reporter": "14"
            },
            {
                "delta": 36193,
                "node": "30",
                "reporter": "14"
            },
            {
                "delta": 36193,
                "node": "7",
                "reporter": "14"
            },
            {
                "delta": 36193,
                "node": "13",
                "reporter": "14"
            },
            {
                "delta": 36193,
                "node": "21",
                "reporter": "14"
            },
            {
                "delta": 36193,
                "node": "27",
                "reporter": "14"
            },
            {
                "delta": 36193,
                "node": "28",
                "reporter": "14"
            },
            {
                "delta": 36193,
                "node": "11",
                "reporter": "14"
            },
            {
                "delta": 36193,
                "node": "9",
                "reporter": "14"
            },
            {
                "delta": 36236,
                "node": "14",
                "reporter": "12"
            },
            {
                "delta": 36236,
                "node": "22",
                "reporter": "12"
            },
            {
                "delta": 36236,
                "node": "10",
                "reporter": "12"
            },
            {
                "delta": 36337,
                "node": "6",
                "reporter": "18"
            },
            {
                "delta": 36337,
                "node": "23",
                "reporter": "18"
            },
            {
                "delta": 36337,
                "node": "24",
                "reporter": "18"
            },
            {
                "delta": 36337,
                "node": "2",
                "reporter": "18"
            },
            {
                "delta": 36337,
                "node": "20",
                "reporter": "18"
            },
            {
                "delta": 36338,
                "node": "12",
                "reporter": "18"
            },
            {
                "delta": 36338,
                "node": "14",
                "reporter": "18"
            },
            {
                "delta": 36338,
                "node": "17",
                "reporter": "18"
            },
            {
                "delta": 36338,
                "node": "30",
                "reporter": "18"
            },
            {
                "delta": 36338,
                "node": "7",
                "reporter": "18"
            },
            {
                "delta": 36365,
                "node": "8",
                "reporter": "22"
            },
            {
                "delta": 36365,
                "node": "1",
                "reporter": "22"
            },
            {
                "delta": 36365,
                "node": "29",
                "reporter": "22"
            },
            {
                "delta": 36366,
                "node": "15",
                "reporter": "22"
            },
            {
                "delta": 36366,
                "node": "3",
                "reporter": "22"
            },
            {
                "delta": 36366,
                "node": "11",
                "reporter": "22"
            },
            {
                "delta": 36485,
                "node": "22",
                "reporter": "18"
            },
            {
                "delta": 36485,
                "node": "13",
                "reporter": "18"
            },
            {
                "delta": 36485,
                "node": "27",
                "reporter": "18"
            },
            {
                "delta": 36485,
                "node": "21",
                "reporter": "18"
            },
            {
                "delta": 36485,
                "node": "28",
                "reporter": "18"
            },
            {
                "delta": 36485,
                "node": "9",
                "reporter": "18"
            },
            {
                "delta": 36525,
                "node": "4",
                "reporter": "29"
            },
            {
                "delta": 36525,
                "node": "12",
                "reporter": "29"
            },
            {
                "delta": 36525,
                "node": "14",
                "reporter": "29"
            },
            {
                "delta": 36535,
                "node": "6",
                "reporter": "29"
            },
            {
                "delta": 36535,
                "node": "23",
                "reporter": "29"
            },
            {
                "delta": 36535,
                "node": "24",
                "reporter": "29"
            },
            {
                "delta": 36535,
                "node": "2",
                "reporter": "29"
            },
            {
                "delta": 36535,
                "node": "20",
                "reporter": "29"
            },
            {
                "delta": 36536,
                "node": "17",
                "reporter": "29"
            },
            {
                "delta": 36536,
                "node": "7",
                "reporter": "29"
            },
            {
                "delta": 36612,
                "node": "8",
                "reporter": "4"
            },
            {
                "delta": 36613,
                "node": "18",
                "reporter": "4"
            },
            {
                "delta": 36613,
                "node": "12",
                "reporter": "4"
            },
            {
                "delta": 36613,
                "node": "14",
                "reporter": "4"
            },
            {
                "delta": 36613,
                "node": "29",
                "reporter": "4"
            },
            {
                "delta": 36613,
                "node": "22",
                "reporter": "4"
            },
            {
                "delta": 36613,
                "node": "3",
                "reporter": "4"
            },
            {
                "delta": 36613,
                "node": "25",
                "reporter": "4"
            },
            {
                "delta": 36614,
                "node": "5",
                "reporter": "4"
            },
            {
                "delta": 36669,
                "node": "6",
                "reporter": "8"
            },
            {
                "delta": 36670,
                "node": "23",
                "reporter": "8"
            },
            {
                "delta": 36670,
                "node": "2",
                "reporter": "8"
            },
            {
                "delta": 36670,
                "node": "20",
                "reporter": "8"
            },
            {
                "delta": 36670,
                "node": "16",
                "reporter": "8"
            },
            {
                "delta": 36670,
                "node": "14",
                "reporter": "8"
            },
            {
                "delta": 36670,
                "node": "17",
                "reporter": "8"
            },
            {
                "delta": 36671,
                "node": "30",
                "reporter": "8"
            },
            {
                "delta": 36671,
                "node": "7",
                "reporter": "8"
            },
            {
                "delta": 36671,
                "node": "13",
                "reporter": "8"
            },
            {
                "delta": 36746,
                "node": "27",
                "reporter": "8"
            },
            {
                "delta": 36746,
                "node": "21",
                "reporter": "8"
            },
            {
                "delta": 36746,
                "node": "28",
                "reporter": "8"
            },
            {
                "delta": 36746,
                "node": "10",
                "reporter": "8"
            },
            {
                "delta": 36746,
                "node": "3",
                "reporter": "8"
            },
            {
                "delta": 36746,
                "node": "25",
                "reporter": "8"
            },
            {
                "delta": 36746,
                "node": "9",
                "reporter": "8"
            },
            {
                "delta": 36746,
                "node": "5",
                "reporter": "8"
            },
            {
                "delta": 36761,
                "node": "13",
                "reporter": "29"
            },
            {
                "delta": 36761,
                "node": "27",
                "reporter": "29"
            },
            {
                "delta": 36761,
                "node": "21",
                "reporter": "29"
            },
            {
                "delta": 36761,
                "node": "28",
                "reporter": "29"
            },
            {
                "delta": 36761,
                "node": "9",
                "reporter": "29"
            },
            {
                "delta": 36761,
                "node": "22",
                "reporter": "29"
            },
            {
                "delta": 36856,
                "node": "12",
                "reporter": "14"
            },
            {
                "delta": 36856,
                "node": "22",
                "reporter": "14"
            },
            {
                "delta": 36890,
                "node": "6",
                "reporter": "22"
            },
            {
                "delta": 36890,
                "node": "23",
                "reporter": "22"
            },
            {
                "delta": 36890,
                "node": "24",
                "reporter": "22"
            },
            {
                "delta": 36890,
                "node": "4",
                "reporter": "22"
            },
            {
                "delta": 36890,
                "node": "20",
                "reporter": "22"
            },
            {
                "delta": 36890,
                "node": "2",
                "reporter": "22"
            },
            {
                "delta": 36890,
                "node": "12",
                "reporter": "22"
            },
            {
                "delta": 36890,
                "node": "16",
                "reporter": "22"
            },
            {
                "delta": 36890,
                "node": "17",
                "reporter": "22"
            },
            {
                "delta": 36890,
                "node": "7",
                "reporter": "22"
            },
            {
                "delta": 36890,
                "node": "13",
                "reporter": "22"
            },
            {
                "delta": 36890,
                "node": "21",
                "reporter": "22"
            },
            {
                "delta": 36890,
                "node": "27",
                "reporter": "22"
            },
            {
                "delta": 36890,
                "node": "28",
                "reporter": "22"
            },
            {
                "delta": 36890,
                "node": "25",
                "reporter": "22"
            },
            {
                "delta": 36890,
                "node": "9",
                "reporter": "22"
            },
            {
                "delta": 36890,
                "node": "5",
                "reporter": "22"
            },
            {
                "delta": 36896,
                "node": "6",
                "reporter": "12"
            },
            {
                "delta": 36896,
                "node": "17",
                "reporter": "12"
            },
            {
                "delta": 36896,
                "node": "13",
                "reporter": "12"
            },
            {
                "delta": 36898,
                "node": "21",
                "reporter": "12"
            },
            {
                "delta": 36898,
                "node": "24",
                "reporter": "12"
            },
            {
                "delta": 36898,
                "node": "28",
                "reporter": "12"
            },
            {
                "delta": 36898,
                "node": "20",
                "reporter": "12"
            },
            {
                "delta": 36899,
                "node": "3",
                "reporter": "12"
            },
            {
                "delta": 36899,
                "node": "25",
                "reporter": "12"
            },
            {
                "delta": 36899,
                "node": "9",
                "reporter": "12"
            },
            {
                "delta": 36921,
                "node": "25",
                "reporter": "5"
            },
            {
                "delta": 36995,
                "node": "18",
                "reporter": "22"
            },
            {
                "delta": 37039,
                "node": "5",
                "reporter": "12"
            },
            {
                "delta": 37419,
                "node": "18",
                "reporter": "8"
            },
            {
                "delta": 37419,
                "node": "29",
                "reporter": "8"
            },
            {
                "delta": 37419,
                "node": "22",
                "reporter": "8"
            },
            {
                "delta": 37509,
                "node": "4",
                "reporter": "8"
            },
            {
                "delta": 37545,
                "node": "3",
                "reporter": "14"
            },
            {
                "delta": 37547,
                "node": "25",
                "reporter": "14"
            },
            {
                "delta": 37547,
                "node": "5",
                "reporter": "14"
            },
            {
                "delta": 37680,
                "node": "3",
                "reporter": "25"
            },
            {
                "delta": 37680,
                "node": "14",
                "reporter": "25"
            },
            {
                "delta": 37680,
                "node": "5",
                "reporter": "25"
            },
            {
                "delta": 37731,
                "node": "18",
                "reporter": "5"
            },
            {
                "delta": 37731,
                "node": "29",
                "reporter": "5"
            },
            {
                "delta": 37796,
                "node": "4",
                "reporter": "14"
            },
            {
                "delta": 37796,
                "node": "16",
                "reporter": "14"
            },
            {
                "delta": 37849,
                "node": "22",
                "reporter": "25"
            },
            {
                "delta": 37849,
                "node": "18",
                "reporter": "25"
            },
            {
                "delta": 37849,
                "node": "16",
                "reporter": "25"
            },
            {
                "delta": 37850,
                "node": "29",
                "reporter": "25"
            },
            {
                "delta": 37929,
                "node": "4",
                "reporter": "25"
            },
            {
                "delta": 38055,
                "node": "18",
                "reporter": "29"
            },
            {
                "delta": 38055,
                "node": "25",
                "reporter": "29"
            },
            {
                "delta": 38056,
                "node": "4",
                "reporter": "16"
            },
            {
                "delta": 38056,
                "node": "18",
                "reporter": "16"
            },
            {
                "delta": 38056,
                "node": "14",
                "reporter": "16"
            },
            {
                "delta": 38056,
                "node": "22",
                "reporter": "16"
            },
            {
                "delta": 38057,
                "node": "5",
                "reporter": "16"
            },
            {
                "delta": 38110,
                "node": "12",
                "reporter": "25"
            },
            {
                "delta": 38227,
                "node": "25",
                "reporter": "18"
            },
            {
                "delta": 39277,
                "node": "5",
                "reporter": "18"
            }
        ]
    }
}