
{
    "id": "00404",
    "seed": 42,
    "repetition": 0,
    "settings": {
        "simulate_catastrophe": true,
        "number_of_nodes": 30,
        "duration": 120000,
        "gossip_delta": 200,
        "failure_delta": 1400,
        "miss_delta": 1400,
        "push_pull": false,
        "pick_strategy": 2,
        "enable_multicast": true,
        "multicast_parameter": 1.0,
        "multicast_max_wait": 2800,
        "expected_first_multicast": 466
    },
    "result": {
        "start_time": 1500765799397,
        "end_time": 1500765919407,
        "expected_crashes": [
            {
                "delta": 31130,
                "node": "27"
            },
            {
                "delta": 31130,
                "node": "13"
            },
            {
                "delta": 31130,
                "node": "10"
            },
            {
                "delta": 31130,
                "node": "21"
            },
            {
                "delta": 31130,
                "node": "30"
            },
            {
                "delta": 31130,
                "node": "3"
            },
            {
                "delta": 31130,
                "node": "28"
            },
            {
                "delta": 31130,
                "node": "6"
            },
            {
                "delta": 31130,
                "node": "24"
            },
            {
                "delta": 31130,
                "node": "9"
            },
            {
                "delta": 31130,
                "node": "19"
            },
            {
                "delta": 31130,
                "node": "7"
            },
            {
                "delta": 31130,
                "node": "23"
            },
            {
                "delta": 31130,
                "node": "26"
            },
            {
                "delta": 31130,
                "node": "15"
            },
            {
                "delta": 31130,
                "node": "2"
            },
            {
                "delta": 31130,
                "node": "17"
            },
            {
                "delta": 31130,
                "node": "1"
            },
            {
                "delta": 31130,
                "node": "20"
            },
            {
                "delta": 31130,
                "node": "11"
            }
        ],
        "reported_crashes": [
            {
                "delta": 22091,
                "node": "1",
                "reporter": "4"
            },
            {
                "delta": 22169,
                "node": "1",
                "reporter": "3"
            },
            {
                "delta": 22264,
                "node": "1",
                "reporter": "6"
            },
            {
                "delta": 22350,
                "node": "1",
                "reporter": "2"
            },
            {
                "delta": 22526,
                "node": "1",
                "reporter": "18"
            },
            {
                "delta": 22554,
                "node": "1",
                "reporter": "15"
            },
            {
                "delta": 22582,
                "node": "1",
                "reporter": "21"
            },
            {
                "delta": 22608,
                "node": "1",
                "reporter": "8"
            },
            {
                "delta": 22655,
                "node": "1",
                "reporter": "12"
            },
            {
                "delta": 22679,
                "node": "1",
                "reporter": "26"
            },
            {
                "delta": 22687,
                "node": "1",
                "reporter": "20"
            },
            {
                "delta": 22694,
                "node": "1",
                "reporter": "14"
            },
            {
                "delta": 22705,
                "node": "1",
                "reporter": "16"
            },
            {
                "delta": 22712,
                "node": "1",
                "reporter": "10"
            },
            {
                "delta": 22800,
                "node": "1",
                "reporter": "11"
            },
            {
                "delta": 22811,
                "node": "1",
                "reporter": "5"
            },
            {
                "delta": 22832,
                "node": "1",
                "reporter": "30"
            },
            {
                "delta": 22989,
                "node": "1",
                "reporter": "25"
            },
            {
                "delta": 23010,
                "node": "1",
                "reporter": "17"
            },
            {
                "delta": 23027,
                "node": "1",
                "reporter": "13"
            },
            {
                "delta": 23044,
                "node": "24",
                "reporter": "19"
            },
            {
                "delta": 23090,
                "node": "1",
                "reporter": "28"
            },
            {
                "delta": 23184,
                "node": "1",
                "reporter": "29"
            },
            {
                "delta": 23309,
                "node": "1",
                "reporter": "27"
            },
            {
                "delta": 23353,
                "node": "1",
                "reporter": "22"
            },
            {
                "delta": 23388,
                "node": "24",
                "reporter": "8"
            },
            {
                "delta": 23423,
                "node": "1",
                "reporter": "19"
            },
            {
                "delta": 23590,
                "node": "1",
                "reporter": "23"
            },
            {
                "delta": 23590,
                "node": "1",
                "reporter": "9"
            },
            {
                "delta": 23595,
                "node": "1",
                "reporter": "7"
            },
            {
                "delta": 23724,
                "node": "24",
                "reporter": "15"
            },
            {
                "delta": 23729,
                "node": "1",
                "reporter": "24"
            },
            {
                "delta": 23744,
                "node": "24",
                "reporter": "22"
            },
            {
                "delta": 23746,
                "node": "24",
                "reporter": "20"
            },
            {
                "delta": 23823,
                "node": "24",
                "reporter": "6"
            },
            {
                "delta": 23900,
                "node": "24",
                "reporter": "1"
            },
            {
                "delta": 24009,
                "node": "24",
                "reporter": "26"
            },
            {
                "delta": 24009,
                "node": "24",
                "reporter": "27"
            },
            {
                "delta": 24040,
                "node": "24",
                "reporter": "9"
            },
            {
                "delta": 24091,
                "node": "24",
                "reporter": "4"
            },
            {
                "delta": 24152,
                "node": "24",
                "reporter": "30"
            },
            {
                "delta": 24155,
                "node": "24",
                "reporter": "16"
            },
            {
                "delta": 24160,
                "node": "25",
                "reporter": "1"
            },
            {
                "delta": 24215,
                "node": "24",
                "reporter": "7"
            },
            {
                "delta": 24220,
                "node": "24",
                "reporter": "23"
            },
            {
                "delta": 24241,
                "node": "24",
                "reporter": "21"
            },
            {
                "delta": 24278,
                "node": "24",
                "reporter": "25"
            },
            {
                "delta": 24361,
                "node": "24",
                "reporter": "11"
            },
            {
                "delta": 24390,
                "node": "27",
                "reporter": "1"
            },
            {
                "delta": 24410,
                "node": "6",
                "reporter": "1"
            },
            {
                "delta": 24429,
                "node": "24",
                "reporter": "3"
            },
            {
                "delta": 24435,
                "node": "24",
                "reporter": "12"
            },
            {
                "delta": 24499,
                "node": "24",
                "reporter": "2"
            },
            {
                "delta": 24510,
                "node": "30",
                "reporter": "1"
            },
            {
                "delta": 24510,
                "node": "22",
                "reporter": "1"
            },
            {
                "delta": 24521,
                "node": "24",
                "reporter": "28"
            },
            {
                "delta": 24524,
                "node": "24",
                "reporter": "14"
            },
            {
                "delta": 24557,
                "node": "24",
                "reporter": "13"
            },
            {
                "delta": 24574,
                "node": "24",
                "reporter": "29"
            },
            {
                "delta": 24680,
                "node": "24",
                "reporter": "5"
            },
            {
                "delta": 24736,
                "node": "24",
                "reporter": "18"
            },
            {
                "delta": 24750,
                "node": "24",
                "reporter": "17"
            },
            {
                "delta": 24792,
                "node": "24",
                "reporter": "10"
            },
            {
                "delta": 25000,
                "node": "19",
                "reporter": "1"
            },
            {
                "delta": 25000,
                "node": "8",
                "reporter": "1"
            },
            {
                "delta": 25001,
                "node": "23",
                "reporter": "1"
            },
            {
                "delta": 25001,
                "node": "18",
                "reporter": "1"
            },
            {
                "delta": 25001,
                "node": "2",
                "reporter": "1"
            },
            {
                "delta": 25001,
                "node": "20",
                "reporter": "1"
            },
            {
                "delta": 25001,
                "node": "16",
                "reporter": "1"
            },
            {
                "delta": 25001,
                "node": "29",
                "reporter": "1"
            },
            {
                "delta": 25002,
                "node": "14",
                "reporter": "1"
            },
            {
                "delta": 25002,
                "node": "15",
                "reporter": "1"
            },
            {
                "delta": 25147,
                "node": "26",
                "reporter": "1"
            },
            {
                "delta": 25147,
                "node": "17",
                "reporter": "1"
            },
            {
                "delta": 25147,
                "node": "21",
                "reporter": "1"
            },
            {
                "delta": 25148,
                "node": "28",
                "reporter": "1"
            },
            {
                "delta": 25148,
                "node": "10",
                "reporter": "1"
            },
            {
                "delta": 25148,
                "node": "9",
                "reporter": "1"
            },
            {
                "delta": 25148,
                "node": "5",
                "reporter": "1"
            },
            {
                "delta": 25148,
                "node": "4",
                "reporter": "1"
            },
            {
                "delta": 25148,
                "node": "12",
                "reporter": "1"
            },
            {
                "delta": 25148,
                "node": "7",
                "reporter": "1"
            },
            {
                "delta": 25148,
                "node": "13",
                "reporter": "1"
            },
            {
                "delta": 25148,
                "node": "3",
                "reporter": "1"
            },
            {
                "delta": 25148,
                "node": "11",
                "reporter": "1"
            },
            {
                "delta": 25179,
                "node": "22",
                "reporter": "24"
            },
            {
                "delta": 25279,
                "node": "18",
                "reporter": "24"
            },
            {
                "delta": 25279,
                "node": "29",
                "reporter": "24"
            },
            {
                "delta": 25499,
                "node": "13",
                "reporter": "24"
            },
            {
                "delta": 25500,
                "node": "5",
                "reporter": "24"
            },
            {
                "delta": 25519,
                "node": "4",
                "reporter": "24"
            },
            {
                "delta": 25519,
                "node": "10",
                "reporter": "24"
            },
            {
                "delta": 25539,
                "node": "12",
                "reporter": "24"
            },
            {
                "delta": 25539,
                "node": "7",
                "reporter": "24"
            },
            {
                "delta": 25539,
                "node": "27",
                "reporter": "24"
            },
            {
                "delta": 25539,
                "node": "21",
                "reporter": "24"
            },
            {
                "delta": 25539,
                "node": "25",
                "reporter": "24"
            },
            {
                "delta": 25614,
                "node": "19",
                "reporter": "24"
            },
            {
                "delta": 25614,
                "node": "8",
                "reporter": "24"
            },
            {
                "delta": 25614,
                "node": "15",
                "reporter": "24"
            },
            {
                "delta": 25614,
                "node": "26",
                "reporter": "24"
            },
            {
                "delta": 25615,
                "node": "30",
                "reporter": "24"
            },
            {
                "delta": 25615,
                "node": "3",
                "reporter": "24"
            },
            {
                "delta": 25615,
                "node": "9",
                "reporter": "24"
            },
            {
                "delta": 25719,
                "node": "16",
                "reporter": "24"
            },
            {
                "delta": 25831,
                "node": "6",
                "reporter": "24"
            },
            {
                "delta": 25832,
                "node": "23",
                "reporter": "24"
            },
            {
                "delta": 25832,
                "node": "2",
                "reporter": "24"
            },
            {
                "delta": 25832,
                "node": "20",
                "reporter": "24"
            },
            {
                "delta": 25832,
                "node": "14",
                "reporter": "24"
            },
            {
                "delta": 25832,
                "node": "17",
                "reporter": "24"
            },
            {
                "delta": 25832,
                "node": "28",
                "reporter": "24"
            },
            {
                "delta": 25832,
                "node": "11",
                "reporter": "24"
            },
            {
                "delta": 27816,
                "node": "2",
                "reporter": "18"
            },
            {
                "delta": 28145,
                "node": "2",
                "reporter": "12"
            },
            {
                "delta": 28270,
                "node": "2",
                "reporter": "5"
            },
            {
                "delta": 28364,
                "node": "2",
                "reporter": "19"
            },
            {
                "delta": 28399,
                "node": "2",
                "reporter": "3"
            },
            {
                "delta": 28435,
                "node": "2",
                "reporter": "16"
            },
            {
                "delta": 28530,
                "node": "2",
                "reporter": "27"
            },
            {
                "delta": 28585,
                "node": "2",
                "reporter": "29"
            },
            {
                "delta": 28594,
                "node": "2",
                "reporter": "14"
            },
            {
                "delta": 28637,
                "node": "2",
                "reporter": "20"
            },
            {
                "delta": 28641,
                "node": "2",
                "reporter": "11"
            },
            {
                "delta": 28642,
                "node": "2",
                "reporter": "10"
            },
            {
                "delta": 28657,
                "node": "2",
                "reporter": "13"
            },
            {
                "delta": 28660,
                "node": "2",
                "reporter": "23"
            },
            {
                "delta": 28681,
                "node": "2",
                "reporter": "17"
            },
            {
                "delta": 28721,
                "node": "2",
                "reporter": "28"
            },
            {
                "delta": 28735,
                "node": "2",
                "reporter": "7"
            },
            {
                "delta": 28840,
                "node": "2",
                "reporter": "9"
            },
            {
                "delta": 28917,
                "node": "2",
                "reporter": "8"
            },
            {
                "delta": 28948,
                "node": "2",
                "reporter": "26"
            },
            {
                "delta": 28981,
                "node": "2",
                "reporter": "21"
            },
            {
                "delta": 28991,
                "node": "2",
                "reporter": "4"
            },
            {
                "delta": 29088,
                "node": "2",
                "reporter": "25"
            },
            {
                "delta": 29093,
                "node": "2",
                "reporter": "22"
            },
            {
                "delta": 29162,
                "node": "2",
                "reporter": "30"
            },
            {
                "delta": 29193,
                "node": "2",
                "reporter": "6"
            },
            {
                "delta": 29214,
                "node": "2",
                "reporter": "15"
            },
            {
                "delta": 29540,
                "node": "3",
                "reporter": "2"
            },
            {
                "delta": 29690,
                "node": "19",
                "reporter": "2"
            },
            {
                "delta": 29690,
                "node": "18",
                "reporter": "2"
            },
            {
                "delta": 29690,
                "node": "13",
                "reporter": "2"
            },
            {
                "delta": 29889,
                "node": "17",
                "reporter": "2"
            },
            {
                "delta": 29949,
                "node": "4",
                "reporter": "2"
            },
            {
                "delta": 29950,
                "node": "10",
                "reporter": "2"
            },
            {
                "delta": 29950,
                "node": "25",
                "reporter": "2"
            },
            {
                "delta": 29959,
                "node": "6",
                "reporter": "2"
            },
            {
                "delta": 29959,
                "node": "12",
                "reporter": "2"
            },
            {
                "delta": 29959,
                "node": "30",
                "reporter": "2"
            },
            {
                "delta": 29960,
                "node": "22",
                "reporter": "2"
            },
            {
                "delta": 30139,
                "node": "29",
                "reporter": "2"
            },
            {
                "delta": 30140,
                "node": "15",
                "reporter": "2"
            },
            {
                "delta": 30140,
                "node": "26",
                "reporter": "2"
            },
            {
                "delta": 30140,
                "node": "7",
                "reporter": "2"
            },
            {
                "delta": 30140,
                "node": "27",
                "reporter": "2"
            },
            {
                "delta": 30140,
                "node": "9",
                "reporter": "2"
            },
            {
                "delta": 30219,
                "node": "8",
                "reporter": "2"
            },
            {
                "delta": 30219,
                "node": "23",
                "reporter": "2"
            },
            {
                "delta": 30220,
                "node": "20",
                "reporter": "2"
            },
            {
                "delta": 30220,
                "node": "16",
                "reporter": "2"
            },
            {
                "delta": 30220,
                "node": "14",
                "reporter": "2"
            },
            {
                "delta": 30220,
                "node": "21",
                "reporter": "2"
            },
            {
                "delta": 30220,
                "node": "28",
                "reporter": "2"
            },
            {
                "delta": 30220,
                "node": "11",
                "reporter": "2"
            },
            {
                "delta": 30220,
                "node": "5",
                "reporter": "2"
            },
            {
                "delta": 32671,
                "node": "3",
                "reporter": "4"
            },
            {
                "delta": 32766,
                "node": "30",
                "reporter": "18"
            },
            {
                "delta": 33020,
                "node": "30",
                "reporter": "5"
            },
            {
                "delta": 33118,
                "node": "30",
                "reporter": "8"
            },
            {
                "delta": 33161,
                "node": "19",
                "reporter": "4"
            },
            {
                "delta": 33161,
                "node": "28",
                "reporter": "4"
            },
            {
                "delta": 33259,
                "node": "30",
                "reporter": "25"
            },
            {
                "delta": 33275,
                "node": "30",
                "reporter": "16"
            },
            {
                "delta": 33302,
                "node": "30",
                "reporter": "4"
            },
            {
                "delta": 33302,
                "node": "27",
                "reporter": "4"
            },
            {
                "delta": 33304,
                "node": "30",
                "reporter": "22"
            },
            {
                "delta": 33331,
                "node": "20",
                "reporter": "4"
            },
            {
                "delta": 33331,
                "node": "11",
                "reporter": "4"
            },
            {
                "delta": 33475,
                "node": "30",
                "reporter": "12"
            },
            {
                "delta": 33475,
                "node": "22",
                "reporter": "12"
            },
            {
                "delta": 33544,
                "node": "17",
                "reporter": "22"
            },
            {
                "delta": 33544,
                "node": "11",
                "reporter": "22"
            },
            {
                "delta": 33544,
                "node": "26",
                "reporter": "22"
            },
            {
                "delta": 33548,
                "node": "10",
                "reporter": "25"
            },
            {
                "delta": 33564,
                "node": "30",
                "reporter": "14"
            },
            {
                "delta": 33564,
                "node": "28",
                "reporter": "14"
            },
            {
                "delta": 33798,
                "node": "20",
                "reporter": "25"
            },
            {
                "delta": 33798,
                "node": "17",
                "reporter": "25"
            },
            {
                "delta": 33798,
                "node": "3",
                "reporter": "25"
            },
            {
                "delta": 33804,
                "node": "30",
                "reporter": "29"
            },
            {
                "delta": 33808,
                "node": "26",
                "reporter": "25"
            },
            {
                "delta": 33814,
                "node": "23",
                "reporter": "12"
            },
            {
                "delta": 33815,
                "node": "26",
                "reporter": "12"
            },
            {
                "delta": 33815,
                "node": "10",
                "reporter": "12"
            },
            {
                "delta": 33815,
                "node": "25",
                "reporter": "12"
            },
            {
                "delta": 33815,
                "node": "9",
                "reporter": "12"
            },
            {
                "delta": 33888,
                "node": "11",
                "reporter": "25"
            },
            {
                "delta": 33950,
                "node": "8",
                "reporter": "5"
            },
            {
                "delta": 33968,
                "node": "6",
                "reporter": "8"
            },
            {
                "delta": 33968,
                "node": "20",
                "reporter": "8"
            },
            {
                "delta": 33968,
                "node": "26",
                "reporter": "8"
            },
            {
                "delta": 33968,
                "node": "17",
                "reporter": "8"
            },
            {
                "delta": 33968,
                "node": "7",
                "reporter": "8"
            },
            {
                "delta": 33968,
                "node": "3",
                "reporter": "8"
            },
            {
                "delta": 33968,
                "node": "10",
                "reporter": "8"
            },
            {
                "delta": 33969,
                "node": "11",
                "reporter": "8"
            },
            {
                "delta": 33984,
                "node": "21",
                "reporter": "14"
            },
            {
                "delta": 34010,
                "node": "17",
                "reporter": "5"
            },
            {
                "delta": 34011,
                "node": "22",
                "reporter": "5"
            },
            {
                "delta": 34011,
                "node": "27",
                "reporter": "5"
            },
            {
                "delta": 34011,
                "node": "28",
                "reporter": "5"
            },
            {
                "delta": 34011,
                "node": "25",
                "reporter": "5"
            },
            {
                "delta": 34031,
                "node": "7",
                "reporter": "4"
            },
            {
                "delta": 34038,
                "node": "4",
                "reporter": "8"
            },
            {
                "delta": 34038,
                "node": "12",
                "reporter": "8"
            },
            {
                "delta": 34043,
                "node": "15",
                "reporter": "8"
            },
            {
                "delta": 34085,
                "node": "6",
                "reporter": "14"
            },
            {
                "delta": 34104,
                "node": "21",
                "reporter": "29"
            },
            {
                "delta": 34105,
                "node": "19",
                "reporter": "16"
            },
            {
                "delta": 34106,
                "node": "9",
                "reporter": "22"
            },
            {
                "delta": 34120,
                "node": "13",
                "reporter": "5"
            },
            {
                "delta": 34130,
                "node": "20",
                "reporter": "5"
            },
            {
                "delta": 34130,
                "node": "26",
                "reporter": "5"
            },
            {
                "delta": 34130,
                "node": "10",
                "reporter": "5"
            },
            {
                "delta": 34132,
                "node": "11",
                "reporter": "5"
            },
            {
                "delta": 34132,
                "node": "9",
                "reporter": "5"
            },
            {
                "delta": 34144,
                "node": "13",
                "reporter": "22"
            },
            {
                "delta": 34144,
                "node": "27",
                "reporter": "22"
            },
            {
                "delta": 34144,
                "node": "28",
                "reporter": "22"
            },
            {
                "delta": 34150,
                "node": "3",
                "reporter": "5"
            },
            {
                "delta": 34265,
                "node": "20",
                "reporter": "16"
            },
            {
                "delta": 34265,
                "node": "12",
                "reporter": "16"
            },
            {
                "delta": 34265,
                "node": "15",
                "reporter": "16"
            },
            {
                "delta": 34265,
                "node": "17",
                "reporter": "16"
            },
            {
                "delta": 34266,
                "node": "7",
                "reporter": "16"
            },
            {
                "delta": 34266,
                "node": "11",
                "reporter": "16"
            },
            {
                "delta": 34266,
                "node": "10",
                "reporter": "16"
            },
            {
                "delta": 34320,
                "node": "23",
                "reporter": "5"
            },
            {
                "delta": 34320,
                "node": "12",
                "reporter": "5"
            },
            {
                "delta": 34321,
                "node": "15",
                "reporter": "5"
            },
            {
                "delta": 34325,
                "node": "25",
                "reporter": "16"
            },
            {
                "delta": 34385,
                "node": "19",
                "reporter": "29"
            },
            {
                "delta": 34438,
                "node": "19",
                "reporter": "8"
            },
            {
                "delta": 34440,
                "node": "16",
                "reporter": "8"
            },
            {
                "delta": 34440,
                "node": "25",
                "reporter": "8"
            },
            {
                "delta": 34676,
                "node": "20",
                "reporter": "18"
            },
            {
                "delta": 34677,
                "node": "17",
                "reporter": "18"
            },
            {
                "delta": 34677,
                "node": "11",
                "reporter": "18"
            },
            {
                "delta": 34677,
                "node": "10",
                "reporter": "18"
            },
            {
                "delta": 34678,
                "node": "6",
                "reporter": "25"
            },
            {
                "delta": 34678,
                "node": "21",
                "reporter": "25"
            },
            {
                "delta": 34679,
                "node": "28",
                "reporter": "25"
            },
            {
                "delta": 34744,
                "node": "19",
                "reporter": "14"
            },
            {
                "delta": 34889,
                "node": "19",
                "reporter": "25"
            },
            {
                "delta": 34889,
                "node": "18",
                "reporter": "25"
            },
            {
                "delta": 34889,
                "node": "14",
                "reporter": "25"
            },
            {
                "delta": 34944,
                "node": "23",
                "reporter": "29"
            },
            {
                "delta": 34944,
                "node": "26",
                "reporter": "29"
            },
            {
                "delta": 34944,
                "node": "17",
                "reporter": "29"
            },
            {
                "delta": 34945,
                "node": "13",
                "reporter": "29"
            },
            {
                "delta": 34945,
                "node": "27",
                "reporter": "29"
            },
            {
                "delta": 34945,
                "node": "28",
                "reporter": "29"
            },
            {
                "delta": 34945,
                "node": "3",
                "reporter": "29"
            },
            {
                "delta": 34981,
                "node": "7",
                "reporter": "5"
            },
            {
                "delta": 34985,
                "node": "23",
                "reporter": "16"
            },
            {
                "delta": 34985,
                "node": "4",
                "reporter": "16"
            },
            {
                "delta": 34986,
                "node": "26",
                "reporter": "16"
            },
            {
                "delta": 34986,
                "node": "13",
                "reporter": "16"
            },
            {
                "delta": 34986,
                "node": "27",
                "reporter": "16"
            },
            {
                "delta": 34986,
                "node": "28",
                "reporter": "16"
            },
            {
                "delta": 34986,
                "node": "3",
                "reporter": "16"
            },
            {
                "delta": 34986,
                "node": "5",
                "reporter": "16"
            },
            {
                "delta": 34991,
                "node": "12",
                "reporter": "4"
            },
            {
                "delta": 34991,
                "node": "10",
                "reporter": "4"
            },
            {
                "delta": 35044,
                "node": "9",
                "reporter": "29"
            },
            {
                "delta": 35064,
                "node": "20",
                "reporter": "29"
            },
            {
                "delta": 35064,
                "node": "15",
                "reporter": "29"
            },
            {
                "delta": 35194,
                "node": "10",
                "reporter": "29"
            },
            {
                "delta": 35194,
                "node": "11",
                "reporter": "29"
            },
            {
                "delta": 35198,
                "node": "12",
                "reporter": "25"
            },
            {
                "delta": 35199,
                "node": "7",
                "reporter": "25"
            },
            {
                "delta": 35288,
                "node": "22",
                "reporter": "8"
            },
            {
                "delta": 35289,
                "node": "13",
                "reporter": "8"
            },
            {
                "delta": 35289,
                "node": "27",
                "reporter": "8"
            },
            {
                "delta": 35289,
                "node": "28",
                "reporter": "8"
            },
            {
                "delta": 35289,
                "node": "9",
                "reporter": "8"
            },
            {
                "delta": 35308,
                "node": "15",
                "reporter": "25"
            },
            {
                "delta": 35309,
                "node": "22",
                "reporter": "25"
            },
            {
                "delta": 35309,
                "node": "13",
                "reporter": "25"
            },
            {
                "delta": 35309,
                "node": "27",
                "reporter": "25"
            },
            {
                "delta": 35309,
                "node": "9",
                "reporter": "25"
            },
            {
                "delta": 35516,
                "node": "6",
                "reporter": "18"
            },
            {
                "delta": 35517,
                "node": "19",
                "reporter": "18"
            },
            {
                "delta": 35517,
                "node": "12",
                "reporter": "18"
            },
            {
                "delta": 35517,
                "node": "15",
                "reporter": "18"
            },
            {
                "delta": 35517,
                "node": "7",
                "reporter": "18"
            },
            {
                "delta": 35517,
                "node": "22",
                "reporter": "18"
            },
            {
                "delta": 35517,
                "node": "13",
                "reporter": "18"
            },
            {
                "delta": 35517,
                "node": "21",
                "reporter": "18"
            },
            {
                "delta": 35517,
                "node": "27",
                "reporter": "18"
            },
            {
                "delta": 35518,
                "node": "28",
                "reporter": "18"
            },
            {
                "delta": 35524,
                "node": "18",
                "reporter": "16"
            },
            {
                "delta": 35525,
                "node": "29",
                "reporter": "16"
            },
            {
                "delta": 35527,
                "node": "22",
                "reporter": "16"
            },
            {
                "delta": 35527,
                "node": "9",
                "reporter": "16"
            },
            {
                "delta": 35620,
                "node": "6",
                "reporter": "5"
            },
            {
                "delta": 35620,
                "node": "19",
                "reporter": "5"
            },
            {
                "delta": 35620,
                "node": "21",
                "reporter": "5"
            },
            {
                "delta": 35664,
                "node": "25",
                "reporter": "18"
            },
            {
                "delta": 35664,
                "node": "9",
                "reporter": "18"
            },
            {
                "delta": 35675,
                "node": "7",
                "reporter": "12"
            },
            {
                "delta": 35715,
                "node": "6",
                "reporter": "12"
            },
            {
                "delta": 35715,
                "node": "19",
                "reporter": "12"
            },
            {
                "delta": 35716,
                "node": "21",
                "reporter": "12"
            },
            {
                "delta": 35716,
                "node": "28",
                "reporter": "12"
            },
            {
                "delta": 35834,
                "node": "12",
                "reporter": "22"
            },
            {
                "delta": 35834,
                "node": "7",
                "reporter": "22"
            },
            {
                "delta": 35834,
                "node": "10",
                "reporter": "22"
            },
            {
                "delta": 35904,
                "node": "22",
                "reporter": "29"
            },
            {
                "delta": 36235,
                "node": "8",
                "reporter": "14"
            },
            {
                "delta": 36235,
                "node": "20",
                "reporter": "14"
            },
            {
                "delta": 36235,
                "node": "15",
                "reporter": "14"
            },
            {
                "delta": 36235,
                "node": "17",
                "reporter": "14"
            },
            {
                "delta": 36235,
                "node": "22",
                "reporter": "14"
            },
            {
                "delta": 36235,
                "node": "13",
                "reporter": "14"
            },
            {
                "delta": 36236,
                "node": "27",
                "reporter": "14"
            },
            {
                "delta": 36236,
                "node": "11",
                "reporter": "14"
            },
            {
                "delta": 36236,
                "node": "10",
                "reporter": "14"
            },
            {
                "delta": 36236,
                "node": "9",
                "reporter": "14"
            },
            {
                "delta": 36321,
                "node": "17",
                "reporter": "4"
            },
            {
                "delta": 36322,
                "node": "22",
                "reporter": "4"
            },
            {
                "delta": 36322,
                "node": "23",
                "reporter": "4"
            },
            {
                "delta": 36322,
                "node": "13",
                "reporter": "4"
            },
            {
                "delta": 36322,
                "node": "29",
                "reporter": "4"
            },
            {
                "delta": 36322,
                "node": "9",
                "reporter": "4"
            },
            {
                "delta": 36322,
                "node": "15",
                "reporter": "4"
            },
            {
                "delta": 36322,
                "node": "26",
                "reporter": "4"
            },
            {
                "delta": 36355,
                "node": "6",
                "reporter": "16"
            },
            {
                "delta": 36356,
                "node": "21",
                "reporter": "16"
            },
            {
                "delta": 36416,
                "node": "23",
                "reporter": "18"
            },
            {
                "delta": 36416,
                "node": "26",
                "reporter": "18"
            },
            {
                "delta": 36416,
                "node": "3",
                "reporter": "18"
            },
            {
                "delta": 36534,
                "node": "7",
                "reporter": "14"
            },
            {
                "delta": 36535,
                "node": "23",
                "reporter": "14"
            },
            {
                "delta": 36535,
                "node": "3",
                "reporter": "14"
            },
            {
                "delta": 36535,
                "node": "8",
                "reporter": "29"
            },
            {
                "delta": 36535,
                "node": "26",
                "reporter": "14"
            },
            {
                "delta": 36553,
                "node": "12",
                "reporter": "14"
            },
            {
                "delta": 36591,
                "node": "6",
                "reporter": "4"
            },
            {
                "delta": 36591,
                "node": "21",
                "reporter": "4"
            },
            {
                "delta": 36591,
                "node": "25",
                "reporter": "4"
            },
            {
                "delta": 36635,
                "node": "19",
                "reporter": "22"
            },
            {
                "delta": 36635,
                "node": "8",
                "reporter": "22"
            },
            {
                "delta": 36635,
                "node": "23",
                "reporter": "22"
            },
            {
                "delta": 36635,
                "node": "20",
                "reporter": "22"
            },
            {
                "delta": 36635,
                "node": "3",
                "reporter": "22"
            },
            {
                "delta": 36635,
                "node": "15",
                "reporter": "22"
            },
            {
                "delta": 36744,
                "node": "5",
                "reporter": "14"
            },
            {
                "delta": 36904,
                "node": "6",
                "reporter": "22"
            },
            {
                "delta": 36904,
                "node": "21",
                "reporter": "22"
            },
            {
                "delta": 36904,
                "node": "14",
                "reporter": "22"
            },
            {
                "delta": 36905,
                "node": "5",
                "reporter": "22"
            },
            {
                "delta": 36964,
                "node": "16",
                "reporter": "22"
            },
            {
                "delta": 37045,
                "node": "6",
                "reporter": "29"
            },
            {
                "delta": 37045,
                "node": "7",
                "reporter": "29"
            },
            {
                "delta": 37045,
                "node": "4",
                "reporter": "29"
            },
            {
                "delta": 37045,
                "node": "12",
                "reporter": "29"
            },
            {
                "delta": 37045,
                "node": "25",
                "reporter": "29"
            },
            {
                "delta": 37264,
                "node": "18",
                "reporter": "22"
            },
            {
                "delta": 37264,
                "node": "25",
                "reporter": "22"
            },
            {
                "delta": 37264,
                "node": "29",
                "reporter": "22"
            },
            {
                "delta": 37290,
                "node": "4",
                "reporter": "5"
            },
            {
                "delta": 37478,
                "node": "23",
                "reporter": "8"
            },
            {
                "delta": 37478,
                "node": "29",
                "reporter": "8"
            },
            {
                "delta": 37478,
                "node": "14",
                "reporter": "8"
            },
            {
                "delta": 37478,
                "node": "5",
                "reporter": "8"
            },
            {
                "delta": 37527,
                "node": "21",
                "reporter": "8"
            },
            {
                "delta": 37528,
                "node": "18",
                "reporter": "8"
            },
            {
                "delta": 37724,
                "node": "4",
                "reporter": "22"
            },
            {
                "delta": 37815,
                "node": "17",
                "reporter": "12"
            },
            {
                "delta": 37816,
                "node": "8",
                "reporter": "12"
            },
            {
                "delta": 37816,
                "node": "13",
                "reporter": "12"
            },
            {
                "delta": 37816,
                "node": "27",
                "reporter": "12"
            },
            {
                "delta": 37816,
                "node": "20",
                "reporter": "12"
            },
            {
                "delta": 37816,
                "node": "18",
                "reporter": "12"
            },
            {
                "delta": 37816,
                "node": "4",
                "reporter": "12"
            },
            {
                "delta": 37816,
                "node": "11",
                "reporter": "12"
            },
            {
                "delta": 37817,
                "node": "3",
                "reporter": "12"
            },
            {
                "delta": 37817,
                "node": "16",
                "reporter": "12"
            },
            {
                "delta": 37879,
                "node": "8",
                "reporter": "25"
            },
            {
                "delta": 37879,
                "node": "23",
                "reporter": "25"
            },
            {
                "delta": 37884,
                "node": "16",
                "reporter": "14"
            },
            {
                "delta": 37929,
                "node": "4",
                "reporter": "25"
            },
            {
                "delta": 37958,
                "node": "29",
                "reporter": "12"
            },
            {
                "delta": 37958,
                "node": "14",
                "reporter": "12"
            },
            {
                "delta": 37958,
                "node": "15",
                "reporter": "12"
            },
            {
                "delta": 37959,
                "node": "5",
                "reporter": "12"
            },
            {
                "delta": 38024,
                "node": "18",
                "reporter": "14"
            },
            {
                "delta": 38166,
                "node": "16",
                "reporter": "18"
            },
            {
                "delta": 38166,
                "node": "5",
                "reporter": "18"
            },
            {
                "delta": 38335,
                "node": "18",
                "reporter": "29"
            },
            {
                "delta": 38335,
                "node": "16",
                "reporter": "29"
            },
            {
                "delta": 38335,
                "node": "5",
                "reporter": "29"
            },
            {
                "delta": 38515,
                "node": "8",
                "reporter": "16"
            },
            {
                "delta": 38771,
                "node": "8",
                "reporter": "4"
            },
            {
                "delta": 38771,
                "node": "18",
                "reporter": "4"
            },
            {
                "delta": 38771,
                "node": "16",
                "reporter": "4"
            },
            {
                "delta": 38771,
                "node": "5",
                "reporter": "4"
            },
            {
                "delta": 38786,
                "node": "4",
                "reporter": "18"
            },
            {
                "delta": 38787,
                "node": "8",
                "reporter": "18"
            },
            {
                "delta": 38787,
                "node": "29",
                "reporter": "18"
            },
            {
                "delta": 39051,
                "node": "18",
                "reporter": "5"
            },
            {
                "delta": 39053,
                "node": "16",
                "reporter": "5"
            },
            {
                "delta": 39053,
                "node": "14",
                "reporter": "5"
            },
            {
                "delta": 39053,
                "node": "29",
                "reporter": "5"
            },
            {
                "delta": 39154,
                "node": "4",
                "reporter": "14"
            },
            {
                "delta": 39155,
                "node": "25",
                "reporter": "14"
            },
            {
                "delta": 39215,
                "node": "14",
                "reporter": "18"
            },
            {
                "delta": 39297,
                "node": "14",
                "reporter": "16"
            },
            {
                "delta": 39509,
                "node": "16",
                "reporter": "25"
            },
            {
                "delta": 39509,
                "node": "5",
                "reporter": "25"
            },
            {
                "delta": 39574,
                "node": "29",
                "reporter": "14"
            },
            {
                "delta": 39718,
                "node": "29",
                "reporter": "25"
            },
            {
                "delta": 40661,
                "node": "14",
                "reporter": "4"
            },
            {
                "delta": 41064,
                "node": "14",
                "reporter": "29"
            }
        ]
    }
}