
{
    "id": "00406",
    "seed": 42,
    "repetition": 0,
    "settings": {
        "simulate_catastrophe": true,
        "number_of_nodes": 30,
        "duration": 120000,
        "gossip_delta": 200,
        "failure_delta": 1400,
        "miss_delta": 1400,
        "push_pull": true,
        "pick_strategy": 0,
        "enable_multicast": false,
        "multicast_parameter": null,
        "multicast_max_wait": null,
        "expected_first_multicast": null
    },
    "result": {
        "start_time": 1500766049456,
        "end_time": 1500766169466,
        "expected_crashes": [
            {
                "delta": 31130,
                "node": "27"
            },
            {
                "delta": 31130,
                "node": "13"
            },
            {
                "delta": 31130,
                "node": "10"
            },
            {
                "delta": 31130,
                "node": "21"
            },
            {
                "delta": 31130,
                "node": "30"
            },
            {
                "delta": 31130,
                "node": "3"
            },
            {
                "delta": 31130,
                "node": "28"
            },
            {
                "delta": 31130,
                "node": "6"
            },
            {
                "delta": 31130,
                "node": "24"
            },
            {
                "delta": 31130,
                "node": "9"
            },
            {
                "delta": 31130,
                "node": "19"
            },
            {
                "delta": 31130,
                "node": "7"
            },
            {
                "delta": 31130,
                "node": "23"
            },
            {
                "delta": 31130,
                "node": "26"
            },
            {
                "delta": 31130,
                "node": "15"
            },
            {
                "delta": 31130,
                "node": "2"
            },
            {
                "delta": 31130,
                "node": "17"
            },
            {
                "delta": 31130,
                "node": "1"
            },
            {
                "delta": 31130,
                "node": "20"
            },
            {
                "delta": 31130,
                "node": "11"
            }
        ],
        "reported_crashes": [
            {
                "delta": 1414,
                "node": "23",
                "reporter": "30"
            },
            {
                "delta": 1440,
                "node": "23",
                "reporter": "2"
            },
            {
                "delta": 1568,
                "node": "23",
                "reporter": "20"
            },
            {
                "delta": 31896,
                "node": "4",
                "reporter": "22"
            },
            {
                "delta": 31946,
                "node": "23",
                "reporter": "22"
            },
            {
                "delta": 32165,
                "node": "25",
                "reporter": "29"
            },
            {
                "delta": 32205,
                "node": "20",
                "reporter": "22"
            },
            {
                "delta": 32261,
                "node": "20",
                "reporter": "5"
            },
            {
                "delta": 32271,
                "node": "28",
                "reporter": "4"
            },
            {
                "delta": 32271,
                "node": "11",
                "reporter": "4"
            },
            {
                "delta": 32299,
                "node": "19",
                "reporter": "25"
            },
            {
                "delta": 32346,
                "node": "14",
                "reporter": "18"
            },
            {
                "delta": 32375,
                "node": "21",
                "reporter": "14"
            },
            {
                "delta": 32375,
                "node": "3",
                "reporter": "14"
            },
            {
                "delta": 32386,
                "node": "12",
                "reporter": "29"
            },
            {
                "delta": 32386,
                "node": "9",
                "reporter": "29"
            },
            {
                "delta": 32441,
                "node": "26",
                "reporter": "4"
            },
            {
                "delta": 32446,
                "node": "23",
                "reporter": "29"
            },
            {
                "delta": 32453,
                "node": "10",
                "reporter": "5"
            },
            {
                "delta": 32469,
                "node": "24",
                "reporter": "8"
            },
            {
                "delta": 32485,
                "node": "7",
                "reporter": "22"
            },
            {
                "delta": 32490,
                "node": "6",
                "reporter": "25"
            },
            {
                "delta": 32490,
                "node": "20",
                "reporter": "25"
            },
            {
                "delta": 32490,
                "node": "10",
                "reporter": "25"
            },
            {
                "delta": 32490,
                "node": "11",
                "reporter": "25"
            },
            {
                "delta": 32509,
                "node": "20",
                "reporter": "8"
            },
            {
                "delta": 32509,
                "node": "7",
                "reporter": "8"
            },
            {
                "delta": 32512,
                "node": "4",
                "reporter": "5"
            },
            {
                "delta": 32512,
                "node": "20",
                "reporter": "4"
            },
            {
                "delta": 32512,
                "node": "26",
                "reporter": "5"
            },
            {
                "delta": 32512,
                "node": "10",
                "reporter": "4"
            },
            {
                "delta": 32516,
                "node": "7",
                "reporter": "16"
            },
            {
                "delta": 32516,
                "node": "3",
                "reporter": "16"
            },
            {
                "delta": 32526,
                "node": "24",
                "reporter": "22"
            },
            {
                "delta": 32526,
                "node": "28",
                "reporter": "22"
            },
            {
                "delta": 32526,
                "node": "9",
                "reporter": "22"
            },
            {
                "delta": 32563,
                "node": "19",
                "reporter": "4"
            },
            {
                "delta": 32563,
                "node": "12",
                "reporter": "4"
            },
            {
                "delta": 32563,
                "node": "25",
                "reporter": "4"
            },
            {
                "delta": 32579,
                "node": "4",
                "reporter": "25"
            },
            {
                "delta": 32579,
                "node": "26",
                "reporter": "25"
            },
            {
                "delta": 32586,
                "node": "27",
                "reporter": "29"
            },
            {
                "delta": 32606,
                "node": "13",
                "reporter": "29"
            },
            {
                "delta": 32606,
                "node": "21",
                "reporter": "29"
            },
            {
                "delta": 32617,
                "node": "24",
                "reporter": "18"
            },
            {
                "delta": 32617,
                "node": "15",
                "reporter": "18"
            },
            {
                "delta": 32617,
                "node": "7",
                "reporter": "18"
            },
            {
                "delta": 32618,
                "node": "28",
                "reporter": "8"
            },
            {
                "delta": 32618,
                "node": "9",
                "reporter": "8"
            },
            {
                "delta": 32661,
                "node": "2",
                "reporter": "5"
            },
            {
                "delta": 32661,
                "node": "15",
                "reporter": "5"
            },
            {
                "delta": 32671,
                "node": "23",
                "reporter": "4"
            },
            {
                "delta": 32671,
                "node": "9",
                "reporter": "4"
            },
            {
                "delta": 32681,
                "node": "8",
                "reporter": "4"
            },
            {
                "delta": 32681,
                "node": "30",
                "reporter": "4"
            },
            {
                "delta": 32682,
                "node": "7",
                "reporter": "4"
            },
            {
                "delta": 32682,
                "node": "22",
                "reporter": "4"
            },
            {
                "delta": 32687,
                "node": "30",
                "reporter": "18"
            },
            {
                "delta": 32691,
                "node": "17",
                "reporter": "5"
            },
            {
                "delta": 32691,
                "node": "7",
                "reporter": "5"
            },
            {
                "delta": 32691,
                "node": "3",
                "reporter": "5"
            },
            {
                "delta": 32705,
                "node": "1",
                "reporter": "14"
            },
            {
                "delta": 32705,
                "node": "24",
                "reporter": "14"
            },
            {
                "delta": 32705,
                "node": "28",
                "reporter": "14"
            },
            {
                "delta": 32705,
                "node": "9",
                "reporter": "14"
            },
            {
                "delta": 32716,
                "node": "6",
                "reporter": "16"
            },
            {
                "delta": 32716,
                "node": "19",
                "reporter": "16"
            },
            {
                "delta": 32716,
                "node": "23",
                "reporter": "16"
            },
            {
                "delta": 32716,
                "node": "9",
                "reporter": "16"
            },
            {
                "delta": 32782,
                "node": "7",
                "reporter": "12"
            },
            {
                "delta": 32782,
                "node": "3",
                "reporter": "12"
            },
            {
                "delta": 32836,
                "node": "24",
                "reporter": "29"
            },
            {
                "delta": 32836,
                "node": "15",
                "reporter": "29"
            },
            {
                "delta": 32882,
                "node": "23",
                "reporter": "5"
            },
            {
                "delta": 32882,
                "node": "29",
                "reporter": "5"
            },
            {
                "delta": 32882,
                "node": "13",
                "reporter": "5"
            },
            {
                "delta": 32882,
                "node": "21",
                "reporter": "5"
            },
            {
                "delta": 32882,
                "node": "27",
                "reporter": "5"
            },
            {
                "delta": 32882,
                "node": "9",
                "reporter": "5"
            },
            {
                "delta": 32906,
                "node": "23",
                "reporter": "18"
            },
            {
                "delta": 32908,
                "node": "13",
                "reporter": "18"
            },
            {
                "delta": 32909,
                "node": "21",
                "reporter": "18"
            },
            {
                "delta": 32909,
                "node": "27",
                "reporter": "18"
            },
            {
                "delta": 32909,
                "node": "9",
                "reporter": "18"
            },
            {
                "delta": 32915,
                "node": "1",
                "reporter": "29"
            },
            {
                "delta": 32915,
                "node": "28",
                "reporter": "29"
            },
            {
                "delta": 32925,
                "node": "23",
                "reporter": "14"
            },
            {
                "delta": 32926,
                "node": "15",
                "reporter": "14"
            },
            {
                "delta": 32926,
                "node": "27",
                "reporter": "14"
            },
            {
                "delta": 32926,
                "node": "13",
                "reporter": "14"
            },
            {
                "delta": 32962,
                "node": "23",
                "reporter": "12"
            },
            {
                "delta": 32962,
                "node": "2",
                "reporter": "12"
            },
            {
                "delta": 32962,
                "node": "4",
                "reporter": "12"
            },
            {
                "delta": 32962,
                "node": "20",
                "reporter": "12"
            },
            {
                "delta": 32962,
                "node": "15",
                "reporter": "12"
            },
            {
                "delta": 32962,
                "node": "26",
                "reporter": "12"
            },
            {
                "delta": 32963,
                "node": "17",
                "reporter": "12"
            },
            {
                "delta": 32963,
                "node": "13",
                "reporter": "12"
            },
            {
                "delta": 32963,
                "node": "21",
                "reporter": "12"
            },
            {
                "delta": 32963,
                "node": "27",
                "reporter": "12"
            },
            {
                "delta": 33065,
                "node": "6",
                "reporter": "29"
            },
            {
                "delta": 33065,
                "node": "19",
                "reporter": "29"
            },
            {
                "delta": 33065,
                "node": "2",
                "reporter": "29"
            },
            {
                "delta": 33065,
                "node": "20",
                "reporter": "29"
            },
            {
                "delta": 33065,
                "node": "26",
                "reporter": "29"
            },
            {
                "delta": 33065,
                "node": "17",
                "reporter": "29"
            },
            {
                "delta": 33066,
                "node": "3",
                "reporter": "29"
            },
            {
                "delta": 33081,
                "node": "23",
                "reporter": "25"
            },
            {
                "delta": 33081,
                "node": "2",
                "reporter": "25"
            },
            {
                "delta": 33081,
                "node": "15",
                "reporter": "25"
            },
            {
                "delta": 33081,
                "node": "17",
                "reporter": "25"
            },
            {
                "delta": 33081,
                "node": "7",
                "reporter": "25"
            },
            {
                "delta": 33082,
                "node": "13",
                "reporter": "25"
            },
            {
                "delta": 33082,
                "node": "21",
                "reporter": "25"
            },
            {
                "delta": 33082,
                "node": "27",
                "reporter": "25"
            },
            {
                "delta": 33082,
                "node": "3",
                "reporter": "25"
            },
            {
                "delta": 33082,
                "node": "9",
                "reporter": "25"
            },
            {
                "delta": 33101,
                "node": "9",
                "reporter": "12"
            },
            {
                "delta": 33152,
                "node": "6",
                "reporter": "5"
            },
            {
                "delta": 33152,
                "node": "19",
                "reporter": "5"
            },
            {
                "delta": 33166,
                "node": "2",
                "reporter": "16"
            },
            {
                "delta": 33166,
                "node": "20",
                "reporter": "16"
            },
            {
                "delta": 33167,
                "node": "15",
                "reporter": "16"
            },
            {
                "delta": 33167,
                "node": "26",
                "reporter": "16"
            },
            {
                "delta": 33167,
                "node": "17",
                "reporter": "16"
            },
            {
                "delta": 33167,
                "node": "13",
                "reporter": "16"
            },
            {
                "delta": 33167,
                "node": "21",
                "reporter": "16"
            },
            {
                "delta": 33167,
                "node": "27",
                "reporter": "16"
            },
            {
                "delta": 33169,
                "node": "23",
                "reporter": "8"
            },
            {
                "delta": 33169,
                "node": "29",
                "reporter": "8"
            },
            {
                "delta": 33169,
                "node": "15",
                "reporter": "8"
            },
            {
                "delta": 33169,
                "node": "30",
                "reporter": "8"
            },
            {
                "delta": 33169,
                "node": "13",
                "reporter": "8"
            },
            {
                "delta": 33169,
                "node": "21",
                "reporter": "8"
            },
            {
                "delta": 33169,
                "node": "27",
                "reporter": "8"
            },
            {
                "delta": 33196,
                "node": "26",
                "reporter": "14"
            },
            {
                "delta": 33196,
                "node": "10",
                "reporter": "14"
            },
            {
                "delta": 33196,
                "node": "11",
                "reporter": "14"
            },
            {
                "delta": 33196,
                "node": "20",
                "reporter": "14"
            },
            {
                "delta": 33202,
                "node": "10",
                "reporter": "12"
            },
            {
                "delta": 33202,
                "node": "11",
                "reporter": "12"
            },
            {
                "delta": 33210,
                "node": "1",
                "reporter": "25"
            },
            {
                "delta": 33210,
                "node": "24",
                "reporter": "25"
            },
            {
                "delta": 33210,
                "node": "28",
                "reporter": "25"
            },
            {
                "delta": 33316,
                "node": "20",
                "reporter": "18"
            },
            {
                "delta": 33316,
                "node": "28",
                "reporter": "18"
            },
            {
                "delta": 33319,
                "node": "30",
                "reporter": "25"
            },
            {
                "delta": 33336,
                "node": "6",
                "reporter": "18"
            },
            {
                "delta": 33336,
                "node": "19",
                "reporter": "18"
            },
            {
                "delta": 33336,
                "node": "2",
                "reporter": "18"
            },
            {
                "delta": 33336,
                "node": "4",
                "reporter": "18"
            },
            {
                "delta": 33336,
                "node": "26",
                "reporter": "18"
            },
            {
                "delta": 33337,
                "node": "17",
                "reporter": "18"
            },
            {
                "delta": 33337,
                "node": "3",
                "reporter": "18"
            },
            {
                "delta": 33356,
                "node": "24",
                "reporter": "16"
            },
            {
                "delta": 33356,
                "node": "30",
                "reporter": "16"
            },
            {
                "delta": 33356,
                "node": "28",
                "reporter": "16"
            },
            {
                "delta": 33379,
                "node": "1",
                "reporter": "8"
            },
            {
                "delta": 33379,
                "node": "2",
                "reporter": "8"
            },
            {
                "delta": 33379,
                "node": "4",
                "reporter": "8"
            },
            {
                "delta": 33379,
                "node": "14",
                "reporter": "8"
            },
            {
                "delta": 33379,
                "node": "26",
                "reporter": "8"
            },
            {
                "delta": 33379,
                "node": "17",
                "reporter": "8"
            },
            {
                "delta": 33379,
                "node": "10",
                "reporter": "8"
            },
            {
                "delta": 33380,
                "node": "3",
                "reporter": "8"
            },
            {
                "delta": 33380,
                "node": "11",
                "reporter": "8"
            },
            {
                "delta": 33466,
                "node": "6",
                "reporter": "22"
            },
            {
                "delta": 33466,
                "node": "19",
                "reporter": "22"
            },
            {
                "delta": 33466,
                "node": "2",
                "reporter": "22"
            },
            {
                "delta": 33466,
                "node": "15",
                "reporter": "22"
            },
            {
                "delta": 33466,
                "node": "26",
                "reporter": "22"
            },
            {
                "delta": 33466,
                "node": "17",
                "reporter": "22"
            },
            {
                "delta": 33466,
                "node": "30",
                "reporter": "22"
            },
            {
                "delta": 33466,
                "node": "13",
                "reporter": "22"
            },
            {
                "delta": 33467,
                "node": "21",
                "reporter": "22"
            },
            {
                "delta": 33467,
                "node": "27",
                "reporter": "22"
            },
            {
                "delta": 33541,
                "node": "3",
                "reporter": "22"
            },
            {
                "delta": 33541,
                "node": "1",
                "reporter": "22"
            },
            {
                "delta": 33541,
                "node": "10",
                "reporter": "22"
            },
            {
                "delta": 33541,
                "node": "11",
                "reporter": "22"
            },
            {
                "delta": 33622,
                "node": "1",
                "reporter": "12"
            },
            {
                "delta": 33622,
                "node": "24",
                "reporter": "12"
            },
            {
                "delta": 33622,
                "node": "30",
                "reporter": "12"
            },
            {
                "delta": 33622,
                "node": "28",
                "reporter": "12"
            },
            {
                "delta": 33668,
                "node": "6",
                "reporter": "8"
            },
            {
                "delta": 33668,
                "node": "19",
                "reporter": "8"
            },
            {
                "delta": 33676,
                "node": "1",
                "reporter": "16"
            },
            {
                "delta": 33676,
                "node": "10",
                "reporter": "16"
            },
            {
                "delta": 33678,
                "node": "11",
                "reporter": "16"
            },
            {
                "delta": 33712,
                "node": "24",
                "reporter": "5"
            },
            {
                "delta": 33712,
                "node": "30",
                "reporter": "5"
            },
            {
                "delta": 33712,
                "node": "28",
                "reporter": "5"
            },
            {
                "delta": 33721,
                "node": "1",
                "reporter": "4"
            },
            {
                "delta": 33721,
                "node": "24",
                "reporter": "4"
            },
            {
                "delta": 33721,
                "node": "2",
                "reporter": "4"
            },
            {
                "delta": 33721,
                "node": "29",
                "reporter": "4"
            },
            {
                "delta": 33721,
                "node": "15",
                "reporter": "4"
            },
            {
                "delta": 33721,
                "node": "17",
                "reporter": "4"
            },
            {
                "delta": 33722,
                "node": "13",
                "reporter": "4"
            },
            {
                "delta": 33722,
                "node": "21",
                "reporter": "4"
            },
            {
                "delta": 33722,
                "node": "27",
                "reporter": "4"
            },
            {
                "delta": 33722,
                "node": "3",
                "reporter": "4"
            },
            {
                "delta": 33806,
                "node": "30",
                "reporter": "29"
            },
            {
                "delta": 33806,
                "node": "10",
                "reporter": "29"
            },
            {
                "delta": 33806,
                "node": "11",
                "reporter": "29"
            },
            {
                "delta": 33845,
                "node": "17",
                "reporter": "14"
            },
            {
                "delta": 33845,
                "node": "30",
                "reporter": "14"
            },
            {
                "delta": 33845,
                "node": "25",
                "reporter": "14"
            },
            {
                "delta": 33845,
                "node": "2",
                "reporter": "14"
            },
            {
                "delta": 33862,
                "node": "6",
                "reporter": "12"
            },
            {
                "delta": 33862,
                "node": "19",
                "reporter": "12"
            },
            {
                "delta": 33905,
                "node": "7",
                "reporter": "29"
            },
            {
                "delta": 33965,
                "node": "19",
                "reporter": "14"
            },
            {
                "delta": 33965,
                "node": "6",
                "reporter": "14"
            },
            {
                "delta": 34016,
                "node": "1",
                "reporter": "18"
            },
            {
                "delta": 34016,
                "node": "10",
                "reporter": "18"
            },
            {
                "delta": 34017,
                "node": "11",
                "reporter": "18"
            },
            {
                "delta": 34072,
                "node": "1",
                "reporter": "5"
            },
            {
                "delta": 34072,
                "node": "11",
                "reporter": "5"
            },
            {
                "delta": 34231,
                "node": "6",
                "reporter": "4"
            },
            {
                "delta": 34325,
                "node": "7",
                "reporter": "14"
            },
            {
                "delta": 39285,
                "node": "4",
                "reporter": "29"
            },
            {
                "delta": 39525,
                "node": "4",
                "reporter": "14"
            },
            {
                "delta": 43645,
                "node": "4",
                "reporter": "16"
            },
            {
                "delta": 47265,
                "node": "29",
                "reporter": "14"
            },
            {
                "delta": 78306,
                "node": "25",
                "reporter": "16"
            },
            {
                "delta": 91490,
                "node": "29",
                "reporter": "25"
            },
            {
                "delta": 112846,
                "node": "29",
                "reporter": "22"
            },
            {
                "delta": 113616,
                "node": "29",
                "reporter": "16"
            },
            {
                "delta": 116532,
                "node": "29",
                "reporter": "12"
            },
            {
                "delta": 118086,
                "node": "29",
                "reporter": "18"
            }
        ]
    }
}