
{
    "id": "00400",
    "seed": 42,
    "repetition": 0,
    "settings": {
        "simulate_catastrophe": true,
        "number_of_nodes": 30,
        "duration": 120000,
        "gossip_delta": 200,
        "failure_delta": 1400,
        "miss_delta": 1400,
        "push_pull": false,
        "pick_strategy": 1,
        "enable_multicast": true,
        "multicast_parameter": 1.0,
        "multicast_max_wait": 2800,
        "expected_first_multicast": 933
    },
    "result": {
        "start_time": 1500765299277,
        "end_time": 1500765419287,
        "expected_crashes": [
            {
                "delta": 31130,
                "node": "27"
            },
            {
                "delta": 31130,
                "node": "13"
            },
            {
                "delta": 31130,
                "node": "10"
            },
            {
                "delta": 31130,
                "node": "21"
            },
            {
                "delta": 31130,
                "node": "30"
            },
            {
                "delta": 31130,
                "node": "3"
            },
            {
                "delta": 31130,
                "node": "28"
            },
            {
                "delta": 31130,
                "node": "6"
            },
            {
                "delta": 31130,
                "node": "24"
            },
            {
                "delta": 31130,
                "node": "9"
            },
            {
                "delta": 31130,
                "node": "19"
            },
            {
                "delta": 31130,
                "node": "7"
            },
            {
                "delta": 31130,
                "node": "23"
            },
            {
                "delta": 31130,
                "node": "26"
            },
            {
                "delta": 31130,
                "node": "15"
            },
            {
                "delta": 31130,
                "node": "2"
            },
            {
                "delta": 31130,
                "node": "17"
            },
            {
                "delta": 31130,
                "node": "1"
            },
            {
                "delta": 31130,
                "node": "20"
            },
            {
                "delta": 31130,
                "node": "11"
            }
        ],
        "reported_crashes": [
            {
                "delta": 11084,
                "node": "6",
                "reporter": "19"
            },
            {
                "delta": 11089,
                "node": "6",
                "reporter": "26"
            },
            {
                "delta": 11211,
                "node": "6",
                "reporter": "9"
            },
            {
                "delta": 11261,
                "node": "6",
                "reporter": "17"
            },
            {
                "delta": 11261,
                "node": "6",
                "reporter": "28"
            },
            {
                "delta": 11265,
                "node": "6",
                "reporter": "15"
            },
            {
                "delta": 11356,
                "node": "6",
                "reporter": "20"
            },
            {
                "delta": 11405,
                "node": "6",
                "reporter": "7"
            },
            {
                "delta": 11417,
                "node": "6",
                "reporter": "13"
            },
            {
                "delta": 11422,
                "node": "6",
                "reporter": "10"
            },
            {
                "delta": 11427,
                "node": "6",
                "reporter": "3"
            },
            {
                "delta": 11510,
                "node": "6",
                "reporter": "27"
            },
            {
                "delta": 11539,
                "node": "6",
                "reporter": "24"
            },
            {
                "delta": 11611,
                "node": "6",
                "reporter": "12"
            },
            {
                "delta": 11634,
                "node": "6",
                "reporter": "22"
            },
            {
                "delta": 11645,
                "node": "6",
                "reporter": "16"
            },
            {
                "delta": 11729,
                "node": "6",
                "reporter": "25"
            },
            {
                "delta": 11792,
                "node": "6",
                "reporter": "11"
            },
            {
                "delta": 11881,
                "node": "6",
                "reporter": "8"
            },
            {
                "delta": 11940,
                "node": "6",
                "reporter": "23"
            },
            {
                "delta": 11950,
                "node": "6",
                "reporter": "5"
            },
            {
                "delta": 11954,
                "node": "6",
                "reporter": "14"
            },
            {
                "delta": 12050,
                "node": "6",
                "reporter": "1"
            },
            {
                "delta": 12071,
                "node": "6",
                "reporter": "21"
            },
            {
                "delta": 12114,
                "node": "6",
                "reporter": "29"
            },
            {
                "delta": 12183,
                "node": "6",
                "reporter": "4"
            },
            {
                "delta": 12219,
                "node": "6",
                "reporter": "2"
            },
            {
                "delta": 12251,
                "node": "6",
                "reporter": "30"
            },
            {
                "delta": 12485,
                "node": "6",
                "reporter": "18"
            },
            {
                "delta": 12724,
                "node": "8",
                "reporter": "6"
            },
            {
                "delta": 13043,
                "node": "23",
                "reporter": "6"
            },
            {
                "delta": 13093,
                "node": "12",
                "reporter": "6"
            },
            {
                "delta": 13093,
                "node": "16",
                "reporter": "6"
            },
            {
                "delta": 13093,
                "node": "25",
                "reporter": "6"
            },
            {
                "delta": 13103,
                "node": "27",
                "reporter": "6"
            },
            {
                "delta": 13203,
                "node": "20",
                "reporter": "6"
            },
            {
                "delta": 13203,
                "node": "29",
                "reporter": "6"
            },
            {
                "delta": 13203,
                "node": "7",
                "reporter": "6"
            },
            {
                "delta": 13204,
                "node": "3",
                "reporter": "6"
            },
            {
                "delta": 13453,
                "node": "19",
                "reporter": "6"
            },
            {
                "delta": 13454,
                "node": "24",
                "reporter": "6"
            },
            {
                "delta": 13454,
                "node": "4",
                "reporter": "6"
            },
            {
                "delta": 13454,
                "node": "18",
                "reporter": "6"
            },
            {
                "delta": 13454,
                "node": "14",
                "reporter": "6"
            },
            {
                "delta": 13454,
                "node": "26",
                "reporter": "6"
            },
            {
                "delta": 13454,
                "node": "17",
                "reporter": "6"
            },
            {
                "delta": 13455,
                "node": "13",
                "reporter": "6"
            },
            {
                "delta": 13455,
                "node": "9",
                "reporter": "6"
            },
            {
                "delta": 13455,
                "node": "5",
                "reporter": "6"
            },
            {
                "delta": 13743,
                "node": "1",
                "reporter": "6"
            },
            {
                "delta": 13744,
                "node": "2",
                "reporter": "6"
            },
            {
                "delta": 13744,
                "node": "15",
                "reporter": "6"
            },
            {
                "delta": 13744,
                "node": "30",
                "reporter": "6"
            },
            {
                "delta": 13744,
                "node": "22",
                "reporter": "6"
            },
            {
                "delta": 13744,
                "node": "21",
                "reporter": "6"
            },
            {
                "delta": 13745,
                "node": "28",
                "reporter": "6"
            },
            {
                "delta": 13745,
                "node": "10",
                "reporter": "6"
            },
            {
                "delta": 13745,
                "node": "11",
                "reporter": "6"
            },
            {
                "delta": 27213,
                "node": "4",
                "reporter": "22"
            },
            {
                "delta": 27406,
                "node": "4",
                "reporter": "20"
            },
            {
                "delta": 27661,
                "node": "4",
                "reporter": "23"
            },
            {
                "delta": 27679,
                "node": "4",
                "reporter": "2"
            },
            {
                "delta": 27753,
                "node": "4",
                "reporter": "19"
            },
            {
                "delta": 27754,
                "node": "4",
                "reporter": "14"
            },
            {
                "delta": 27820,
                "node": "4",
                "reporter": "27"
            },
            {
                "delta": 27899,
                "node": "4",
                "reporter": "26"
            },
            {
                "delta": 27931,
                "node": "4",
                "reporter": "28"
            },
            {
                "delta": 27975,
                "node": "4",
                "reporter": "15"
            },
            {
                "delta": 28009,
                "node": "4",
                "reporter": "8"
            },
            {
                "delta": 28016,
                "node": "4",
                "reporter": "18"
            },
            {
                "delta": 28048,
                "node": "4",
                "reporter": "25"
            },
            {
                "delta": 28052,
                "node": "4",
                "reporter": "10"
            },
            {
                "delta": 28101,
                "node": "4",
                "reporter": "11"
            },
            {
                "delta": 28110,
                "node": "4",
                "reporter": "24"
            },
            {
                "delta": 28128,
                "node": "4",
                "reporter": "13"
            },
            {
                "delta": 28144,
                "node": "4",
                "reporter": "29"
            },
            {
                "delta": 28180,
                "node": "4",
                "reporter": "9"
            },
            {
                "delta": 28242,
                "node": "4",
                "reporter": "21"
            },
            {
                "delta": 28255,
                "node": "4",
                "reporter": "16"
            },
            {
                "delta": 28255,
                "node": "14",
                "reporter": "16"
            },
            {
                "delta": 28285,
                "node": "4",
                "reporter": "7"
            },
            {
                "delta": 28302,
                "node": "4",
                "reporter": "30"
            },
            {
                "delta": 28367,
                "node": "4",
                "reporter": "3"
            },
            {
                "delta": 28380,
                "node": "4",
                "reporter": "1"
            },
            {
                "delta": 28399,
                "node": "4",
                "reporter": "5"
            },
            {
                "delta": 28432,
                "node": "4",
                "reporter": "12"
            },
            {
                "delta": 28892,
                "node": "16",
                "reporter": "4"
            },
            {
                "delta": 28981,
                "node": "4",
                "reporter": "17"
            },
            {
                "delta": 29002,
                "node": "21",
                "reporter": "4"
            },
            {
                "delta": 29123,
                "node": "23",
                "reporter": "4"
            },
            {
                "delta": 29202,
                "node": "15",
                "reporter": "4"
            },
            {
                "delta": 29202,
                "node": "26",
                "reporter": "4"
            },
            {
                "delta": 29213,
                "node": "11",
                "reporter": "4"
            },
            {
                "delta": 29243,
                "node": "20",
                "reporter": "4"
            },
            {
                "delta": 29243,
                "node": "25",
                "reporter": "4"
            },
            {
                "delta": 29243,
                "node": "9",
                "reporter": "4"
            },
            {
                "delta": 29262,
                "node": "24",
                "reporter": "4"
            },
            {
                "delta": 29302,
                "node": "8",
                "reporter": "4"
            },
            {
                "delta": 29303,
                "node": "14",
                "reporter": "4"
            },
            {
                "delta": 29312,
                "node": "29",
                "reporter": "4"
            },
            {
                "delta": 29313,
                "node": "27",
                "reporter": "4"
            },
            {
                "delta": 29313,
                "node": "28",
                "reporter": "4"
            },
            {
                "delta": 29313,
                "node": "3",
                "reporter": "4"
            },
            {
                "delta": 29553,
                "node": "19",
                "reporter": "4"
            },
            {
                "delta": 29553,
                "node": "1",
                "reporter": "4"
            },
            {
                "delta": 29554,
                "node": "18",
                "reporter": "4"
            },
            {
                "delta": 29554,
                "node": "2",
                "reporter": "4"
            },
            {
                "delta": 29554,
                "node": "12",
                "reporter": "4"
            },
            {
                "delta": 29554,
                "node": "7",
                "reporter": "4"
            },
            {
                "delta": 29554,
                "node": "22",
                "reporter": "4"
            },
            {
                "delta": 29554,
                "node": "13",
                "reporter": "4"
            },
            {
                "delta": 29554,
                "node": "10",
                "reporter": "4"
            },
            {
                "delta": 29554,
                "node": "5",
                "reporter": "4"
            },
            {
                "delta": 29563,
                "node": "30",
                "reporter": "4"
            },
            {
                "delta": 30002,
                "node": "17",
                "reporter": "4"
            },
            {
                "delta": 30295,
                "node": "17",
                "reporter": "7"
            },
            {
                "delta": 30440,
                "node": "17",
                "reporter": "23"
            },
            {
                "delta": 30543,
                "node": "17",
                "reporter": "19"
            },
            {
                "delta": 30661,
                "node": "17",
                "reporter": "28"
            },
            {
                "delta": 30689,
                "node": "17",
                "reporter": "8"
            },
            {
                "delta": 30702,
                "node": "17",
                "reporter": "10"
            },
            {
                "delta": 30828,
                "node": "17",
                "reporter": "13"
            },
            {
                "delta": 30849,
                "node": "17",
                "reporter": "26"
            },
            {
                "delta": 30860,
                "node": "17",
                "reporter": "24"
            },
            {
                "delta": 30982,
                "node": "17",
                "reporter": "21"
            },
            {
                "delta": 31035,
                "node": "16",
                "reporter": "15"
            },
            {
                "delta": 31041,
                "node": "17",
                "reporter": "12"
            },
            {
                "delta": 31045,
                "node": "17",
                "reporter": "15"
            },
            {
                "delta": 31050,
                "node": "17",
                "reporter": "1"
            },
            {
                "delta": 31080,
                "node": "17",
                "reporter": "11"
            },
            {
                "delta": 31125,
                "node": "17",
                "reporter": "16"
            },
            {
                "delta": 31240,
                "node": "16",
                "reporter": "24"
            },
            {
                "delta": 31310,
                "node": "17",
                "reporter": "5"
            },
            {
                "delta": 31406,
                "node": "17",
                "reporter": "18"
            },
            {
                "delta": 31448,
                "node": "17",
                "reporter": "25"
            },
            {
                "delta": 31714,
                "node": "17",
                "reporter": "29"
            },
            {
                "delta": 31814,
                "node": "17",
                "reporter": "14"
            },
            {
                "delta": 31830,
                "node": "16",
                "reporter": "8"
            },
            {
                "delta": 31958,
                "node": "16",
                "reporter": "25"
            },
            {
                "delta": 31982,
                "node": "16",
                "reporter": "12"
            },
            {
                "delta": 32164,
                "node": "16",
                "reporter": "22"
            },
            {
                "delta": 32164,
                "node": "17",
                "reporter": "22"
            },
            {
                "delta": 32166,
                "node": "16",
                "reporter": "18"
            },
            {
                "delta": 32515,
                "node": "25",
                "reporter": "16"
            },
            {
                "delta": 32530,
                "node": "16",
                "reporter": "5"
            },
            {
                "delta": 32645,
                "node": "16",
                "reporter": "14"
            },
            {
                "delta": 32764,
                "node": "16",
                "reporter": "29"
            },
            {
                "delta": 32885,
                "node": "20",
                "reporter": "16"
            },
            {
                "delta": 32885,
                "node": "26",
                "reporter": "16"
            },
            {
                "delta": 32935,
                "node": "23",
                "reporter": "16"
            },
            {
                "delta": 33155,
                "node": "19",
                "reporter": "16"
            },
            {
                "delta": 33156,
                "node": "1",
                "reporter": "16"
            },
            {
                "delta": 33156,
                "node": "15",
                "reporter": "16"
            },
            {
                "delta": 33156,
                "node": "22",
                "reporter": "16"
            },
            {
                "delta": 33156,
                "node": "28",
                "reporter": "16"
            },
            {
                "delta": 33156,
                "node": "9",
                "reporter": "16"
            },
            {
                "delta": 33355,
                "node": "8",
                "reporter": "16"
            },
            {
                "delta": 33356,
                "node": "12",
                "reporter": "16"
            },
            {
                "delta": 33356,
                "node": "29",
                "reporter": "16"
            },
            {
                "delta": 33356,
                "node": "7",
                "reporter": "16"
            },
            {
                "delta": 33356,
                "node": "27",
                "reporter": "16"
            },
            {
                "delta": 33356,
                "node": "11",
                "reporter": "16"
            },
            {
                "delta": 33469,
                "node": "27",
                "reporter": "8"
            },
            {
                "delta": 33505,
                "node": "24",
                "reporter": "16"
            },
            {
                "delta": 33505,
                "node": "2",
                "reporter": "16"
            },
            {
                "delta": 33506,
                "node": "18",
                "reporter": "16"
            },
            {
                "delta": 33506,
                "node": "30",
                "reporter": "16"
            },
            {
                "delta": 33506,
                "node": "13",
                "reporter": "16"
            },
            {
                "delta": 33506,
                "node": "21",
                "reporter": "16"
            },
            {
                "delta": 33506,
                "node": "10",
                "reporter": "16"
            },
            {
                "delta": 33506,
                "node": "3",
                "reporter": "16"
            },
            {
                "delta": 33506,
                "node": "5",
                "reporter": "16"
            },
            {
                "delta": 33559,
                "node": "21",
                "reporter": "8"
            },
            {
                "delta": 33594,
                "node": "21",
                "reporter": "29"
            },
            {
                "delta": 33595,
                "node": "11",
                "reporter": "29"
            },
            {
                "delta": 33646,
                "node": "19",
                "reporter": "18"
            },
            {
                "delta": 33646,
                "node": "10",
                "reporter": "18"
            },
            {
                "delta": 33714,
                "node": "7",
                "reporter": "14"
            },
            {
                "delta": 33750,
                "node": "19",
                "reporter": "5"
            },
            {
                "delta": 33750,
                "node": "8",
                "reporter": "5"
            },
            {
                "delta": 33750,
                "node": "12",
                "reporter": "5"
            },
            {
                "delta": 33750,
                "node": "27",
                "reporter": "5"
            },
            {
                "delta": 33770,
                "node": "24",
                "reporter": "8"
            },
            {
                "delta": 33782,
                "node": "3",
                "reporter": "12"
            },
            {
                "delta": 33782,
                "node": "11",
                "reporter": "12"
            },
            {
                "delta": 33844,
                "node": "20",
                "reporter": "14"
            },
            {
                "delta": 33846,
                "node": "22",
                "reporter": "18"
            },
            {
                "delta": 33846,
                "node": "28",
                "reporter": "18"
            },
            {
                "delta": 33859,
                "node": "1",
                "reporter": "5"
            },
            {
                "delta": 33860,
                "node": "15",
                "reporter": "5"
            },
            {
                "delta": 33860,
                "node": "28",
                "reporter": "5"
            },
            {
                "delta": 33869,
                "node": "23",
                "reporter": "5"
            },
            {
                "delta": 33869,
                "node": "26",
                "reporter": "5"
            },
            {
                "delta": 33909,
                "node": "18",
                "reporter": "25"
            },
            {
                "delta": 33909,
                "node": "20",
                "reporter": "25"
            },
            {
                "delta": 33909,
                "node": "12",
                "reporter": "25"
            },
            {
                "delta": 33909,
                "node": "7",
                "reporter": "25"
            },
            {
                "delta": 33909,
                "node": "11",
                "reporter": "25"
            },
            {
                "delta": 33921,
                "node": "30",
                "reporter": "5"
            },
            {
                "delta": 33922,
                "node": "13",
                "reporter": "5"
            },
            {
                "delta": 33922,
                "node": "9",
                "reporter": "5"
            },
            {
                "delta": 33929,
                "node": "2",
                "reporter": "5"
            },
            {
                "delta": 33932,
                "node": "14",
                "reporter": "5"
            },
            {
                "delta": 33936,
                "node": "30",
                "reporter": "18"
            },
            {
                "delta": 33973,
                "node": "23",
                "reporter": "22"
            },
            {
                "delta": 33973,
                "node": "26",
                "reporter": "22"
            },
            {
                "delta": 33974,
                "node": "13",
                "reporter": "22"
            },
            {
                "delta": 33974,
                "node": "25",
                "reporter": "22"
            },
            {
                "delta": 33974,
                "node": "9",
                "reporter": "22"
            },
            {
                "delta": 33978,
                "node": "29",
                "reporter": "25"
            },
            {
                "delta": 33979,
                "node": "10",
                "reporter": "25"
            },
            {
                "delta": 33979,
                "node": "3",
                "reporter": "25"
            },
            {
                "delta": 33986,
                "node": "24",
                "reporter": "18"
            },
            {
                "delta": 33986,
                "node": "21",
                "reporter": "18"
            },
            {
                "delta": 33986,
                "node": "27",
                "reporter": "18"
            },
            {
                "delta": 34053,
                "node": "8",
                "reporter": "22"
            },
            {
                "delta": 34053,
                "node": "24",
                "reporter": "22"
            },
            {
                "delta": 34053,
                "node": "27",
                "reporter": "22"
            },
            {
                "delta": 34055,
                "node": "20",
                "reporter": "18"
            },
            {
                "delta": 34056,
                "node": "14",
                "reporter": "18"
            },
            {
                "delta": 34056,
                "node": "29",
                "reporter": "18"
            },
            {
                "delta": 34056,
                "node": "7",
                "reporter": "18"
            },
            {
                "delta": 34118,
                "node": "19",
                "reporter": "25"
            },
            {
                "delta": 34119,
                "node": "24",
                "reporter": "25"
            },
            {
                "delta": 34119,
                "node": "22",
                "reporter": "25"
            },
            {
                "delta": 34119,
                "node": "21",
                "reporter": "25"
            },
            {
                "delta": 34129,
                "node": "23",
                "reporter": "8"
            },
            {
                "delta": 34130,
                "node": "2",
                "reporter": "8"
            },
            {
                "delta": 34130,
                "node": "15",
                "reporter": "8"
            },
            {
                "delta": 34130,
                "node": "26",
                "reporter": "8"
            },
            {
                "delta": 34130,
                "node": "13",
                "reporter": "8"
            },
            {
                "delta": 34130,
                "node": "25",
                "reporter": "8"
            },
            {
                "delta": 34174,
                "node": "19",
                "reporter": "22"
            },
            {
                "delta": 34174,
                "node": "20",
                "reporter": "22"
            },
            {
                "delta": 34174,
                "node": "12",
                "reporter": "22"
            },
            {
                "delta": 34175,
                "node": "30",
                "reporter": "22"
            },
            {
                "delta": 34175,
                "node": "7",
                "reporter": "22"
            },
            {
                "delta": 34175,
                "node": "28",
                "reporter": "22"
            },
            {
                "delta": 34224,
                "node": "10",
                "reporter": "14"
            },
            {
                "delta": 34224,
                "node": "11",
                "reporter": "14"
            },
            {
                "delta": 34225,
                "node": "3",
                "reporter": "14"
            },
            {
                "delta": 34255,
                "node": "1",
                "reporter": "14"
            },
            {
                "delta": 34255,
                "node": "15",
                "reporter": "14"
            },
            {
                "delta": 34332,
                "node": "23",
                "reporter": "12"
            },
            {
                "delta": 34332,
                "node": "1",
                "reporter": "12"
            },
            {
                "delta": 34332,
                "node": "24",
                "reporter": "12"
            },
            {
                "delta": 34332,
                "node": "2",
                "reporter": "12"
            },
            {
                "delta": 34333,
                "node": "15",
                "reporter": "12"
            },
            {
                "delta": 34333,
                "node": "26",
                "reporter": "12"
            },
            {
                "delta": 34333,
                "node": "13",
                "reporter": "12"
            },
            {
                "delta": 34333,
                "node": "21",
                "reporter": "12"
            },
            {
                "delta": 34335,
                "node": "27",
                "reporter": "12"
            },
            {
                "delta": 34335,
                "node": "25",
                "reporter": "12"
            },
            {
                "delta": 34380,
                "node": "19",
                "reporter": "8"
            },
            {
                "delta": 34380,
                "node": "20",
                "reporter": "8"
            },
            {
                "delta": 34380,
                "node": "30",
                "reporter": "8"
            },
            {
                "delta": 34380,
                "node": "7",
                "reporter": "8"
            },
            {
                "delta": 34380,
                "node": "28",
                "reporter": "8"
            },
            {
                "delta": 34471,
                "node": "9",
                "reporter": "12"
            },
            {
                "delta": 34476,
                "node": "23",
                "reporter": "18"
            },
            {
                "delta": 34477,
                "node": "1",
                "reporter": "18"
            },
            {
                "delta": 34477,
                "node": "2",
                "reporter": "18"
            },
            {
                "delta": 34477,
                "node": "15",
                "reporter": "18"
            },
            {
                "delta": 34477,
                "node": "26",
                "reporter": "18"
            },
            {
                "delta": 34477,
                "node": "13",
                "reporter": "18"
            },
            {
                "delta": 34477,
                "node": "25",
                "reporter": "18"
            },
            {
                "delta": 34477,
                "node": "9",
                "reporter": "18"
            },
            {
                "delta": 34478,
                "node": "5",
                "reporter": "18"
            },
            {
                "delta": 34558,
                "node": "8",
                "reporter": "25"
            },
            {
                "delta": 34559,
                "node": "23",
                "reporter": "25"
            },
            {
                "delta": 34559,
                "node": "1",
                "reporter": "25"
            },
            {
                "delta": 34559,
                "node": "2",
                "reporter": "25"
            },
            {
                "delta": 34559,
                "node": "14",
                "reporter": "25"
            },
            {
                "delta": 34559,
                "node": "15",
                "reporter": "25"
            },
            {
                "delta": 34559,
                "node": "26",
                "reporter": "25"
            },
            {
                "delta": 34560,
                "node": "30",
                "reporter": "25"
            },
            {
                "delta": 34560,
                "node": "13",
                "reporter": "25"
            },
            {
                "delta": 34560,
                "node": "27",
                "reporter": "25"
            },
            {
                "delta": 34581,
                "node": "28",
                "reporter": "25"
            },
            {
                "delta": 34581,
                "node": "9",
                "reporter": "25"
            },
            {
                "delta": 34581,
                "node": "5",
                "reporter": "25"
            },
            {
                "delta": 34674,
                "node": "19",
                "reporter": "29"
            },
            {
                "delta": 34674,
                "node": "23",
                "reporter": "29"
            },
            {
                "delta": 34674,
                "node": "24",
                "reporter": "29"
            },
            {
                "delta": 34674,
                "node": "2",
                "reporter": "29"
            },
            {
                "delta": 34675,
                "node": "20",
                "reporter": "29"
            },
            {
                "delta": 34675,
                "node": "18",
                "reporter": "29"
            },
            {
                "delta": 34675,
                "node": "12",
                "reporter": "29"
            },
            {
                "delta": 34675,
                "node": "15",
                "reporter": "29"
            },
            {
                "delta": 34675,
                "node": "26",
                "reporter": "29"
            },
            {
                "delta": 34675,
                "node": "30",
                "reporter": "29"
            },
            {
                "delta": 34764,
                "node": "1",
                "reporter": "22"
            },
            {
                "delta": 34764,
                "node": "15",
                "reporter": "22"
            },
            {
                "delta": 34764,
                "node": "11",
                "reporter": "22"
            },
            {
                "delta": 34764,
                "node": "3",
                "reporter": "22"
            },
            {
                "delta": 34764,
                "node": "10",
                "reporter": "22"
            },
            {
                "delta": 34835,
                "node": "19",
                "reporter": "14"
            },
            {
                "delta": 34835,
                "node": "23",
                "reporter": "14"
            },
            {
                "delta": 34835,
                "node": "24",
                "reporter": "14"
            },
            {
                "delta": 34835,
                "node": "18",
                "reporter": "14"
            },
            {
                "delta": 34835,
                "node": "2",
                "reporter": "14"
            },
            {
                "delta": 34835,
                "node": "12",
                "reporter": "14"
            },
            {
                "delta": 34835,
                "node": "29",
                "reporter": "14"
            },
            {
                "delta": 34835,
                "node": "26",
                "reporter": "14"
            },
            {
                "delta": 34836,
                "node": "30",
                "reporter": "14"
            },
            {
                "delta": 34836,
                "node": "13",
                "reporter": "14"
            },
            {
                "delta": 34910,
                "node": "7",
                "reporter": "29"
            },
            {
                "delta": 34910,
                "node": "13",
                "reporter": "29"
            },
            {
                "delta": 34910,
                "node": "27",
                "reporter": "29"
            },
            {
                "delta": 34910,
                "node": "28",
                "reporter": "29"
            },
            {
                "delta": 34910,
                "node": "25",
                "reporter": "29"
            },
            {
                "delta": 34910,
                "node": "5",
                "reporter": "29"
            },
            {
                "delta": 34982,
                "node": "27",
                "reporter": "14"
            },
            {
                "delta": 34982,
                "node": "21",
                "reporter": "14"
            },
            {
                "delta": 34982,
                "node": "28",
                "reporter": "14"
            },
            {
                "delta": 34982,
                "node": "25",
                "reporter": "14"
            },
            {
                "delta": 34982,
                "node": "5",
                "reporter": "14"
            },
            {
                "delta": 35046,
                "node": "12",
                "reporter": "18"
            },
            {
                "delta": 35046,
                "node": "3",
                "reporter": "18"
            },
            {
                "delta": 35047,
                "node": "11",
                "reporter": "18"
            },
            {
                "delta": 35456,
                "node": "8",
                "reporter": "18"
            },
            {
                "delta": 35840,
                "node": "24",
                "reporter": "5"
            },
            {
                "delta": 35841,
                "node": "20",
                "reporter": "5"
            },
            {
                "delta": 35841,
                "node": "18",
                "reporter": "5"
            },
            {
                "delta": 35841,
                "node": "29",
                "reporter": "5"
            },
            {
                "delta": 35841,
                "node": "7",
                "reporter": "5"
            },
            {
                "delta": 35841,
                "node": "22",
                "reporter": "5"
            },
            {
                "delta": 35841,
                "node": "21",
                "reporter": "5"
            },
            {
                "delta": 35841,
                "node": "10",
                "reporter": "5"
            },
            {
                "delta": 35841,
                "node": "3",
                "reporter": "5"
            },
            {
                "delta": 35841,
                "node": "11",
                "reporter": "5"
            },
            {
                "delta": 35964,
                "node": "8",
                "reporter": "14"
            },
            {
                "delta": 35964,
                "node": "9",
                "reporter": "14"
            },
            {
                "delta": 36022,
                "node": "25",
                "reporter": "5"
            },
            {
                "delta": 36122,
                "node": "19",
                "reporter": "12"
            },
            {
                "delta": 36122,
                "node": "8",
                "reporter": "12"
            },
            {
                "delta": 36122,
                "node": "20",
                "reporter": "12"
            },
            {
                "delta": 36122,
                "node": "14",
                "reporter": "12"
            },
            {
                "delta": 36122,
                "node": "29",
                "reporter": "12"
            },
            {
                "delta": 36122,
                "node": "30",
                "reporter": "12"
            },
            {
                "delta": 36122,
                "node": "7",
                "reporter": "12"
            },
            {
                "delta": 36123,
                "node": "22",
                "reporter": "12"
            },
            {
                "delta": 36123,
                "node": "28",
                "reporter": "12"
            },
            {
                "delta": 36123,
                "node": "10",
                "reporter": "12"
            },
            {
                "delta": 36233,
                "node": "2",
                "reporter": "22"
            },
            {
                "delta": 36233,
                "node": "18",
                "reporter": "22"
            },
            {
                "delta": 36233,
                "node": "29",
                "reporter": "22"
            },
            {
                "delta": 36233,
                "node": "21",
                "reporter": "22"
            },
            {
                "delta": 36233,
                "node": "5",
                "reporter": "22"
            },
            {
                "delta": 36261,
                "node": "5",
                "reporter": "12"
            },
            {
                "delta": 36331,
                "node": "18",
                "reporter": "12"
            },
            {
                "delta": 36450,
                "node": "22",
                "reporter": "8"
            },
            {
                "delta": 36450,
                "node": "1",
                "reporter": "8"
            },
            {
                "delta": 36450,
                "node": "11",
                "reporter": "8"
            },
            {
                "delta": 36450,
                "node": "10",
                "reporter": "8"
            },
            {
                "delta": 36450,
                "node": "3",
                "reporter": "8"
            },
            {
                "delta": 36450,
                "node": "29",
                "reporter": "8"
            },
            {
                "delta": 36450,
                "node": "9",
                "reporter": "8"
            },
            {
                "delta": 36450,
                "node": "5",
                "reporter": "8"
            },
            {
                "delta": 36685,
                "node": "8",
                "reporter": "29"
            },
            {
                "delta": 36685,
                "node": "1",
                "reporter": "29"
            },
            {
                "delta": 36685,
                "node": "3",
                "reporter": "29"
            },
            {
                "delta": 36685,
                "node": "10",
                "reporter": "29"
            },
            {
                "delta": 36685,
                "node": "9",
                "reporter": "29"
            },
            {
                "delta": 36689,
                "node": "12",
                "reporter": "8"
            },
            {
                "delta": 36870,
                "node": "14",
                "reporter": "8"
            },
            {
                "delta": 36899,
                "node": "18",
                "reporter": "8"
            },
            {
                "delta": 37283,
                "node": "14",
                "reporter": "22"
            },
            {
                "delta": 37734,
                "node": "14",
                "reporter": "29"
            },
            {
                "delta": 37734,
                "node": "22",
                "reporter": "29"
            },
            {
                "delta": 38695,
                "node": "22",
                "reporter": "14"
            }
        ]
    }
}