
{
    "id": "00408",
    "seed": 42,
    "repetition": 0,
    "settings": {
        "simulate_catastrophe": true,
        "number_of_nodes": 30,
        "duration": 120000,
        "gossip_delta": 200,
        "failure_delta": 1400,
        "miss_delta": 1400,
        "push_pull": true,
        "pick_strategy": 0,
        "enable_multicast": true,
        "multicast_parameter": 1.0,
        "multicast_max_wait": 1400,
        "expected_first_multicast": 933
    },
    "result": {
        "start_time": 1500766299516,
        "end_time": 1500766419527,
        "expected_crashes": [
            {
                "delta": 31130,
                "node": "27"
            },
            {
                "delta": 31130,
                "node": "13"
            },
            {
                "delta": 31130,
                "node": "10"
            },
            {
                "delta": 31130,
                "node": "21"
            },
            {
                "delta": 31130,
                "node": "30"
            },
            {
                "delta": 31130,
                "node": "3"
            },
            {
                "delta": 31130,
                "node": "28"
            },
            {
                "delta": 31130,
                "node": "6"
            },
            {
                "delta": 31130,
                "node": "24"
            },
            {
                "delta": 31130,
                "node": "9"
            },
            {
                "delta": 31130,
                "node": "19"
            },
            {
                "delta": 31130,
                "node": "7"
            },
            {
                "delta": 31130,
                "node": "23"
            },
            {
                "delta": 31130,
                "node": "26"
            },
            {
                "delta": 31130,
                "node": "15"
            },
            {
                "delta": 31130,
                "node": "2"
            },
            {
                "delta": 31130,
                "node": "17"
            },
            {
                "delta": 31130,
                "node": "1"
            },
            {
                "delta": 31130,
                "node": "20"
            },
            {
                "delta": 31130,
                "node": "11"
            }
        ],
        "reported_crashes": [
            {
                "delta": 33889,
                "node": "2",
                "reporter": "8"
            },
            {
                "delta": 33890,
                "node": "30",
                "reporter": "8"
            },
            {
                "delta": 34002,
                "node": "10",
                "reporter": "4"
            },
            {
                "delta": 34011,
                "node": "9",
                "reporter": "12"
            },
            {
                "delta": 34016,
                "node": "28",
                "reporter": "18"
            },
            {
                "delta": 34040,
                "node": "11",
                "reporter": "8"
            },
            {
                "delta": 34060,
                "node": "26",
                "reporter": "18"
            },
            {
                "delta": 34061,
                "node": "28",
                "reporter": "22"
            },
            {
                "delta": 34066,
                "node": "17",
                "reporter": "16"
            },
            {
                "delta": 34069,
                "node": "21",
                "reporter": "25"
            },
            {
                "delta": 34079,
                "node": "27",
                "reporter": "8"
            },
            {
                "delta": 34079,
                "node": "9",
                "reporter": "8"
            },
            {
                "delta": 34082,
                "node": "19",
                "reporter": "4"
            },
            {
                "delta": 34082,
                "node": "2",
                "reporter": "4"
            },
            {
                "delta": 34082,
                "node": "30",
                "reporter": "4"
            },
            {
                "delta": 34082,
                "node": "3",
                "reporter": "4"
            },
            {
                "delta": 34096,
                "node": "23",
                "reporter": "16"
            },
            {
                "delta": 34106,
                "node": "15",
                "reporter": "14"
            },
            {
                "delta": 34135,
                "node": "6",
                "reporter": "29"
            },
            {
                "delta": 34151,
                "node": "2",
                "reporter": "5"
            },
            {
                "delta": 34151,
                "node": "30",
                "reporter": "5"
            },
            {
                "delta": 34151,
                "node": "11",
                "reporter": "5"
            },
            {
                "delta": 34171,
                "node": "24",
                "reporter": "22"
            },
            {
                "delta": 34171,
                "node": "20",
                "reporter": "22"
            },
            {
                "delta": 34171,
                "node": "30",
                "reporter": "22"
            },
            {
                "delta": 34171,
                "node": "9",
                "reporter": "22"
            },
            {
                "delta": 34176,
                "node": "1",
                "reporter": "29"
            },
            {
                "delta": 34176,
                "node": "28",
                "reporter": "29"
            },
            {
                "delta": 34191,
                "node": "13",
                "reporter": "5"
            },
            {
                "delta": 34191,
                "node": "3",
                "reporter": "5"
            },
            {
                "delta": 34207,
                "node": "7",
                "reporter": "18"
            },
            {
                "delta": 34207,
                "node": "21",
                "reporter": "18"
            },
            {
                "delta": 34330,
                "node": "26",
                "reporter": "25"
            },
            {
                "delta": 34330,
                "node": "7",
                "reporter": "25"
            },
            {
                "delta": 34330,
                "node": "28",
                "reporter": "25"
            },
            {
                "delta": 34341,
                "node": "2",
                "reporter": "12"
            },
            {
                "delta": 34341,
                "node": "30",
                "reporter": "12"
            },
            {
                "delta": 34341,
                "node": "27",
                "reporter": "12"
            },
            {
                "delta": 34341,
                "node": "11",
                "reporter": "12"
            },
            {
                "delta": 34366,
                "node": "15",
                "reporter": "18"
            },
            {
                "delta": 34451,
                "node": "15",
                "reporter": "12"
            },
            {
                "delta": 34456,
                "node": "2",
                "reporter": "14"
            },
            {
                "delta": 34456,
                "node": "30",
                "reporter": "14"
            },
            {
                "delta": 34456,
                "node": "27",
                "reporter": "14"
            },
            {
                "delta": 34456,
                "node": "11",
                "reporter": "14"
            },
            {
                "delta": 34456,
                "node": "9",
                "reporter": "14"
            },
            {
                "delta": 34500,
                "node": "15",
                "reporter": "25"
            },
            {
                "delta": 34506,
                "node": "26",
                "reporter": "14"
            },
            {
                "delta": 34506,
                "node": "7",
                "reporter": "14"
            },
            {
                "delta": 34506,
                "node": "21",
                "reporter": "14"
            },
            {
                "delta": 34507,
                "node": "24",
                "reporter": "16"
            },
            {
                "delta": 34507,
                "node": "20",
                "reporter": "16"
            },
            {
                "delta": 34507,
                "node": "30",
                "reporter": "16"
            },
            {
                "delta": 34507,
                "node": "28",
                "reporter": "16"
            },
            {
                "delta": 34507,
                "node": "9",
                "reporter": "16"
            },
            {
                "delta": 34516,
                "node": "28",
                "reporter": "14"
            },
            {
                "delta": 34561,
                "node": "23",
                "reporter": "22"
            },
            {
                "delta": 34561,
                "node": "17",
                "reporter": "22"
            },
            {
                "delta": 34650,
                "node": "6",
                "reporter": "25"
            },
            {
                "delta": 34650,
                "node": "1",
                "reporter": "25"
            },
            {
                "delta": 34740,
                "node": "26",
                "reporter": "12"
            },
            {
                "delta": 34740,
                "node": "7",
                "reporter": "12"
            },
            {
                "delta": 34741,
                "node": "21",
                "reporter": "12"
            },
            {
                "delta": 34741,
                "node": "28",
                "reporter": "12"
            },
            {
                "delta": 34771,
                "node": "19",
                "reporter": "5"
            },
            {
                "delta": 34771,
                "node": "10",
                "reporter": "5"
            },
            {
                "delta": 34771,
                "node": "13",
                "reporter": "4"
            },
            {
                "delta": 34771,
                "node": "11",
                "reporter": "4"
            },
            {
                "delta": 34781,
                "node": "15",
                "reporter": "8"
            },
            {
                "delta": 34781,
                "node": "26",
                "reporter": "8"
            },
            {
                "delta": 34781,
                "node": "7",
                "reporter": "8"
            },
            {
                "delta": 34781,
                "node": "28",
                "reporter": "8"
            },
            {
                "delta": 34781,
                "node": "21",
                "reporter": "8"
            },
            {
                "delta": 34865,
                "node": "15",
                "reporter": "29"
            },
            {
                "delta": 34865,
                "node": "26",
                "reporter": "29"
            },
            {
                "delta": 34865,
                "node": "7",
                "reporter": "29"
            },
            {
                "delta": 34866,
                "node": "21",
                "reporter": "29"
            },
            {
                "delta": 34879,
                "node": "19",
                "reporter": "8"
            },
            {
                "delta": 34880,
                "node": "13",
                "reporter": "8"
            },
            {
                "delta": 34880,
                "node": "10",
                "reporter": "8"
            },
            {
                "delta": 34880,
                "node": "3",
                "reporter": "8"
            },
            {
                "delta": 34987,
                "node": "19",
                "reporter": "14"
            },
            {
                "delta": 34987,
                "node": "13",
                "reporter": "14"
            },
            {
                "delta": 34987,
                "node": "10",
                "reporter": "14"
            },
            {
                "delta": 34987,
                "node": "3",
                "reporter": "14"
            },
            {
                "delta": 35002,
                "node": "15",
                "reporter": "5"
            },
            {
                "delta": 35002,
                "node": "26",
                "reporter": "5"
            },
            {
                "delta": 35002,
                "node": "7",
                "reporter": "5"
            },
            {
                "delta": 35002,
                "node": "21",
                "reporter": "5"
            },
            {
                "delta": 35002,
                "node": "27",
                "reporter": "5"
            },
            {
                "delta": 35002,
                "node": "28",
                "reporter": "5"
            },
            {
                "delta": 35002,
                "node": "9",
                "reporter": "5"
            },
            {
                "delta": 35096,
                "node": "23",
                "reporter": "18"
            },
            {
                "delta": 35097,
                "node": "24",
                "reporter": "18"
            },
            {
                "delta": 35097,
                "node": "20",
                "reporter": "18"
            },
            {
                "delta": 35097,
                "node": "17",
                "reporter": "18"
            },
            {
                "delta": 35097,
                "node": "30",
                "reporter": "18"
            },
            {
                "delta": 35097,
                "node": "9",
                "reporter": "18"
            },
            {
                "delta": 35116,
                "node": "15",
                "reporter": "16"
            },
            {
                "delta": 35116,
                "node": "26",
                "reporter": "16"
            },
            {
                "delta": 35116,
                "node": "7",
                "reporter": "16"
            },
            {
                "delta": 35116,
                "node": "21",
                "reporter": "16"
            },
            {
                "delta": 35120,
                "node": "19",
                "reporter": "12"
            },
            {
                "delta": 35120,
                "node": "13",
                "reporter": "12"
            },
            {
                "delta": 35121,
                "node": "3",
                "reporter": "12"
            },
            {
                "delta": 35121,
                "node": "10",
                "reporter": "12"
            },
            {
                "delta": 35143,
                "node": "6",
                "reporter": "4"
            },
            {
                "delta": 35144,
                "node": "1",
                "reporter": "4"
            },
            {
                "delta": 35144,
                "node": "15",
                "reporter": "4"
            },
            {
                "delta": 35144,
                "node": "26",
                "reporter": "4"
            },
            {
                "delta": 35144,
                "node": "7",
                "reporter": "4"
            },
            {
                "delta": 35144,
                "node": "21",
                "reporter": "4"
            },
            {
                "delta": 35144,
                "node": "28",
                "reporter": "4"
            },
            {
                "delta": 35149,
                "node": "19",
                "reporter": "25"
            },
            {
                "delta": 35149,
                "node": "2",
                "reporter": "25"
            },
            {
                "delta": 35150,
                "node": "30",
                "reporter": "25"
            },
            {
                "delta": 35150,
                "node": "13",
                "reporter": "25"
            },
            {
                "delta": 35150,
                "node": "3",
                "reporter": "25"
            },
            {
                "delta": 35150,
                "node": "11",
                "reporter": "25"
            },
            {
                "delta": 35151,
                "node": "10",
                "reporter": "25"
            },
            {
                "delta": 35201,
                "node": "6",
                "reporter": "22"
            },
            {
                "delta": 35201,
                "node": "19",
                "reporter": "22"
            },
            {
                "delta": 35201,
                "node": "1",
                "reporter": "22"
            },
            {
                "delta": 35201,
                "node": "2",
                "reporter": "22"
            },
            {
                "delta": 35202,
                "node": "15",
                "reporter": "22"
            },
            {
                "delta": 35202,
                "node": "26",
                "reporter": "22"
            },
            {
                "delta": 35202,
                "node": "7",
                "reporter": "22"
            },
            {
                "delta": 35202,
                "node": "13",
                "reporter": "22"
            },
            {
                "delta": 35202,
                "node": "21",
                "reporter": "22"
            },
            {
                "delta": 35202,
                "node": "10",
                "reporter": "22"
            },
            {
                "delta": 35210,
                "node": "23",
                "reporter": "25"
            },
            {
                "delta": 35210,
                "node": "24",
                "reporter": "25"
            },
            {
                "delta": 35211,
                "node": "20",
                "reporter": "25"
            },
            {
                "delta": 35211,
                "node": "17",
                "reporter": "25"
            },
            {
                "delta": 35211,
                "node": "9",
                "reporter": "25"
            },
            {
                "delta": 35277,
                "node": "3",
                "reporter": "22"
            },
            {
                "delta": 35277,
                "node": "11",
                "reporter": "22"
            },
            {
                "delta": 35322,
                "node": "20",
                "reporter": "4"
            },
            {
                "delta": 35322,
                "node": "17",
                "reporter": "4"
            },
            {
                "delta": 35322,
                "node": "9",
                "reporter": "4"
            },
            {
                "delta": 35323,
                "node": "23",
                "reporter": "4"
            },
            {
                "delta": 35323,
                "node": "24",
                "reporter": "4"
            },
            {
                "delta": 35367,
                "node": "6",
                "reporter": "18"
            },
            {
                "delta": 35367,
                "node": "19",
                "reporter": "18"
            },
            {
                "delta": 35367,
                "node": "1",
                "reporter": "18"
            },
            {
                "delta": 35367,
                "node": "2",
                "reporter": "18"
            },
            {
                "delta": 35367,
                "node": "13",
                "reporter": "18"
            },
            {
                "delta": 35367,
                "node": "10",
                "reporter": "18"
            },
            {
                "delta": 35367,
                "node": "3",
                "reporter": "18"
            },
            {
                "delta": 35367,
                "node": "11",
                "reporter": "18"
            },
            {
                "delta": 35370,
                "node": "27",
                "reporter": "25"
            },
            {
                "delta": 35452,
                "node": "6",
                "reporter": "5"
            },
            {
                "delta": 35452,
                "node": "23",
                "reporter": "5"
            },
            {
                "delta": 35452,
                "node": "1",
                "reporter": "5"
            },
            {
                "delta": 35454,
                "node": "24",
                "reporter": "5"
            },
            {
                "delta": 35454,
                "node": "20",
                "reporter": "5"
            },
            {
                "delta": 35454,
                "node": "17",
                "reporter": "5"
            },
            {
                "delta": 35461,
                "node": "27",
                "reporter": "22"
            },
            {
                "delta": 35496,
                "node": "6",
                "reporter": "16"
            },
            {
                "delta": 35496,
                "node": "1",
                "reporter": "16"
            },
            {
                "delta": 35511,
                "node": "6",
                "reporter": "12"
            },
            {
                "delta": 35511,
                "node": "23",
                "reporter": "12"
            },
            {
                "delta": 35511,
                "node": "1",
                "reporter": "12"
            },
            {
                "delta": 35511,
                "node": "24",
                "reporter": "12"
            },
            {
                "delta": 35511,
                "node": "20",
                "reporter": "12"
            },
            {
                "delta": 35511,
                "node": "17",
                "reporter": "12"
            },
            {
                "delta": 35547,
                "node": "19",
                "reporter": "16"
            },
            {
                "delta": 35547,
                "node": "2",
                "reporter": "16"
            },
            {
                "delta": 35547,
                "node": "13",
                "reporter": "16"
            },
            {
                "delta": 35547,
                "node": "27",
                "reporter": "16"
            },
            {
                "delta": 35547,
                "node": "10",
                "reporter": "16"
            },
            {
                "delta": 35547,
                "node": "11",
                "reporter": "16"
            },
            {
                "delta": 35547,
                "node": "3",
                "reporter": "16"
            },
            {
                "delta": 35697,
                "node": "6",
                "reporter": "14"
            },
            {
                "delta": 35697,
                "node": "23",
                "reporter": "14"
            },
            {
                "delta": 35697,
                "node": "1",
                "reporter": "14"
            },
            {
                "delta": 35697,
                "node": "24",
                "reporter": "14"
            },
            {
                "delta": 35697,
                "node": "20",
                "reporter": "14"
            },
            {
                "delta": 35697,
                "node": "17",
                "reporter": "14"
            },
            {
                "delta": 35706,
                "node": "23",
                "reporter": "29"
            },
            {
                "delta": 35706,
                "node": "24",
                "reporter": "29"
            },
            {
                "delta": 35707,
                "node": "20",
                "reporter": "29"
            },
            {
                "delta": 35707,
                "node": "17",
                "reporter": "29"
            },
            {
                "delta": 35707,
                "node": "30",
                "reporter": "29"
            },
            {
                "delta": 35707,
                "node": "9",
                "reporter": "29"
            },
            {
                "delta": 35815,
                "node": "19",
                "reporter": "29"
            },
            {
                "delta": 35815,
                "node": "2",
                "reporter": "29"
            },
            {
                "delta": 35815,
                "node": "13",
                "reporter": "29"
            },
            {
                "delta": 35815,
                "node": "27",
                "reporter": "29"
            },
            {
                "delta": 35938,
                "node": "10",
                "reporter": "29"
            },
            {
                "delta": 35938,
                "node": "11",
                "reporter": "29"
            },
            {
                "delta": 35938,
                "node": "3",
                "reporter": "29"
            },
            {
                "delta": 36031,
                "node": "27",
                "reporter": "4"
            },
            {
                "delta": 36246,
                "node": "27",
                "reporter": "18"
            },
            {
                "delta": 36350,
                "node": "6",
                "reporter": "8"
            },
            {
                "delta": 36350,
                "node": "23",
                "reporter": "8"
            },
            {
                "delta": 36350,
                "node": "1",
                "reporter": "8"
            },
            {
                "delta": 36350,
                "node": "24",
                "reporter": "8"
            },
            {
                "delta": 36350,
                "node": "20",
                "reporter": "8"
            },
            {
                "delta": 36350,
                "node": "17",
                "reporter": "8"
            }
        ]
    }
}