
{
    "id": "00416",
    "seed": 42,
    "repetition": 0,
    "settings": {
        "simulate_catastrophe": true,
        "number_of_nodes": 30,
        "duration": 120000,
        "gossip_delta": 200,
        "failure_delta": 1400,
        "miss_delta": 1400,
        "push_pull": true,
        "pick_strategy": 2,
        "enable_multicast": false,
        "multicast_parameter": null,
        "multicast_max_wait": null,
        "expected_first_multicast": null
    },
    "result": {
        "start_time": 1500767299756,
        "end_time": 1500767419767,
        "expected_crashes": [
            {
                "delta": 31130,
                "node": "27"
            },
            {
                "delta": 31130,
                "node": "13"
            },
            {
                "delta": 31130,
                "node": "10"
            },
            {
                "delta": 31130,
                "node": "21"
            },
            {
                "delta": 31130,
                "node": "30"
            },
            {
                "delta": 31130,
                "node": "3"
            },
            {
                "delta": 31130,
                "node": "28"
            },
            {
                "delta": 31130,
                "node": "6"
            },
            {
                "delta": 31130,
                "node": "24"
            },
            {
                "delta": 31130,
                "node": "9"
            },
            {
                "delta": 31130,
                "node": "19"
            },
            {
                "delta": 31130,
                "node": "7"
            },
            {
                "delta": 31130,
                "node": "23"
            },
            {
                "delta": 31130,
                "node": "26"
            },
            {
                "delta": 31130,
                "node": "15"
            },
            {
                "delta": 31130,
                "node": "2"
            },
            {
                "delta": 31130,
                "node": "17"
            },
            {
                "delta": 31130,
                "node": "1"
            },
            {
                "delta": 31130,
                "node": "20"
            },
            {
                "delta": 31130,
                "node": "11"
            }
        ],
        "reported_crashes": [
            {
                "delta": 32196,
                "node": "23",
                "reporter": "12"
            },
            {
                "delta": 32237,
                "node": "9",
                "reporter": "16"
            },
            {
                "delta": 32312,
                "node": "9",
                "reporter": "8"
            },
            {
                "delta": 32336,
                "node": "1",
                "reporter": "22"
            },
            {
                "delta": 32356,
                "node": "19",
                "reporter": "22"
            },
            {
                "delta": 32381,
                "node": "13",
                "reporter": "8"
            },
            {
                "delta": 32386,
                "node": "6",
                "reporter": "12"
            },
            {
                "delta": 32386,
                "node": "18",
                "reporter": "12"
            },
            {
                "delta": 32444,
                "node": "7",
                "reporter": "29"
            },
            {
                "delta": 32451,
                "node": "10",
                "reporter": "4"
            },
            {
                "delta": 32459,
                "node": "6",
                "reporter": "5"
            },
            {
                "delta": 32460,
                "node": "6",
                "reporter": "25"
            },
            {
                "delta": 32460,
                "node": "11",
                "reporter": "25"
            },
            {
                "delta": 32472,
                "node": "27",
                "reporter": "8"
            },
            {
                "delta": 32477,
                "node": "1",
                "reporter": "16"
            },
            {
                "delta": 32482,
                "node": "10",
                "reporter": "8"
            },
            {
                "delta": 32491,
                "node": "6",
                "reporter": "8"
            },
            {
                "delta": 32521,
                "node": "19",
                "reporter": "25"
            },
            {
                "delta": 32521,
                "node": "12",
                "reporter": "25"
            },
            {
                "delta": 32521,
                "node": "15",
                "reporter": "25"
            },
            {
                "delta": 32521,
                "node": "27",
                "reporter": "25"
            },
            {
                "delta": 32521,
                "node": "10",
                "reporter": "25"
            },
            {
                "delta": 32521,
                "node": "3",
                "reporter": "25"
            },
            {
                "delta": 32534,
                "node": "6",
                "reporter": "29"
            },
            {
                "delta": 32534,
                "node": "28",
                "reporter": "29"
            },
            {
                "delta": 32574,
                "node": "13",
                "reporter": "29"
            },
            {
                "delta": 32574,
                "node": "9",
                "reporter": "29"
            },
            {
                "delta": 32576,
                "node": "24",
                "reporter": "22"
            },
            {
                "delta": 32596,
                "node": "2",
                "reporter": "22"
            },
            {
                "delta": 32596,
                "node": "26",
                "reporter": "22"
            },
            {
                "delta": 32601,
                "node": "2",
                "reporter": "4"
            },
            {
                "delta": 32601,
                "node": "13",
                "reporter": "4"
            },
            {
                "delta": 32601,
                "node": "27",
                "reporter": "4"
            },
            {
                "delta": 32601,
                "node": "3",
                "reporter": "4"
            },
            {
                "delta": 32601,
                "node": "9",
                "reporter": "4"
            },
            {
                "delta": 32607,
                "node": "6",
                "reporter": "14"
            },
            {
                "delta": 32616,
                "node": "24",
                "reporter": "18"
            },
            {
                "delta": 32617,
                "node": "23",
                "reporter": "16"
            },
            {
                "delta": 32617,
                "node": "17",
                "reporter": "16"
            },
            {
                "delta": 32617,
                "node": "7",
                "reporter": "16"
            },
            {
                "delta": 32617,
                "node": "21",
                "reporter": "16"
            },
            {
                "delta": 32617,
                "node": "28",
                "reporter": "16"
            },
            {
                "delta": 32630,
                "node": "1",
                "reporter": "25"
            },
            {
                "delta": 32630,
                "node": "2",
                "reporter": "25"
            },
            {
                "delta": 32631,
                "node": "4",
                "reporter": "25"
            },
            {
                "delta": 32631,
                "node": "26",
                "reporter": "25"
            },
            {
                "delta": 32631,
                "node": "17",
                "reporter": "25"
            },
            {
                "delta": 32631,
                "node": "28",
                "reporter": "25"
            },
            {
                "delta": 32647,
                "node": "19",
                "reporter": "16"
            },
            {
                "delta": 32647,
                "node": "27",
                "reporter": "16"
            },
            {
                "delta": 32668,
                "node": "11",
                "reporter": "16"
            },
            {
                "delta": 32668,
                "node": "25",
                "reporter": "16"
            },
            {
                "delta": 32678,
                "node": "23",
                "reporter": "5"
            },
            {
                "delta": 32678,
                "node": "20",
                "reporter": "5"
            },
            {
                "delta": 32679,
                "node": "21",
                "reporter": "5"
            },
            {
                "delta": 32681,
                "node": "15",
                "reporter": "4"
            },
            {
                "delta": 32681,
                "node": "26",
                "reporter": "4"
            },
            {
                "delta": 32729,
                "node": "30",
                "reporter": "5"
            },
            {
                "delta": 32729,
                "node": "7",
                "reporter": "5"
            },
            {
                "delta": 32756,
                "node": "7",
                "reporter": "22"
            },
            {
                "delta": 32757,
                "node": "13",
                "reporter": "22"
            },
            {
                "delta": 32757,
                "node": "9",
                "reporter": "22"
            },
            {
                "delta": 32776,
                "node": "15",
                "reporter": "12"
            },
            {
                "delta": 32776,
                "node": "10",
                "reporter": "12"
            },
            {
                "delta": 32776,
                "node": "3",
                "reporter": "12"
            },
            {
                "delta": 32778,
                "node": "1",
                "reporter": "14"
            },
            {
                "delta": 32778,
                "node": "24",
                "reporter": "14"
            },
            {
                "delta": 32778,
                "node": "28",
                "reporter": "14"
            },
            {
                "delta": 32804,
                "node": "20",
                "reporter": "29"
            },
            {
                "delta": 32804,
                "node": "12",
                "reporter": "29"
            },
            {
                "delta": 32933,
                "node": "19",
                "reporter": "29"
            },
            {
                "delta": 32933,
                "node": "1",
                "reporter": "29"
            },
            {
                "delta": 32933,
                "node": "2",
                "reporter": "29"
            },
            {
                "delta": 32933,
                "node": "4",
                "reporter": "29"
            },
            {
                "delta": 32933,
                "node": "15",
                "reporter": "29"
            },
            {
                "delta": 32934,
                "node": "17",
                "reporter": "29"
            },
            {
                "delta": 32934,
                "node": "27",
                "reporter": "29"
            },
            {
                "delta": 33026,
                "node": "10",
                "reporter": "22"
            },
            {
                "delta": 33026,
                "node": "3",
                "reporter": "22"
            },
            {
                "delta": 33048,
                "node": "23",
                "reporter": "18"
            },
            {
                "delta": 33048,
                "node": "14",
                "reporter": "18"
            },
            {
                "delta": 33048,
                "node": "30",
                "reporter": "18"
            },
            {
                "delta": 33048,
                "node": "7",
                "reporter": "18"
            },
            {
                "delta": 33048,
                "node": "5",
                "reporter": "18"
            },
            {
                "delta": 33048,
                "node": "21",
                "reporter": "18"
            },
            {
                "delta": 33097,
                "node": "2",
                "reporter": "12"
            },
            {
                "delta": 33097,
                "node": "7",
                "reporter": "12"
            },
            {
                "delta": 33097,
                "node": "13",
                "reporter": "12"
            },
            {
                "delta": 33097,
                "node": "9",
                "reporter": "12"
            },
            {
                "delta": 33119,
                "node": "2",
                "reporter": "5"
            },
            {
                "delta": 33119,
                "node": "29",
                "reporter": "5"
            },
            {
                "delta": 33119,
                "node": "26",
                "reporter": "5"
            },
            {
                "delta": 33119,
                "node": "22",
                "reporter": "5"
            },
            {
                "delta": 33120,
                "node": "13",
                "reporter": "5"
            },
            {
                "delta": 33120,
                "node": "9",
                "reporter": "5"
            },
            {
                "delta": 33126,
                "node": "23",
                "reporter": "22"
            },
            {
                "delta": 33126,
                "node": "30",
                "reporter": "22"
            },
            {
                "delta": 33126,
                "node": "21",
                "reporter": "22"
            },
            {
                "delta": 33127,
                "node": "6",
                "reporter": "16"
            },
            {
                "delta": 33127,
                "node": "10",
                "reporter": "16"
            },
            {
                "delta": 33161,
                "node": "7",
                "reporter": "25"
            },
            {
                "delta": 33161,
                "node": "13",
                "reporter": "25"
            },
            {
                "delta": 33161,
                "node": "9",
                "reporter": "25"
            },
            {
                "delta": 33161,
                "node": "20",
                "reporter": "25"
            },
            {
                "delta": 33182,
                "node": "23",
                "reporter": "8"
            },
            {
                "delta": 33182,
                "node": "1",
                "reporter": "8"
            },
            {
                "delta": 33182,
                "node": "17",
                "reporter": "8"
            },
            {
                "delta": 33187,
                "node": "7",
                "reporter": "8"
            },
            {
                "delta": 33188,
                "node": "21",
                "reporter": "8"
            },
            {
                "delta": 33188,
                "node": "28",
                "reporter": "8"
            },
            {
                "delta": 33188,
                "node": "11",
                "reporter": "8"
            },
            {
                "delta": 33188,
                "node": "19",
                "reporter": "8"
            },
            {
                "delta": 33374,
                "node": "26",
                "reporter": "29"
            },
            {
                "delta": 33374,
                "node": "10",
                "reporter": "29"
            },
            {
                "delta": 33374,
                "node": "3",
                "reporter": "29"
            },
            {
                "delta": 33374,
                "node": "11",
                "reporter": "29"
            },
            {
                "delta": 33374,
                "node": "25",
                "reporter": "29"
            },
            {
                "delta": 33428,
                "node": "23",
                "reporter": "14"
            },
            {
                "delta": 33428,
                "node": "2",
                "reporter": "14"
            },
            {
                "delta": 33428,
                "node": "18",
                "reporter": "14"
            },
            {
                "delta": 33428,
                "node": "15",
                "reporter": "14"
            },
            {
                "delta": 33428,
                "node": "30",
                "reporter": "14"
            },
            {
                "delta": 33428,
                "node": "7",
                "reporter": "14"
            },
            {
                "delta": 33428,
                "node": "13",
                "reporter": "14"
            },
            {
                "delta": 33428,
                "node": "21",
                "reporter": "14"
            },
            {
                "delta": 33428,
                "node": "9",
                "reporter": "14"
            },
            {
                "delta": 33532,
                "node": "15",
                "reporter": "8"
            },
            {
                "delta": 33547,
                "node": "18",
                "reporter": "16"
            },
            {
                "delta": 33547,
                "node": "30",
                "reporter": "16"
            },
            {
                "delta": 33559,
                "node": "24",
                "reporter": "5"
            },
            {
                "delta": 33593,
                "node": "23",
                "reporter": "29"
            },
            {
                "delta": 33593,
                "node": "24",
                "reporter": "29"
            },
            {
                "delta": 33593,
                "node": "30",
                "reporter": "29"
            },
            {
                "delta": 33593,
                "node": "21",
                "reporter": "29"
            },
            {
                "delta": 33607,
                "node": "20",
                "reporter": "14"
            },
            {
                "delta": 33608,
                "node": "29",
                "reporter": "14"
            },
            {
                "delta": 33608,
                "node": "26",
                "reporter": "14"
            },
            {
                "delta": 33608,
                "node": "10",
                "reporter": "14"
            },
            {
                "delta": 33647,
                "node": "29",
                "reporter": "18"
            },
            {
                "delta": 33647,
                "node": "26",
                "reporter": "18"
            },
            {
                "delta": 33647,
                "node": "13",
                "reporter": "18"
            },
            {
                "delta": 33647,
                "node": "10",
                "reporter": "18"
            },
            {
                "delta": 33647,
                "node": "9",
                "reporter": "18"
            },
            {
                "delta": 33647,
                "node": "2",
                "reporter": "18"
            },
            {
                "delta": 33647,
                "node": "20",
                "reporter": "18"
            },
            {
                "delta": 33650,
                "node": "6",
                "reporter": "4"
            },
            {
                "delta": 33651,
                "node": "19",
                "reporter": "4"
            },
            {
                "delta": 33651,
                "node": "8",
                "reporter": "4"
            },
            {
                "delta": 33651,
                "node": "23",
                "reporter": "4"
            },
            {
                "delta": 33651,
                "node": "1",
                "reporter": "4"
            },
            {
                "delta": 33651,
                "node": "20",
                "reporter": "4"
            },
            {
                "delta": 33651,
                "node": "12",
                "reporter": "4"
            },
            {
                "delta": 33651,
                "node": "17",
                "reporter": "4"
            },
            {
                "delta": 33651,
                "node": "7",
                "reporter": "4"
            },
            {
                "delta": 33651,
                "node": "21",
                "reporter": "4"
            },
            {
                "delta": 33698,
                "node": "6",
                "reporter": "18"
            },
            {
                "delta": 33698,
                "node": "19",
                "reporter": "18"
            },
            {
                "delta": 33698,
                "node": "1",
                "reporter": "18"
            },
            {
                "delta": 33698,
                "node": "17",
                "reporter": "18"
            },
            {
                "delta": 33698,
                "node": "27",
                "reporter": "18"
            },
            {
                "delta": 33731,
                "node": "23",
                "reporter": "25"
            },
            {
                "delta": 33731,
                "node": "24",
                "reporter": "25"
            },
            {
                "delta": 33731,
                "node": "14",
                "reporter": "25"
            },
            {
                "delta": 33731,
                "node": "30",
                "reporter": "25"
            },
            {
                "delta": 33731,
                "node": "21",
                "reporter": "25"
            },
            {
                "delta": 33795,
                "node": "28",
                "reporter": "18"
            },
            {
                "delta": 33795,
                "node": "11",
                "reporter": "18"
            },
            {
                "delta": 33798,
                "node": "24",
                "reporter": "16"
            },
            {
                "delta": 33798,
                "node": "2",
                "reporter": "16"
            },
            {
                "delta": 33798,
                "node": "13",
                "reporter": "16"
            },
            {
                "delta": 33817,
                "node": "3",
                "reporter": "18"
            },
            {
                "delta": 33831,
                "node": "28",
                "reporter": "4"
            },
            {
                "delta": 33832,
                "node": "11",
                "reporter": "4"
            },
            {
                "delta": 33832,
                "node": "25",
                "reporter": "4"
            },
            {
                "delta": 33842,
                "node": "2",
                "reporter": "8"
            },
            {
                "delta": 33842,
                "node": "30",
                "reporter": "8"
            },
            {
                "delta": 33842,
                "node": "3",
                "reporter": "8"
            },
            {
                "delta": 33846,
                "node": "6",
                "reporter": "22"
            },
            {
                "delta": 33847,
                "node": "15",
                "reporter": "22"
            },
            {
                "delta": 33847,
                "node": "17",
                "reporter": "22"
            },
            {
                "delta": 33847,
                "node": "27",
                "reporter": "22"
            },
            {
                "delta": 33847,
                "node": "28",
                "reporter": "22"
            },
            {
                "delta": 33847,
                "node": "11",
                "reporter": "22"
            },
            {
                "delta": 33897,
                "node": "3",
                "reporter": "16"
            },
            {
                "delta": 33966,
                "node": "19",
                "reporter": "12"
            },
            {
                "delta": 33966,
                "node": "1",
                "reporter": "12"
            },
            {
                "delta": 33966,
                "node": "20",
                "reporter": "12"
            },
            {
                "delta": 33966,
                "node": "26",
                "reporter": "12"
            },
            {
                "delta": 33966,
                "node": "17",
                "reporter": "12"
            },
            {
                "delta": 33967,
                "node": "30",
                "reporter": "12"
            },
            {
                "delta": 33967,
                "node": "21",
                "reporter": "12"
            },
            {
                "delta": 33967,
                "node": "27",
                "reporter": "12"
            },
            {
                "delta": 33967,
                "node": "28",
                "reporter": "12"
            },
            {
                "delta": 33967,
                "node": "11",
                "reporter": "12"
            },
            {
                "delta": 33969,
                "node": "19",
                "reporter": "5"
            },
            {
                "delta": 33969,
                "node": "1",
                "reporter": "5"
            },
            {
                "delta": 33969,
                "node": "16",
                "reporter": "5"
            },
            {
                "delta": 33969,
                "node": "17",
                "reporter": "5"
            },
            {
                "delta": 33970,
                "node": "27",
                "reporter": "5"
            },
            {
                "delta": 33970,
                "node": "28",
                "reporter": "5"
            },
            {
                "delta": 33970,
                "node": "10",
                "reporter": "5"
            },
            {
                "delta": 33970,
                "node": "11",
                "reporter": "5"
            },
            {
                "delta": 34115,
                "node": "24",
                "reporter": "12"
            },
            {
                "delta": 34126,
                "node": "20",
                "reporter": "22"
            },
            {
                "delta": 34357,
                "node": "15",
                "reporter": "18"
            },
            {
                "delta": 34368,
                "node": "15",
                "reporter": "5"
            },
            {
                "delta": 34371,
                "node": "30",
                "reporter": "4"
            },
            {
                "delta": 34371,
                "node": "24",
                "reporter": "4"
            },
            {
                "delta": 34398,
                "node": "19",
                "reporter": "14"
            },
            {
                "delta": 34398,
                "node": "17",
                "reporter": "14"
            },
            {
                "delta": 34398,
                "node": "27",
                "reporter": "14"
            },
            {
                "delta": 34398,
                "node": "3",
                "reporter": "14"
            },
            {
                "delta": 34398,
                "node": "11",
                "reporter": "14"
            },
            {
                "delta": 34432,
                "node": "20",
                "reporter": "8"
            },
            {
                "delta": 34432,
                "node": "26",
                "reporter": "8"
            },
            {
                "delta": 34476,
                "node": "20",
                "reporter": "16"
            },
            {
                "delta": 34477,
                "node": "15",
                "reporter": "16"
            },
            {
                "delta": 34539,
                "node": "3",
                "reporter": "5"
            },
            {
                "delta": 34652,
                "node": "24",
                "reporter": "8"
            },
            {
                "delta": 34997,
                "node": "26",
                "reporter": "16"
            },
            {
                "delta": 72833,
                "node": "18",
                "reporter": "29"
            },
            {
                "delta": 87380,
                "node": "29",
                "reporter": "25"
            }
        ]
    }
}