
{
    "id": "00412",
    "seed": 42,
    "repetition": 0,
    "settings": {
        "simulate_catastrophe": true,
        "number_of_nodes": 30,
        "duration": 120000,
        "gossip_delta": 200,
        "failure_delta": 1400,
        "miss_delta": 1400,
        "push_pull": true,
        "pick_strategy": 1,
        "enable_multicast": true,
        "multicast_parameter": 1.0,
        "multicast_max_wait": 1400,
        "expected_first_multicast": 466
    },
    "result": {
        "start_time": 1500766799636,
        "end_time": 1500766919647,
        "expected_crashes": [
            {
                "delta": 31130,
                "node": "27"
            },
            {
                "delta": 31130,
                "node": "13"
            },
            {
                "delta": 31130,
                "node": "10"
            },
            {
                "delta": 31130,
                "node": "21"
            },
            {
                "delta": 31130,
                "node": "30"
            },
            {
                "delta": 31130,
                "node": "3"
            },
            {
                "delta": 31130,
                "node": "28"
            },
            {
                "delta": 31130,
                "node": "6"
            },
            {
                "delta": 31130,
                "node": "24"
            },
            {
                "delta": 31130,
                "node": "9"
            },
            {
                "delta": 31130,
                "node": "19"
            },
            {
                "delta": 31130,
                "node": "7"
            },
            {
                "delta": 31130,
                "node": "23"
            },
            {
                "delta": 31130,
                "node": "26"
            },
            {
                "delta": 31130,
                "node": "15"
            },
            {
                "delta": 31130,
                "node": "2"
            },
            {
                "delta": 31130,
                "node": "17"
            },
            {
                "delta": 31130,
                "node": "1"
            },
            {
                "delta": 31130,
                "node": "20"
            },
            {
                "delta": 31130,
                "node": "11"
            }
        ],
        "reported_crashes": [
            {
                "delta": 33670,
                "node": "30",
                "reporter": "25"
            },
            {
                "delta": 33719,
                "node": "19",
                "reporter": "25"
            },
            {
                "delta": 33757,
                "node": "9",
                "reporter": "14"
            },
            {
                "delta": 33766,
                "node": "21",
                "reporter": "16"
            },
            {
                "delta": 33790,
                "node": "1",
                "reporter": "25"
            },
            {
                "delta": 33796,
                "node": "2",
                "reporter": "18"
            },
            {
                "delta": 33796,
                "node": "10",
                "reporter": "18"
            },
            {
                "delta": 33846,
                "node": "17",
                "reporter": "14"
            },
            {
                "delta": 33857,
                "node": "21",
                "reporter": "14"
            },
            {
                "delta": 33909,
                "node": "13",
                "reporter": "5"
            },
            {
                "delta": 33910,
                "node": "11",
                "reporter": "25"
            },
            {
                "delta": 33944,
                "node": "21",
                "reporter": "29"
            },
            {
                "delta": 33961,
                "node": "1",
                "reporter": "8"
            },
            {
                "delta": 33964,
                "node": "7",
                "reporter": "29"
            },
            {
                "delta": 33975,
                "node": "6",
                "reporter": "18"
            },
            {
                "delta": 34010,
                "node": "13",
                "reporter": "25"
            },
            {
                "delta": 34010,
                "node": "28",
                "reporter": "25"
            },
            {
                "delta": 34019,
                "node": "11",
                "reporter": "5"
            },
            {
                "delta": 34036,
                "node": "7",
                "reporter": "16"
            },
            {
                "delta": 34040,
                "node": "27",
                "reporter": "22"
            },
            {
                "delta": 34051,
                "node": "19",
                "reporter": "22"
            },
            {
                "delta": 34051,
                "node": "1",
                "reporter": "22"
            },
            {
                "delta": 34051,
                "node": "30",
                "reporter": "22"
            },
            {
                "delta": 34055,
                "node": "3",
                "reporter": "18"
            },
            {
                "delta": 34065,
                "node": "9",
                "reporter": "18"
            },
            {
                "delta": 34066,
                "node": "19",
                "reporter": "12"
            },
            {
                "delta": 34066,
                "node": "20",
                "reporter": "12"
            },
            {
                "delta": 34081,
                "node": "20",
                "reporter": "22"
            },
            {
                "delta": 34091,
                "node": "19",
                "reporter": "8"
            },
            {
                "delta": 34091,
                "node": "30",
                "reporter": "8"
            },
            {
                "delta": 34092,
                "node": "23",
                "reporter": "8"
            },
            {
                "delta": 34126,
                "node": "13",
                "reporter": "12"
            },
            {
                "delta": 34135,
                "node": "28",
                "reporter": "12"
            },
            {
                "delta": 34151,
                "node": "13",
                "reporter": "8"
            },
            {
                "delta": 34151,
                "node": "28",
                "reporter": "8"
            },
            {
                "delta": 34171,
                "node": "17",
                "reporter": "4"
            },
            {
                "delta": 34171,
                "node": "9",
                "reporter": "4"
            },
            {
                "delta": 34177,
                "node": "15",
                "reporter": "16"
            },
            {
                "delta": 34184,
                "node": "26",
                "reporter": "29"
            },
            {
                "delta": 34221,
                "node": "6",
                "reporter": "22"
            },
            {
                "delta": 34221,
                "node": "24",
                "reporter": "22"
            },
            {
                "delta": 34221,
                "node": "2",
                "reporter": "22"
            },
            {
                "delta": 34222,
                "node": "10",
                "reporter": "22"
            },
            {
                "delta": 34227,
                "node": "19",
                "reporter": "16"
            },
            {
                "delta": 34227,
                "node": "20",
                "reporter": "16"
            },
            {
                "delta": 34227,
                "node": "13",
                "reporter": "16"
            },
            {
                "delta": 34227,
                "node": "28",
                "reporter": "16"
            },
            {
                "delta": 34249,
                "node": "28",
                "reporter": "5"
            },
            {
                "delta": 34346,
                "node": "6",
                "reporter": "12"
            },
            {
                "delta": 34347,
                "node": "2",
                "reporter": "12"
            },
            {
                "delta": 34347,
                "node": "10",
                "reporter": "12"
            },
            {
                "delta": 34347,
                "node": "3",
                "reporter": "12"
            },
            {
                "delta": 34347,
                "node": "9",
                "reporter": "12"
            },
            {
                "delta": 34347,
                "node": "15",
                "reporter": "12"
            },
            {
                "delta": 34347,
                "node": "7",
                "reporter": "12"
            },
            {
                "delta": 34347,
                "node": "21",
                "reporter": "12"
            },
            {
                "delta": 34496,
                "node": "19",
                "reporter": "18"
            },
            {
                "delta": 34496,
                "node": "20",
                "reporter": "18"
            },
            {
                "delta": 34496,
                "node": "13",
                "reporter": "18"
            },
            {
                "delta": 34497,
                "node": "28",
                "reporter": "18"
            },
            {
                "delta": 34515,
                "node": "6",
                "reporter": "8"
            },
            {
                "delta": 34515,
                "node": "2",
                "reporter": "8"
            },
            {
                "delta": 34516,
                "node": "10",
                "reporter": "8"
            },
            {
                "delta": 34516,
                "node": "3",
                "reporter": "8"
            },
            {
                "delta": 34516,
                "node": "9",
                "reporter": "8"
            },
            {
                "delta": 34526,
                "node": "23",
                "reporter": "18"
            },
            {
                "delta": 34526,
                "node": "1",
                "reporter": "18"
            },
            {
                "delta": 34535,
                "node": "30",
                "reporter": "18"
            },
            {
                "delta": 34595,
                "node": "15",
                "reporter": "18"
            },
            {
                "delta": 34595,
                "node": "7",
                "reporter": "18"
            },
            {
                "delta": 34604,
                "node": "21",
                "reporter": "18"
            },
            {
                "delta": 34611,
                "node": "21",
                "reporter": "4"
            },
            {
                "delta": 34611,
                "node": "20",
                "reporter": "8"
            },
            {
                "delta": 34617,
                "node": "6",
                "reporter": "16"
            },
            {
                "delta": 34617,
                "node": "23",
                "reporter": "16"
            },
            {
                "delta": 34617,
                "node": "1",
                "reporter": "16"
            },
            {
                "delta": 34617,
                "node": "2",
                "reporter": "16"
            },
            {
                "delta": 34617,
                "node": "30",
                "reporter": "16"
            },
            {
                "delta": 34617,
                "node": "10",
                "reporter": "16"
            },
            {
                "delta": 34617,
                "node": "3",
                "reporter": "16"
            },
            {
                "delta": 34618,
                "node": "9",
                "reporter": "16"
            },
            {
                "delta": 34621,
                "node": "11",
                "reporter": "8"
            },
            {
                "delta": 34651,
                "node": "21",
                "reporter": "8"
            },
            {
                "delta": 34651,
                "node": "17",
                "reporter": "8"
            },
            {
                "delta": 34667,
                "node": "26",
                "reporter": "16"
            },
            {
                "delta": 34730,
                "node": "6",
                "reporter": "5"
            },
            {
                "delta": 34730,
                "node": "19",
                "reporter": "5"
            },
            {
                "delta": 34730,
                "node": "23",
                "reporter": "5"
            },
            {
                "delta": 34730,
                "node": "1",
                "reporter": "5"
            },
            {
                "delta": 34732,
                "node": "2",
                "reporter": "5"
            },
            {
                "delta": 34732,
                "node": "20",
                "reporter": "5"
            },
            {
                "delta": 34732,
                "node": "30",
                "reporter": "5"
            },
            {
                "delta": 34732,
                "node": "10",
                "reporter": "5"
            },
            {
                "delta": 34732,
                "node": "3",
                "reporter": "5"
            },
            {
                "delta": 34733,
                "node": "9",
                "reporter": "5"
            },
            {
                "delta": 34761,
                "node": "6",
                "reporter": "4"
            },
            {
                "delta": 34761,
                "node": "19",
                "reporter": "4"
            },
            {
                "delta": 34761,
                "node": "23",
                "reporter": "4"
            },
            {
                "delta": 34762,
                "node": "1",
                "reporter": "4"
            },
            {
                "delta": 34762,
                "node": "2",
                "reporter": "4"
            },
            {
                "delta": 34762,
                "node": "20",
                "reporter": "4"
            },
            {
                "delta": 34762,
                "node": "30",
                "reporter": "4"
            },
            {
                "delta": 34762,
                "node": "13",
                "reporter": "4"
            },
            {
                "delta": 34762,
                "node": "28",
                "reporter": "4"
            },
            {
                "delta": 34792,
                "node": "10",
                "reporter": "4"
            },
            {
                "delta": 34792,
                "node": "3",
                "reporter": "4"
            },
            {
                "delta": 34792,
                "node": "11",
                "reporter": "4"
            },
            {
                "delta": 34831,
                "node": "6",
                "reporter": "25"
            },
            {
                "delta": 34832,
                "node": "23",
                "reporter": "25"
            },
            {
                "delta": 34832,
                "node": "2",
                "reporter": "25"
            },
            {
                "delta": 34832,
                "node": "20",
                "reporter": "25"
            },
            {
                "delta": 34832,
                "node": "17",
                "reporter": "25"
            },
            {
                "delta": 34832,
                "node": "21",
                "reporter": "25"
            },
            {
                "delta": 34832,
                "node": "10",
                "reporter": "25"
            },
            {
                "delta": 34832,
                "node": "3",
                "reporter": "25"
            },
            {
                "delta": 34832,
                "node": "9",
                "reporter": "25"
            },
            {
                "delta": 34885,
                "node": "6",
                "reporter": "29"
            },
            {
                "delta": 34885,
                "node": "19",
                "reporter": "29"
            },
            {
                "delta": 34885,
                "node": "23",
                "reporter": "29"
            },
            {
                "delta": 34885,
                "node": "1",
                "reporter": "29"
            },
            {
                "delta": 34885,
                "node": "2",
                "reporter": "29"
            },
            {
                "delta": 34885,
                "node": "20",
                "reporter": "29"
            },
            {
                "delta": 34885,
                "node": "15",
                "reporter": "29"
            },
            {
                "delta": 34885,
                "node": "30",
                "reporter": "29"
            },
            {
                "delta": 34885,
                "node": "13",
                "reporter": "29"
            },
            {
                "delta": 34886,
                "node": "28",
                "reporter": "29"
            },
            {
                "delta": 34901,
                "node": "7",
                "reporter": "8"
            },
            {
                "delta": 34901,
                "node": "15",
                "reporter": "8"
            },
            {
                "delta": 34916,
                "node": "1",
                "reporter": "12"
            },
            {
                "delta": 34916,
                "node": "24",
                "reporter": "12"
            },
            {
                "delta": 34916,
                "node": "30",
                "reporter": "12"
            },
            {
                "delta": 34916,
                "node": "27",
                "reporter": "12"
            },
            {
                "delta": 34921,
                "node": "15",
                "reporter": "22"
            },
            {
                "delta": 34921,
                "node": "7",
                "reporter": "22"
            },
            {
                "delta": 34921,
                "node": "13",
                "reporter": "22"
            },
            {
                "delta": 34921,
                "node": "21",
                "reporter": "22"
            },
            {
                "delta": 34923,
                "node": "28",
                "reporter": "22"
            },
            {
                "delta": 34923,
                "node": "3",
                "reporter": "22"
            },
            {
                "delta": 34923,
                "node": "9",
                "reporter": "22"
            },
            {
                "delta": 34937,
                "node": "17",
                "reporter": "16"
            },
            {
                "delta": 34937,
                "node": "11",
                "reporter": "16"
            },
            {
                "delta": 34940,
                "node": "26",
                "reporter": "8"
            },
            {
                "delta": 34955,
                "node": "23",
                "reporter": "12"
            },
            {
                "delta": 34955,
                "node": "17",
                "reporter": "12"
            },
            {
                "delta": 34955,
                "node": "11",
                "reporter": "12"
            },
            {
                "delta": 35107,
                "node": "24",
                "reporter": "16"
            },
            {
                "delta": 35107,
                "node": "27",
                "reporter": "16"
            },
            {
                "delta": 35116,
                "node": "10",
                "reporter": "29"
            },
            {
                "delta": 35116,
                "node": "3",
                "reporter": "29"
            },
            {
                "delta": 35116,
                "node": "9",
                "reporter": "29"
            },
            {
                "delta": 35226,
                "node": "26",
                "reporter": "12"
            },
            {
                "delta": 35590,
                "node": "24",
                "reporter": "5"
            },
            {
                "delta": 35590,
                "node": "15",
                "reporter": "5"
            },
            {
                "delta": 35590,
                "node": "7",
                "reporter": "5"
            },
            {
                "delta": 35590,
                "node": "21",
                "reporter": "5"
            },
            {
                "delta": 35590,
                "node": "27",
                "reporter": "5"
            },
            {
                "delta": 35601,
                "node": "23",
                "reporter": "22"
            },
            {
                "delta": 35601,
                "node": "11",
                "reporter": "22"
            },
            {
                "delta": 35627,
                "node": "26",
                "reporter": "18"
            },
            {
                "delta": 35627,
                "node": "17",
                "reporter": "18"
            },
            {
                "delta": 35627,
                "node": "11",
                "reporter": "18"
            },
            {
                "delta": 35785,
                "node": "24",
                "reporter": "18"
            },
            {
                "delta": 35785,
                "node": "27",
                "reporter": "18"
            },
            {
                "delta": 35801,
                "node": "17",
                "reporter": "22"
            },
            {
                "delta": 35811,
                "node": "24",
                "reporter": "25"
            },
            {
                "delta": 35811,
                "node": "15",
                "reporter": "25"
            },
            {
                "delta": 35811,
                "node": "7",
                "reporter": "25"
            },
            {
                "delta": 35811,
                "node": "27",
                "reporter": "25"
            },
            {
                "delta": 35829,
                "node": "26",
                "reporter": "5"
            },
            {
                "delta": 35829,
                "node": "17",
                "reporter": "5"
            },
            {
                "delta": 35841,
                "node": "24",
                "reporter": "8"
            },
            {
                "delta": 35841,
                "node": "27",
                "reporter": "8"
            },
            {
                "delta": 35944,
                "node": "24",
                "reporter": "29"
            },
            {
                "delta": 35944,
                "node": "17",
                "reporter": "29"
            },
            {
                "delta": 35944,
                "node": "27",
                "reporter": "29"
            },
            {
                "delta": 35945,
                "node": "11",
                "reporter": "29"
            },
            {
                "delta": 35970,
                "node": "26",
                "reporter": "25"
            },
            {
                "delta": 36062,
                "node": "24",
                "reporter": "4"
            },
            {
                "delta": 36062,
                "node": "15",
                "reporter": "4"
            },
            {
                "delta": 36062,
                "node": "26",
                "reporter": "4"
            },
            {
                "delta": 36062,
                "node": "7",
                "reporter": "4"
            },
            {
                "delta": 36062,
                "node": "27",
                "reporter": "4"
            },
            {
                "delta": 36159,
                "node": "6",
                "reporter": "14"
            },
            {
                "delta": 36159,
                "node": "19",
                "reporter": "14"
            },
            {
                "delta": 36159,
                "node": "23",
                "reporter": "14"
            },
            {
                "delta": 36159,
                "node": "1",
                "reporter": "14"
            },
            {
                "delta": 36159,
                "node": "24",
                "reporter": "14"
            },
            {
                "delta": 36159,
                "node": "2",
                "reporter": "14"
            },
            {
                "delta": 36159,
                "node": "20",
                "reporter": "14"
            },
            {
                "delta": 36159,
                "node": "15",
                "reporter": "14"
            },
            {
                "delta": 36159,
                "node": "26",
                "reporter": "14"
            },
            {
                "delta": 36159,
                "node": "30",
                "reporter": "14"
            },
            {
                "delta": 36159,
                "node": "7",
                "reporter": "14"
            },
            {
                "delta": 36159,
                "node": "13",
                "reporter": "14"
            },
            {
                "delta": 36306,
                "node": "27",
                "reporter": "14"
            },
            {
                "delta": 36307,
                "node": "28",
                "reporter": "14"
            },
            {
                "delta": 36307,
                "node": "10",
                "reporter": "14"
            },
            {
                "delta": 36307,
                "node": "11",
                "reporter": "14"
            },
            {
                "delta": 36307,
                "node": "3",
                "reporter": "14"
            },
            {
                "delta": 36591,
                "node": "26",
                "reporter": "22"
            }
        ]
    }
}