
{
    "id": "00410",
    "seed": 42,
    "repetition": 0,
    "settings": {
        "simulate_catastrophe": true,
        "number_of_nodes": 30,
        "duration": 120000,
        "gossip_delta": 200,
        "failure_delta": 1400,
        "miss_delta": 1400,
        "push_pull": true,
        "pick_strategy": 0,
        "enable_multicast": true,
        "multicast_parameter": 1.0,
        "multicast_max_wait": 2800,
        "expected_first_multicast": 933
    },
    "result": {
        "start_time": 1500766549576,
        "end_time": 1500766669586,
        "expected_crashes": [
            {
                "delta": 31130,
                "node": "27"
            },
            {
                "delta": 31130,
                "node": "13"
            },
            {
                "delta": 31130,
                "node": "10"
            },
            {
                "delta": 31130,
                "node": "21"
            },
            {
                "delta": 31130,
                "node": "30"
            },
            {
                "delta": 31130,
                "node": "3"
            },
            {
                "delta": 31130,
                "node": "28"
            },
            {
                "delta": 31130,
                "node": "6"
            },
            {
                "delta": 31130,
                "node": "24"
            },
            {
                "delta": 31130,
                "node": "9"
            },
            {
                "delta": 31130,
                "node": "19"
            },
            {
                "delta": 31130,
                "node": "7"
            },
            {
                "delta": 31130,
                "node": "23"
            },
            {
                "delta": 31130,
                "node": "26"
            },
            {
                "delta": 31130,
                "node": "15"
            },
            {
                "delta": 31130,
                "node": "2"
            },
            {
                "delta": 31130,
                "node": "17"
            },
            {
                "delta": 31130,
                "node": "1"
            },
            {
                "delta": 31130,
                "node": "20"
            },
            {
                "delta": 31130,
                "node": "11"
            }
        ],
        "reported_crashes": [
            {
                "delta": 33851,
                "node": "17",
                "reporter": "12"
            },
            {
                "delta": 33884,
                "node": "13",
                "reporter": "29"
            },
            {
                "delta": 33890,
                "node": "5",
                "reporter": "8"
            },
            {
                "delta": 33945,
                "node": "19",
                "reporter": "22"
            },
            {
                "delta": 33945,
                "node": "15",
                "reporter": "22"
            },
            {
                "delta": 33945,
                "node": "13",
                "reporter": "22"
            },
            {
                "delta": 33945,
                "node": "27",
                "reporter": "22"
            },
            {
                "delta": 33966,
                "node": "7",
                "reporter": "14"
            },
            {
                "delta": 33981,
                "node": "17",
                "reporter": "4"
            },
            {
                "delta": 34015,
                "node": "11",
                "reporter": "29"
            },
            {
                "delta": 34016,
                "node": "21",
                "reporter": "16"
            },
            {
                "delta": 34022,
                "node": "26",
                "reporter": "12"
            },
            {
                "delta": 34022,
                "node": "3",
                "reporter": "12"
            },
            {
                "delta": 34046,
                "node": "20",
                "reporter": "18"
            },
            {
                "delta": 34051,
                "node": "10",
                "reporter": "12"
            },
            {
                "delta": 34081,
                "node": "7",
                "reporter": "8"
            },
            {
                "delta": 34081,
                "node": "24",
                "reporter": "8"
            },
            {
                "delta": 34081,
                "node": "30",
                "reporter": "8"
            },
            {
                "delta": 34110,
                "node": "24",
                "reporter": "25"
            },
            {
                "delta": 34110,
                "node": "30",
                "reporter": "25"
            },
            {
                "delta": 34111,
                "node": "23",
                "reporter": "12"
            },
            {
                "delta": 34111,
                "node": "13",
                "reporter": "12"
            },
            {
                "delta": 34146,
                "node": "3",
                "reporter": "18"
            },
            {
                "delta": 34147,
                "node": "5",
                "reporter": "18"
            },
            {
                "delta": 34187,
                "node": "28",
                "reporter": "16"
            },
            {
                "delta": 34204,
                "node": "1",
                "reporter": "29"
            },
            {
                "delta": 34204,
                "node": "2",
                "reporter": "29"
            },
            {
                "delta": 34205,
                "node": "23",
                "reporter": "22"
            },
            {
                "delta": 34210,
                "node": "6",
                "reporter": "5"
            },
            {
                "delta": 34210,
                "node": "13",
                "reporter": "5"
            },
            {
                "delta": 34210,
                "node": "11",
                "reporter": "5"
            },
            {
                "delta": 34255,
                "node": "7",
                "reporter": "29"
            },
            {
                "delta": 34256,
                "node": "6",
                "reporter": "18"
            },
            {
                "delta": 34256,
                "node": "9",
                "reporter": "18"
            },
            {
                "delta": 34266,
                "node": "1",
                "reporter": "14"
            },
            {
                "delta": 34266,
                "node": "2",
                "reporter": "14"
            },
            {
                "delta": 34266,
                "node": "13",
                "reporter": "14"
            },
            {
                "delta": 34267,
                "node": "20",
                "reporter": "16"
            },
            {
                "delta": 34267,
                "node": "3",
                "reporter": "16"
            },
            {
                "delta": 34267,
                "node": "9",
                "reporter": "16"
            },
            {
                "delta": 34270,
                "node": "17",
                "reporter": "8"
            },
            {
                "delta": 34276,
                "node": "11",
                "reporter": "14"
            },
            {
                "delta": 34370,
                "node": "19",
                "reporter": "25"
            },
            {
                "delta": 34370,
                "node": "23",
                "reporter": "25"
            },
            {
                "delta": 34370,
                "node": "15",
                "reporter": "25"
            },
            {
                "delta": 34371,
                "node": "13",
                "reporter": "25"
            },
            {
                "delta": 34371,
                "node": "27",
                "reporter": "25"
            },
            {
                "delta": 34382,
                "node": "24",
                "reporter": "4"
            },
            {
                "delta": 34382,
                "node": "30",
                "reporter": "4"
            },
            {
                "delta": 34382,
                "node": "7",
                "reporter": "4"
            },
            {
                "delta": 34385,
                "node": "1",
                "reporter": "22"
            },
            {
                "delta": 34386,
                "node": "2",
                "reporter": "22"
            },
            {
                "delta": 34386,
                "node": "7",
                "reporter": "22"
            },
            {
                "delta": 34386,
                "node": "11",
                "reporter": "22"
            },
            {
                "delta": 34425,
                "node": "24",
                "reporter": "22"
            },
            {
                "delta": 34425,
                "node": "30",
                "reporter": "22"
            },
            {
                "delta": 34426,
                "node": "21",
                "reporter": "18"
            },
            {
                "delta": 34426,
                "node": "28",
                "reporter": "18"
            },
            {
                "delta": 34476,
                "node": "19",
                "reporter": "14"
            },
            {
                "delta": 34476,
                "node": "23",
                "reporter": "14"
            },
            {
                "delta": 34476,
                "node": "15",
                "reporter": "14"
            },
            {
                "delta": 34476,
                "node": "27",
                "reporter": "14"
            },
            {
                "delta": 34600,
                "node": "26",
                "reporter": "25"
            },
            {
                "delta": 34600,
                "node": "17",
                "reporter": "25"
            },
            {
                "delta": 34600,
                "node": "10",
                "reporter": "25"
            },
            {
                "delta": 34601,
                "node": "3",
                "reporter": "25"
            },
            {
                "delta": 34646,
                "node": "26",
                "reporter": "22"
            },
            {
                "delta": 34646,
                "node": "17",
                "reporter": "22"
            },
            {
                "delta": 34646,
                "node": "10",
                "reporter": "22"
            },
            {
                "delta": 34646,
                "node": "3",
                "reporter": "22"
            },
            {
                "delta": 34652,
                "node": "19",
                "reporter": "12"
            },
            {
                "delta": 34653,
                "node": "1",
                "reporter": "12"
            },
            {
                "delta": 34653,
                "node": "24",
                "reporter": "12"
            },
            {
                "delta": 34653,
                "node": "2",
                "reporter": "12"
            },
            {
                "delta": 34653,
                "node": "15",
                "reporter": "12"
            },
            {
                "delta": 34653,
                "node": "30",
                "reporter": "12"
            },
            {
                "delta": 34653,
                "node": "7",
                "reporter": "12"
            },
            {
                "delta": 34653,
                "node": "27",
                "reporter": "12"
            },
            {
                "delta": 34653,
                "node": "11",
                "reporter": "12"
            },
            {
                "delta": 34788,
                "node": "19",
                "reporter": "16"
            },
            {
                "delta": 34788,
                "node": "23",
                "reporter": "16"
            },
            {
                "delta": 34788,
                "node": "1",
                "reporter": "16"
            },
            {
                "delta": 34788,
                "node": "24",
                "reporter": "16"
            },
            {
                "delta": 34788,
                "node": "2",
                "reporter": "16"
            },
            {
                "delta": 34788,
                "node": "15",
                "reporter": "16"
            },
            {
                "delta": 34788,
                "node": "26",
                "reporter": "16"
            },
            {
                "delta": 34788,
                "node": "17",
                "reporter": "16"
            },
            {
                "delta": 34789,
                "node": "30",
                "reporter": "16"
            },
            {
                "delta": 34789,
                "node": "7",
                "reporter": "16"
            },
            {
                "delta": 34790,
                "node": "1",
                "reporter": "25"
            },
            {
                "delta": 34790,
                "node": "2",
                "reporter": "25"
            },
            {
                "delta": 34791,
                "node": "20",
                "reporter": "25"
            },
            {
                "delta": 34791,
                "node": "7",
                "reporter": "25"
            },
            {
                "delta": 34791,
                "node": "21",
                "reporter": "25"
            },
            {
                "delta": 34791,
                "node": "28",
                "reporter": "25"
            },
            {
                "delta": 34791,
                "node": "11",
                "reporter": "25"
            },
            {
                "delta": 34792,
                "node": "9",
                "reporter": "25"
            },
            {
                "delta": 34808,
                "node": "13",
                "reporter": "16"
            },
            {
                "delta": 34808,
                "node": "27",
                "reporter": "16"
            },
            {
                "delta": 34808,
                "node": "10",
                "reporter": "16"
            },
            {
                "delta": 34808,
                "node": "11",
                "reporter": "16"
            },
            {
                "delta": 34845,
                "node": "20",
                "reporter": "22"
            },
            {
                "delta": 34845,
                "node": "21",
                "reporter": "22"
            },
            {
                "delta": 34845,
                "node": "28",
                "reporter": "22"
            },
            {
                "delta": 34845,
                "node": "9",
                "reporter": "22"
            },
            {
                "delta": 34872,
                "node": "20",
                "reporter": "4"
            },
            {
                "delta": 34872,
                "node": "21",
                "reporter": "4"
            },
            {
                "delta": 34872,
                "node": "28",
                "reporter": "4"
            },
            {
                "delta": 34872,
                "node": "3",
                "reporter": "4"
            },
            {
                "delta": 34872,
                "node": "9",
                "reporter": "4"
            },
            {
                "delta": 34883,
                "node": "19",
                "reporter": "4"
            },
            {
                "delta": 34883,
                "node": "23",
                "reporter": "4"
            },
            {
                "delta": 34883,
                "node": "1",
                "reporter": "4"
            },
            {
                "delta": 34883,
                "node": "2",
                "reporter": "4"
            },
            {
                "delta": 34883,
                "node": "15",
                "reporter": "4"
            },
            {
                "delta": 34884,
                "node": "26",
                "reporter": "4"
            },
            {
                "delta": 34884,
                "node": "13",
                "reporter": "4"
            },
            {
                "delta": 34884,
                "node": "27",
                "reporter": "4"
            },
            {
                "delta": 34884,
                "node": "10",
                "reporter": "4"
            },
            {
                "delta": 34884,
                "node": "11",
                "reporter": "4"
            },
            {
                "delta": 35026,
                "node": "24",
                "reporter": "18"
            },
            {
                "delta": 35026,
                "node": "17",
                "reporter": "18"
            },
            {
                "delta": 35026,
                "node": "30",
                "reporter": "18"
            },
            {
                "delta": 35026,
                "node": "7",
                "reporter": "18"
            },
            {
                "delta": 35062,
                "node": "20",
                "reporter": "12"
            },
            {
                "delta": 35062,
                "node": "21",
                "reporter": "12"
            },
            {
                "delta": 35062,
                "node": "28",
                "reporter": "12"
            },
            {
                "delta": 35062,
                "node": "9",
                "reporter": "12"
            },
            {
                "delta": 35267,
                "node": "24",
                "reporter": "14"
            },
            {
                "delta": 35267,
                "node": "20",
                "reporter": "14"
            },
            {
                "delta": 35267,
                "node": "26",
                "reporter": "14"
            },
            {
                "delta": 35267,
                "node": "17",
                "reporter": "14"
            },
            {
                "delta": 35267,
                "node": "30",
                "reporter": "14"
            },
            {
                "delta": 35267,
                "node": "21",
                "reporter": "14"
            },
            {
                "delta": 35267,
                "node": "28",
                "reporter": "14"
            },
            {
                "delta": 35267,
                "node": "10",
                "reporter": "14"
            },
            {
                "delta": 35267,
                "node": "3",
                "reporter": "14"
            },
            {
                "delta": 35267,
                "node": "9",
                "reporter": "14"
            },
            {
                "delta": 35531,
                "node": "1",
                "reporter": "8"
            },
            {
                "delta": 35531,
                "node": "2",
                "reporter": "8"
            },
            {
                "delta": 35531,
                "node": "13",
                "reporter": "8"
            },
            {
                "delta": 35540,
                "node": "11",
                "reporter": "8"
            },
            {
                "delta": 35632,
                "node": "23",
                "reporter": "8"
            },
            {
                "delta": 35632,
                "node": "19",
                "reporter": "8"
            },
            {
                "delta": 35632,
                "node": "20",
                "reporter": "8"
            },
            {
                "delta": 35632,
                "node": "26",
                "reporter": "8"
            },
            {
                "delta": 35632,
                "node": "15",
                "reporter": "8"
            },
            {
                "delta": 35632,
                "node": "21",
                "reporter": "8"
            },
            {
                "delta": 35632,
                "node": "27",
                "reporter": "8"
            },
            {
                "delta": 35632,
                "node": "28",
                "reporter": "8"
            },
            {
                "delta": 35632,
                "node": "10",
                "reporter": "8"
            },
            {
                "delta": 35632,
                "node": "3",
                "reporter": "8"
            },
            {
                "delta": 35686,
                "node": "6",
                "reporter": "14"
            },
            {
                "delta": 35704,
                "node": "24",
                "reporter": "29"
            },
            {
                "delta": 35704,
                "node": "17",
                "reporter": "29"
            },
            {
                "delta": 35705,
                "node": "30",
                "reporter": "29"
            },
            {
                "delta": 35707,
                "node": "9",
                "reporter": "8"
            },
            {
                "delta": 35717,
                "node": "19",
                "reporter": "18"
            },
            {
                "delta": 35717,
                "node": "23",
                "reporter": "18"
            },
            {
                "delta": 35717,
                "node": "1",
                "reporter": "18"
            },
            {
                "delta": 35717,
                "node": "2",
                "reporter": "18"
            },
            {
                "delta": 35717,
                "node": "15",
                "reporter": "18"
            },
            {
                "delta": 35717,
                "node": "26",
                "reporter": "18"
            },
            {
                "delta": 35717,
                "node": "13",
                "reporter": "18"
            },
            {
                "delta": 35717,
                "node": "27",
                "reporter": "18"
            },
            {
                "delta": 35717,
                "node": "11",
                "reporter": "18"
            },
            {
                "delta": 35717,
                "node": "10",
                "reporter": "18"
            },
            {
                "delta": 35810,
                "node": "19",
                "reporter": "5"
            },
            {
                "delta": 35810,
                "node": "23",
                "reporter": "5"
            },
            {
                "delta": 35810,
                "node": "1",
                "reporter": "5"
            },
            {
                "delta": 35810,
                "node": "24",
                "reporter": "5"
            },
            {
                "delta": 35810,
                "node": "20",
                "reporter": "5"
            },
            {
                "delta": 35810,
                "node": "2",
                "reporter": "5"
            },
            {
                "delta": 35811,
                "node": "15",
                "reporter": "5"
            },
            {
                "delta": 35811,
                "node": "26",
                "reporter": "5"
            },
            {
                "delta": 35811,
                "node": "17",
                "reporter": "5"
            },
            {
                "delta": 35811,
                "node": "30",
                "reporter": "5"
            },
            {
                "delta": 35926,
                "node": "6",
                "reporter": "16"
            },
            {
                "delta": 35993,
                "node": "7",
                "reporter": "5"
            },
            {
                "delta": 35993,
                "node": "21",
                "reporter": "5"
            },
            {
                "delta": 35993,
                "node": "27",
                "reporter": "5"
            },
            {
                "delta": 35993,
                "node": "28",
                "reporter": "5"
            },
            {
                "delta": 35993,
                "node": "3",
                "reporter": "5"
            },
            {
                "delta": 35993,
                "node": "10",
                "reporter": "5"
            },
            {
                "delta": 35993,
                "node": "9",
                "reporter": "5"
            },
            {
                "delta": 36061,
                "node": "6",
                "reporter": "25"
            },
            {
                "delta": 36124,
                "node": "19",
                "reporter": "29"
            },
            {
                "delta": 36124,
                "node": "23",
                "reporter": "29"
            },
            {
                "delta": 36124,
                "node": "20",
                "reporter": "29"
            },
            {
                "delta": 36124,
                "node": "15",
                "reporter": "29"
            },
            {
                "delta": 36125,
                "node": "26",
                "reporter": "29"
            },
            {
                "delta": 36125,
                "node": "27",
                "reporter": "29"
            },
            {
                "delta": 36125,
                "node": "21",
                "reporter": "29"
            },
            {
                "delta": 36125,
                "node": "28",
                "reporter": "29"
            },
            {
                "delta": 36125,
                "node": "3",
                "reporter": "29"
            },
            {
                "delta": 36125,
                "node": "10",
                "reporter": "29"
            },
            {
                "delta": 36315,
                "node": "6",
                "reporter": "22"
            },
            {
                "delta": 36356,
                "node": "9",
                "reporter": "29"
            },
            {
                "delta": 36397,
                "node": "6",
                "reporter": "12"
            },
            {
                "delta": 36434,
                "node": "6",
                "reporter": "29"
            },
            {
                "delta": 36562,
                "node": "6",
                "reporter": "4"
            },
            {
                "delta": 36750,
                "node": "6",
                "reporter": "8"
            },
            {
                "delta": 36865,
                "node": "5",
                "reporter": "29"
            },
            {
                "delta": 37081,
                "node": "5",
                "reporter": "4"
            },
            {
                "delta": 37086,
                "node": "5",
                "reporter": "14"
            },
            {
                "delta": 37285,
                "node": "5",
                "reporter": "22"
            },
            {
                "delta": 37297,
                "node": "5",
                "reporter": "16"
            },
            {
                "delta": 37530,
                "node": "5",
                "reporter": "25"
            },
            {
                "delta": 37641,
                "node": "5",
                "reporter": "12"
            },
            {
                "delta": 38530,
                "node": "25",
                "reporter": "5"
            },
            {
                "delta": 39050,
                "node": "4",
                "reporter": "5"
            },
            {
                "delta": 39050,
                "node": "18",
                "reporter": "5"
            },
            {
                "delta": 39051,
                "node": "8",
                "reporter": "5"
            },
            {
                "delta": 39051,
                "node": "12",
                "reporter": "5"
            },
            {
                "delta": 39051,
                "node": "16",
                "reporter": "5"
            },
            {
                "delta": 39051,
                "node": "14",
                "reporter": "5"
            },
            {
                "delta": 39051,
                "node": "29",
                "reporter": "5"
            },
            {
                "delta": 39051,
                "node": "22",
                "reporter": "5"
            }
        ]
    }
}