
{
    "id": "00418",
    "seed": 42,
    "repetition": 0,
    "settings": {
        "simulate_catastrophe": true,
        "number_of_nodes": 30,
        "duration": 120000,
        "gossip_delta": 200,
        "failure_delta": 1400,
        "miss_delta": 1400,
        "push_pull": true,
        "pick_strategy": 2,
        "enable_multicast": true,
        "multicast_parameter": 1.0,
        "multicast_max_wait": 1400,
        "expected_first_multicast": 933
    },
    "result": {
        "start_time": 1500767549816,
        "end_time": 1500767669826,
        "expected_crashes": [
            {
                "delta": 31130,
                "node": "27"
            },
            {
                "delta": 31130,
                "node": "13"
            },
            {
                "delta": 31130,
                "node": "10"
            },
            {
                "delta": 31130,
                "node": "21"
            },
            {
                "delta": 31130,
                "node": "30"
            },
            {
                "delta": 31130,
                "node": "3"
            },
            {
                "delta": 31130,
                "node": "28"
            },
            {
                "delta": 31130,
                "node": "6"
            },
            {
                "delta": 31130,
                "node": "24"
            },
            {
                "delta": 31130,
                "node": "9"
            },
            {
                "delta": 31130,
                "node": "19"
            },
            {
                "delta": 31130,
                "node": "7"
            },
            {
                "delta": 31130,
                "node": "23"
            },
            {
                "delta": 31130,
                "node": "26"
            },
            {
                "delta": 31130,
                "node": "15"
            },
            {
                "delta": 31130,
                "node": "2"
            },
            {
                "delta": 31130,
                "node": "17"
            },
            {
                "delta": 31130,
                "node": "1"
            },
            {
                "delta": 31130,
                "node": "20"
            },
            {
                "delta": 31130,
                "node": "11"
            }
        ],
        "reported_crashes": [
            {
                "delta": 33788,
                "node": "10",
                "reporter": "5"
            },
            {
                "delta": 33842,
                "node": "7",
                "reporter": "8"
            },
            {
                "delta": 33852,
                "node": "10",
                "reporter": "8"
            },
            {
                "delta": 33921,
                "node": "15",
                "reporter": "25"
            },
            {
                "delta": 33980,
                "node": "6",
                "reporter": "25"
            },
            {
                "delta": 34024,
                "node": "21",
                "reporter": "22"
            },
            {
                "delta": 34047,
                "node": "21",
                "reporter": "16"
            },
            {
                "delta": 34058,
                "node": "19",
                "reporter": "14"
            },
            {
                "delta": 34075,
                "node": "6",
                "reporter": "22"
            },
            {
                "delta": 34075,
                "node": "27",
                "reporter": "22"
            },
            {
                "delta": 34109,
                "node": "23",
                "reporter": "5"
            },
            {
                "delta": 34110,
                "node": "26",
                "reporter": "5"
            },
            {
                "delta": 34118,
                "node": "6",
                "reporter": "5"
            },
            {
                "delta": 34118,
                "node": "27",
                "reporter": "5"
            },
            {
                "delta": 34120,
                "node": "9",
                "reporter": "5"
            },
            {
                "delta": 34120,
                "node": "1",
                "reporter": "25"
            },
            {
                "delta": 34120,
                "node": "20",
                "reporter": "25"
            },
            {
                "delta": 34121,
                "node": "11",
                "reporter": "25"
            },
            {
                "delta": 34168,
                "node": "24",
                "reporter": "5"
            },
            {
                "delta": 34178,
                "node": "6",
                "reporter": "12"
            },
            {
                "delta": 34178,
                "node": "15",
                "reporter": "12"
            },
            {
                "delta": 34201,
                "node": "17",
                "reporter": "8"
            },
            {
                "delta": 34210,
                "node": "28",
                "reporter": "4"
            },
            {
                "delta": 34214,
                "node": "15",
                "reporter": "22"
            },
            {
                "delta": 34287,
                "node": "21",
                "reporter": "12"
            },
            {
                "delta": 34287,
                "node": "27",
                "reporter": "12"
            },
            {
                "delta": 34313,
                "node": "19",
                "reporter": "29"
            },
            {
                "delta": 34313,
                "node": "30",
                "reporter": "29"
            },
            {
                "delta": 34314,
                "node": "3",
                "reporter": "29"
            },
            {
                "delta": 34329,
                "node": "2",
                "reporter": "5"
            },
            {
                "delta": 34329,
                "node": "13",
                "reporter": "5"
            },
            {
                "delta": 34343,
                "node": "6",
                "reporter": "18"
            },
            {
                "delta": 34343,
                "node": "23",
                "reporter": "18"
            },
            {
                "delta": 34344,
                "node": "24",
                "reporter": "18"
            },
            {
                "delta": 34344,
                "node": "26",
                "reporter": "18"
            },
            {
                "delta": 34344,
                "node": "27",
                "reporter": "18"
            },
            {
                "delta": 34344,
                "node": "10",
                "reporter": "18"
            },
            {
                "delta": 34344,
                "node": "9",
                "reporter": "18"
            },
            {
                "delta": 34368,
                "node": "3",
                "reporter": "14"
            },
            {
                "delta": 34368,
                "node": "30",
                "reporter": "14"
            },
            {
                "delta": 34539,
                "node": "15",
                "reporter": "5"
            },
            {
                "delta": 34539,
                "node": "21",
                "reporter": "5"
            },
            {
                "delta": 34545,
                "node": "23",
                "reporter": "22"
            },
            {
                "delta": 34545,
                "node": "24",
                "reporter": "22"
            },
            {
                "delta": 34545,
                "node": "2",
                "reporter": "22"
            },
            {
                "delta": 34545,
                "node": "26",
                "reporter": "22"
            },
            {
                "delta": 34545,
                "node": "13",
                "reporter": "22"
            },
            {
                "delta": 34546,
                "node": "10",
                "reporter": "22"
            },
            {
                "delta": 34546,
                "node": "9",
                "reporter": "22"
            },
            {
                "delta": 34563,
                "node": "17",
                "reporter": "29"
            },
            {
                "delta": 34563,
                "node": "7",
                "reporter": "29"
            },
            {
                "delta": 34564,
                "node": "10",
                "reporter": "29"
            },
            {
                "delta": 34582,
                "node": "19",
                "reporter": "8"
            },
            {
                "delta": 34582,
                "node": "30",
                "reporter": "8"
            },
            {
                "delta": 34582,
                "node": "3",
                "reporter": "8"
            },
            {
                "delta": 34708,
                "node": "23",
                "reporter": "14"
            },
            {
                "delta": 34708,
                "node": "24",
                "reporter": "14"
            },
            {
                "delta": 34708,
                "node": "2",
                "reporter": "14"
            },
            {
                "delta": 34708,
                "node": "15",
                "reporter": "14"
            },
            {
                "delta": 34708,
                "node": "26",
                "reporter": "14"
            },
            {
                "delta": 34708,
                "node": "13",
                "reporter": "14"
            },
            {
                "delta": 34709,
                "node": "27",
                "reporter": "14"
            },
            {
                "delta": 34709,
                "node": "21",
                "reporter": "14"
            },
            {
                "delta": 34709,
                "node": "10",
                "reporter": "14"
            },
            {
                "delta": 34709,
                "node": "6",
                "reporter": "14"
            },
            {
                "delta": 34762,
                "node": "6",
                "reporter": "8"
            },
            {
                "delta": 34762,
                "node": "1",
                "reporter": "8"
            },
            {
                "delta": 34762,
                "node": "20",
                "reporter": "8"
            },
            {
                "delta": 34762,
                "node": "15",
                "reporter": "8"
            },
            {
                "delta": 34762,
                "node": "11",
                "reporter": "8"
            },
            {
                "delta": 34770,
                "node": "19",
                "reporter": "25"
            },
            {
                "delta": 34770,
                "node": "17",
                "reporter": "25"
            },
            {
                "delta": 34770,
                "node": "30",
                "reporter": "25"
            },
            {
                "delta": 34770,
                "node": "7",
                "reporter": "25"
            },
            {
                "delta": 34771,
                "node": "10",
                "reporter": "25"
            },
            {
                "delta": 34771,
                "node": "3",
                "reporter": "25"
            },
            {
                "delta": 34829,
                "node": "19",
                "reporter": "5"
            },
            {
                "delta": 34829,
                "node": "30",
                "reporter": "5"
            },
            {
                "delta": 34829,
                "node": "3",
                "reporter": "5"
            },
            {
                "delta": 34855,
                "node": "9",
                "reporter": "14"
            },
            {
                "delta": 34957,
                "node": "6",
                "reporter": "16"
            },
            {
                "delta": 34957,
                "node": "15",
                "reporter": "16"
            },
            {
                "delta": 34957,
                "node": "27",
                "reporter": "16"
            },
            {
                "delta": 35118,
                "node": "19",
                "reporter": "12"
            },
            {
                "delta": 35119,
                "node": "23",
                "reporter": "12"
            },
            {
                "delta": 35119,
                "node": "24",
                "reporter": "12"
            },
            {
                "delta": 35119,
                "node": "2",
                "reporter": "12"
            },
            {
                "delta": 35119,
                "node": "26",
                "reporter": "12"
            },
            {
                "delta": 35119,
                "node": "30",
                "reporter": "12"
            },
            {
                "delta": 35119,
                "node": "13",
                "reporter": "12"
            },
            {
                "delta": 35119,
                "node": "10",
                "reporter": "12"
            },
            {
                "delta": 35119,
                "node": "3",
                "reporter": "12"
            },
            {
                "delta": 35181,
                "node": "15",
                "reporter": "18"
            },
            {
                "delta": 35181,
                "node": "21",
                "reporter": "18"
            },
            {
                "delta": 35197,
                "node": "23",
                "reporter": "16"
            },
            {
                "delta": 35197,
                "node": "24",
                "reporter": "16"
            },
            {
                "delta": 35197,
                "node": "26",
                "reporter": "16"
            },
            {
                "delta": 35197,
                "node": "10",
                "reporter": "16"
            },
            {
                "delta": 35197,
                "node": "9",
                "reporter": "16"
            },
            {
                "delta": 35208,
                "node": "9",
                "reporter": "12"
            },
            {
                "delta": 35278,
                "node": "19",
                "reporter": "16"
            },
            {
                "delta": 35278,
                "node": "17",
                "reporter": "16"
            },
            {
                "delta": 35278,
                "node": "30",
                "reporter": "16"
            },
            {
                "delta": 35278,
                "node": "7",
                "reporter": "16"
            },
            {
                "delta": 35278,
                "node": "3",
                "reporter": "16"
            },
            {
                "delta": 35278,
                "node": "1",
                "reporter": "16"
            },
            {
                "delta": 35278,
                "node": "20",
                "reporter": "16"
            },
            {
                "delta": 35278,
                "node": "11",
                "reporter": "16"
            },
            {
                "delta": 35311,
                "node": "28",
                "reporter": "18"
            },
            {
                "delta": 35342,
                "node": "23",
                "reporter": "8"
            },
            {
                "delta": 35342,
                "node": "26",
                "reporter": "8"
            },
            {
                "delta": 35342,
                "node": "24",
                "reporter": "8"
            },
            {
                "delta": 35342,
                "node": "21",
                "reporter": "8"
            },
            {
                "delta": 35342,
                "node": "9",
                "reporter": "8"
            },
            {
                "delta": 35342,
                "node": "27",
                "reporter": "8"
            },
            {
                "delta": 35490,
                "node": "6",
                "reporter": "4"
            },
            {
                "delta": 35490,
                "node": "23",
                "reporter": "4"
            },
            {
                "delta": 35490,
                "node": "24",
                "reporter": "4"
            },
            {
                "delta": 35491,
                "node": "15",
                "reporter": "4"
            },
            {
                "delta": 35491,
                "node": "26",
                "reporter": "4"
            },
            {
                "delta": 35491,
                "node": "21",
                "reporter": "4"
            },
            {
                "delta": 35491,
                "node": "27",
                "reporter": "4"
            },
            {
                "delta": 35491,
                "node": "10",
                "reporter": "4"
            },
            {
                "delta": 35491,
                "node": "9",
                "reporter": "4"
            },
            {
                "delta": 35493,
                "node": "6",
                "reporter": "29"
            },
            {
                "delta": 35494,
                "node": "23",
                "reporter": "29"
            },
            {
                "delta": 35494,
                "node": "24",
                "reporter": "29"
            },
            {
                "delta": 35494,
                "node": "15",
                "reporter": "29"
            },
            {
                "delta": 35494,
                "node": "26",
                "reporter": "29"
            },
            {
                "delta": 35494,
                "node": "21",
                "reporter": "29"
            },
            {
                "delta": 35494,
                "node": "27",
                "reporter": "29"
            },
            {
                "delta": 35495,
                "node": "9",
                "reporter": "29"
            },
            {
                "delta": 35553,
                "node": "28",
                "reporter": "29"
            },
            {
                "delta": 35680,
                "node": "19",
                "reporter": "4"
            },
            {
                "delta": 35680,
                "node": "17",
                "reporter": "4"
            },
            {
                "delta": 35680,
                "node": "30",
                "reporter": "4"
            },
            {
                "delta": 35681,
                "node": "7",
                "reporter": "4"
            },
            {
                "delta": 35681,
                "node": "3",
                "reporter": "4"
            },
            {
                "delta": 35681,
                "node": "2",
                "reporter": "4"
            },
            {
                "delta": 35681,
                "node": "13",
                "reporter": "4"
            },
            {
                "delta": 35701,
                "node": "23",
                "reporter": "25"
            },
            {
                "delta": 35701,
                "node": "24",
                "reporter": "25"
            },
            {
                "delta": 35701,
                "node": "26",
                "reporter": "25"
            },
            {
                "delta": 35701,
                "node": "21",
                "reporter": "25"
            },
            {
                "delta": 35701,
                "node": "27",
                "reporter": "25"
            },
            {
                "delta": 35701,
                "node": "9",
                "reporter": "25"
            },
            {
                "delta": 35778,
                "node": "17",
                "reporter": "14"
            },
            {
                "delta": 35778,
                "node": "7",
                "reporter": "14"
            },
            {
                "delta": 35778,
                "node": "28",
                "reporter": "14"
            },
            {
                "delta": 35931,
                "node": "28",
                "reporter": "8"
            },
            {
                "delta": 36015,
                "node": "19",
                "reporter": "22"
            },
            {
                "delta": 36015,
                "node": "17",
                "reporter": "22"
            },
            {
                "delta": 36015,
                "node": "30",
                "reporter": "22"
            },
            {
                "delta": 36015,
                "node": "7",
                "reporter": "22"
            },
            {
                "delta": 36015,
                "node": "28",
                "reporter": "22"
            },
            {
                "delta": 36015,
                "node": "3",
                "reporter": "22"
            },
            {
                "delta": 36020,
                "node": "1",
                "reporter": "4"
            },
            {
                "delta": 36020,
                "node": "20",
                "reporter": "4"
            },
            {
                "delta": 36020,
                "node": "11",
                "reporter": "4"
            },
            {
                "delta": 36021,
                "node": "2",
                "reporter": "25"
            },
            {
                "delta": 36021,
                "node": "13",
                "reporter": "25"
            },
            {
                "delta": 36021,
                "node": "28",
                "reporter": "25"
            },
            {
                "delta": 36031,
                "node": "2",
                "reporter": "8"
            },
            {
                "delta": 36031,
                "node": "13",
                "reporter": "8"
            },
            {
                "delta": 36093,
                "node": "1",
                "reporter": "29"
            },
            {
                "delta": 36093,
                "node": "20",
                "reporter": "29"
            },
            {
                "delta": 36093,
                "node": "11",
                "reporter": "29"
            },
            {
                "delta": 36104,
                "node": "1",
                "reporter": "22"
            },
            {
                "delta": 36104,
                "node": "20",
                "reporter": "22"
            },
            {
                "delta": 36104,
                "node": "11",
                "reporter": "22"
            },
            {
                "delta": 36117,
                "node": "2",
                "reporter": "16"
            },
            {
                "delta": 36117,
                "node": "13",
                "reporter": "16"
            },
            {
                "delta": 36232,
                "node": "19",
                "reporter": "18"
            },
            {
                "delta": 36232,
                "node": "1",
                "reporter": "18"
            },
            {
                "delta": 36232,
                "node": "20",
                "reporter": "18"
            },
            {
                "delta": 36232,
                "node": "17",
                "reporter": "18"
            },
            {
                "delta": 36232,
                "node": "30",
                "reporter": "18"
            },
            {
                "delta": 36232,
                "node": "7",
                "reporter": "18"
            },
            {
                "delta": 36232,
                "node": "11",
                "reporter": "18"
            },
            {
                "delta": 36232,
                "node": "3",
                "reporter": "18"
            },
            {
                "delta": 36247,
                "node": "28",
                "reporter": "16"
            },
            {
                "delta": 36289,
                "node": "1",
                "reporter": "5"
            },
            {
                "delta": 36289,
                "node": "20",
                "reporter": "5"
            },
            {
                "delta": 36289,
                "node": "17",
                "reporter": "5"
            },
            {
                "delta": 36289,
                "node": "7",
                "reporter": "5"
            },
            {
                "delta": 36289,
                "node": "11",
                "reporter": "5"
            },
            {
                "delta": 36349,
                "node": "28",
                "reporter": "5"
            },
            {
                "delta": 36371,
                "node": "2",
                "reporter": "18"
            },
            {
                "delta": 36371,
                "node": "13",
                "reporter": "18"
            },
            {
                "delta": 36427,
                "node": "1",
                "reporter": "14"
            },
            {
                "delta": 36427,
                "node": "20",
                "reporter": "14"
            },
            {
                "delta": 36428,
                "node": "11",
                "reporter": "14"
            },
            {
                "delta": 36438,
                "node": "17",
                "reporter": "12"
            },
            {
                "delta": 36438,
                "node": "7",
                "reporter": "12"
            },
            {
                "delta": 36438,
                "node": "28",
                "reporter": "12"
            },
            {
                "delta": 36508,
                "node": "1",
                "reporter": "12"
            },
            {
                "delta": 36508,
                "node": "20",
                "reporter": "12"
            },
            {
                "delta": 36508,
                "node": "11",
                "reporter": "12"
            },
            {
                "delta": 36513,
                "node": "2",
                "reporter": "29"
            },
            {
                "delta": 36513,
                "node": "13",
                "reporter": "29"
            }
        ]
    }
}