
{
    "id": "00421",
    "seed": 43,
    "repetition": 0,
    "settings": {
        "simulate_catastrophe": false,
        "number_of_nodes": 30,
        "duration": 120000,
        "gossip_delta": 200,
        "failure_delta": 3800,
        "miss_delta": 3800,
        "push_pull": false,
        "pick_strategy": 0,
        "enable_multicast": false,
        "multicast_parameter": null,
        "multicast_max_wait": null,
        "expected_first_multicast": null
    },
    "result": {
        "start_time": 1500767924906,
        "end_time": 1500768044917,
        "expected_crashes": [
            {
                "delta": 18756,
                "node": "12"
            }
        ],
        "reported_crashes": [
            {
                "delta": 22749,
                "node": "12",
                "reporter": "17"
            },
            {
                "delta": 22905,
                "node": "12",
                "reporter": "30"
            },
            {
                "delta": 22993,
                "node": "12",
                "reporter": "2"
            },
            {
                "delta": 23120,
                "node": "12",
                "reporter": "13"
            },
            {
                "delta": 23135,
                "node": "12",
                "reporter": "10"
            },
            {
                "delta": 23324,
                "node": "12",
                "reporter": "18"
            },
            {
                "delta": 23338,
                "node": "12",
                "reporter": "14"
            },
            {
                "delta": 23350,
                "node": "12",
                "reporter": "25"
            },
            {
                "delta": 23377,
                "node": "12",
                "reporter": "16"
            },
            {
                "delta": 23412,
                "node": "12",
                "reporter": "27"
            },
            {
                "delta": 23522,
                "node": "12",
                "reporter": "9"
            },
            {
                "delta": 23563,
                "node": "12",
                "reporter": "24"
            },
            {
                "delta": 23639,
                "node": "12",
                "reporter": "28"
            },
            {
                "delta": 23640,
                "node": "12",
                "reporter": "20"
            },
            {
                "delta": 23647,
                "node": "12",
                "reporter": "15"
            },
            {
                "delta": 23698,
                "node": "12",
                "reporter": "7"
            },
            {
                "delta": 23742,
                "node": "12",
                "reporter": "1"
            },
            {
                "delta": 23758,
                "node": "12",
                "reporter": "5"
            },
            {
                "delta": 23764,
                "node": "12",
                "reporter": "21"
            },
            {
                "delta": 23773,
                "node": "12",
                "reporter": "23"
            },
            {
                "delta": 23783,
                "node": "12",
                "reporter": "22"
            },
            {
                "delta": 23830,
                "node": "12",
                "reporter": "4"
            },
            {
                "delta": 23892,
                "node": "12",
                "reporter": "11"
            },
            {
                "delta": 23939,
                "node": "12",
                "reporter": "19"
            },
            {
                "delta": 24043,
                "node": "12",
                "reporter": "29"
            },
            {
                "delta": 24096,
                "node": "12",
                "reporter": "6"
            },
            {
                "delta": 24182,
                "node": "12",
                "reporter": "8"
            },
            {
                "delta": 24302,
                "node": "12",
                "reporter": "26"
            },
            {
                "delta": 24308,
                "node": "12",
                "reporter": "3"
            }
        ]
    }
}