
{
    "id": "00433",
    "seed": 43,
    "repetition": 0,
    "settings": {
        "simulate_catastrophe": false,
        "number_of_nodes": 30,
        "duration": 120000,
        "gossip_delta": 200,
        "failure_delta": 3800,
        "miss_delta": 3800,
        "push_pull": false,
        "pick_strategy": 2,
        "enable_multicast": true,
        "multicast_parameter": 5.75,
        "multicast_max_wait": 3800,
        "expected_first_multicast": 2533
    },
    "result": {
        "start_time": 1500769425267,
        "end_time": 1500769545276,
        "expected_crashes": [
            {
                "delta": 18756,
                "node": "12"
            }
        ],
        "reported_crashes": [
            {
                "delta": 26612,
                "node": "12",
                "reporter": "29"
            },
            {
                "delta": 26771,
                "node": "12",
                "reporter": "11"
            },
            {
                "delta": 26930,
                "node": "12",
                "reporter": "26"
            },
            {
                "delta": 26974,
                "node": "12",
                "reporter": "17"
            },
            {
                "delta": 27149,
                "node": "12",
                "reporter": "8"
            },
            {
                "delta": 27162,
                "node": "12",
                "reporter": "18"
            },
            {
                "delta": 27188,
                "node": "12",
                "reporter": "15"
            },
            {
                "delta": 27193,
                "node": "12",
                "reporter": "6"
            },
            {
                "delta": 27287,
                "node": "12",
                "reporter": "25"
            },
            {
                "delta": 27309,
                "node": "12",
                "reporter": "9"
            },
            {
                "delta": 27311,
                "node": "12",
                "reporter": "21"
            },
            {
                "delta": 27398,
                "node": "12",
                "reporter": "24"
            },
            {
                "delta": 27423,
                "node": "12",
                "reporter": "28"
            },
            {
                "delta": 27426,
                "node": "12",
                "reporter": "3"
            },
            {
                "delta": 27436,
                "node": "12",
                "reporter": "7"
            },
            {
                "delta": 27520,
                "node": "12",
                "reporter": "27"
            },
            {
                "delta": 27527,
                "node": "12",
                "reporter": "14"
            },
            {
                "delta": 27530,
                "node": "12",
                "reporter": "2"
            },
            {
                "delta": 27547,
                "node": "12",
                "reporter": "13"
            },
            {
                "delta": 27564,
                "node": "12",
                "reporter": "4"
            },
            {
                "delta": 27606,
                "node": "12",
                "reporter": "30"
            },
            {
                "delta": 27613,
                "node": "12",
                "reporter": "19"
            },
            {
                "delta": 27614,
                "node": "12",
                "reporter": "23"
            },
            {
                "delta": 27633,
                "node": "12",
                "reporter": "20"
            },
            {
                "delta": 27661,
                "node": "12",
                "reporter": "22"
            },
            {
                "delta": 27725,
                "node": "12",
                "reporter": "16"
            },
            {
                "delta": 27732,
                "node": "12",
                "reporter": "5"
            },
            {
                "delta": 27741,
                "node": "12",
                "reporter": "10"
            },
            {
                "delta": 27943,
                "node": "12",
                "reporter": "1"
            }
        ]
    }
}