
{
    "id": "00431",
    "seed": 43,
    "repetition": 0,
    "settings": {
        "simulate_catastrophe": false,
        "number_of_nodes": 30,
        "duration": 120000,
        "gossip_delta": 200,
        "failure_delta": 3800,
        "miss_delta": 3800,
        "push_pull": false,
        "pick_strategy": 2,
        "enable_multicast": false,
        "multicast_parameter": null,
        "multicast_max_wait": null,
        "expected_first_multicast": null
    },
    "result": {
        "start_time": 1500769175207,
        "end_time": 1500769295216,
        "expected_crashes": [
            {
                "delta": 18756,
                "node": "12"
            }
        ],
        "reported_crashes": [
            {
                "delta": 22676,
                "node": "12",
                "reporter": "7"
            },
            {
                "delta": 22965,
                "node": "12",
                "reporter": "3"
            },
            {
                "delta": 23067,
                "node": "12",
                "reporter": "30"
            },
            {
                "delta": 23256,
                "node": "12",
                "reporter": "20"
            },
            {
                "delta": 23273,
                "node": "12",
                "reporter": "19"
            },
            {
                "delta": 23279,
                "node": "12",
                "reporter": "27"
            },
            {
                "delta": 23285,
                "node": "12",
                "reporter": "16"
            },
            {
                "delta": 23416,
                "node": "12",
                "reporter": "17"
            },
            {
                "delta": 23429,
                "node": "12",
                "reporter": "8"
            },
            {
                "delta": 23471,
                "node": "12",
                "reporter": "11"
            },
            {
                "delta": 23500,
                "node": "12",
                "reporter": "9"
            },
            {
                "delta": 23584,
                "node": "12",
                "reporter": "28"
            },
            {
                "delta": 23604,
                "node": "12",
                "reporter": "23"
            },
            {
                "delta": 23641,
                "node": "12",
                "reporter": "10"
            },
            {
                "delta": 23701,
                "node": "12",
                "reporter": "22"
            },
            {
                "delta": 23712,
                "node": "12",
                "reporter": "4"
            },
            {
                "delta": 23721,
                "node": "12",
                "reporter": "21"
            },
            {
                "delta": 23723,
                "node": "12",
                "reporter": "6"
            },
            {
                "delta": 23736,
                "node": "12",
                "reporter": "13"
            },
            {
                "delta": 23750,
                "node": "12",
                "reporter": "26"
            },
            {
                "delta": 23790,
                "node": "12",
                "reporter": "2"
            },
            {
                "delta": 23793,
                "node": "12",
                "reporter": "29"
            },
            {
                "delta": 23923,
                "node": "12",
                "reporter": "5"
            },
            {
                "delta": 23923,
                "node": "12",
                "reporter": "1"
            },
            {
                "delta": 23997,
                "node": "12",
                "reporter": "15"
            },
            {
                "delta": 24007,
                "node": "12",
                "reporter": "24"
            },
            {
                "delta": 24289,
                "node": "12",
                "reporter": "25"
            },
            {
                "delta": 24435,
                "node": "12",
                "reporter": "14"
            },
            {
                "delta": 24475,
                "node": "12",
                "reporter": "18"
            }
        ]
    }
}