
{
    "id": "00439",
    "seed": 43,
    "repetition": 0,
    "settings": {
        "simulate_catastrophe": false,
        "number_of_nodes": 30,
        "duration": 120000,
        "gossip_delta": 200,
        "failure_delta": 3800,
        "miss_delta": 3800,
        "push_pull": true,
        "pick_strategy": 0,
        "enable_multicast": true,
        "multicast_parameter": 1.0,
        "multicast_max_wait": 7600,
        "expected_first_multicast": 1266
    },
    "result": {
        "start_time": 1500770175447,
        "end_time": 1500770295457,
        "expected_crashes": [
            {
                "delta": 18756,
                "node": "12"
            }
        ],
        "reported_crashes": [
            {
                "delta": 26482,
                "node": "12",
                "reporter": "10"
            },
            {
                "delta": 26509,
                "node": "12",
                "reporter": "18"
            },
            {
                "delta": 26618,
                "node": "12",
                "reporter": "24"
            },
            {
                "delta": 26620,
                "node": "12",
                "reporter": "2"
            },
            {
                "delta": 26702,
                "node": "12",
                "reporter": "23"
            },
            {
                "delta": 26764,
                "node": "12",
                "reporter": "30"
            },
            {
                "delta": 26771,
                "node": "12",
                "reporter": "21"
            },
            {
                "delta": 26792,
                "node": "12",
                "reporter": "29"
            },
            {
                "delta": 26826,
                "node": "12",
                "reporter": "16"
            },
            {
                "delta": 26850,
                "node": "12",
                "reporter": "5"
            },
            {
                "delta": 26883,
                "node": "12",
                "reporter": "28"
            },
            {
                "delta": 26909,
                "node": "12",
                "reporter": "27"
            },
            {
                "delta": 26944,
                "node": "12",
                "reporter": "6"
            },
            {
                "delta": 26964,
                "node": "12",
                "reporter": "1"
            },
            {
                "delta": 26968,
                "node": "12",
                "reporter": "8"
            },
            {
                "delta": 26973,
                "node": "12",
                "reporter": "19"
            },
            {
                "delta": 26988,
                "node": "12",
                "reporter": "11"
            },
            {
                "delta": 26997,
                "node": "12",
                "reporter": "15"
            },
            {
                "delta": 26999,
                "node": "12",
                "reporter": "22"
            },
            {
                "delta": 27015,
                "node": "12",
                "reporter": "7"
            },
            {
                "delta": 27029,
                "node": "12",
                "reporter": "9"
            },
            {
                "delta": 27049,
                "node": "12",
                "reporter": "26"
            },
            {
                "delta": 27077,
                "node": "12",
                "reporter": "4"
            },
            {
                "delta": 27117,
                "node": "12",
                "reporter": "25"
            },
            {
                "delta": 27142,
                "node": "12",
                "reporter": "17"
            },
            {
                "delta": 27169,
                "node": "12",
                "reporter": "13"
            },
            {
                "delta": 27175,
                "node": "12",
                "reporter": "14"
            },
            {
                "delta": 27226,
                "node": "12",
                "reporter": "3"
            },
            {
                "delta": 27244,
                "node": "12",
                "reporter": "20"
            }
        ]
    }
}