
{
    "id": "00447",
    "seed": 43,
    "repetition": 0,
    "settings": {
        "simulate_catastrophe": false,
        "number_of_nodes": 30,
        "duration": 120000,
        "gossip_delta": 200,
        "failure_delta": 3800,
        "miss_delta": 3800,
        "push_pull": true,
        "pick_strategy": 2,
        "enable_multicast": true,
        "multicast_parameter": 1.0,
        "multicast_max_wait": 3800,
        "expected_first_multicast": 1266
    },
    "result": {
        "start_time": 1500771175686,
        "end_time": 1500771295697,
        "expected_crashes": [
            {
                "delta": 18756,
                "node": "12"
            }
        ],
        "reported_crashes": [
            {
                "delta": 26381,
                "node": "12",
                "reporter": "8"
            },
            {
                "delta": 26511,
                "node": "12",
                "reporter": "2"
            },
            {
                "delta": 26586,
                "node": "12",
                "reporter": "7"
            },
            {
                "delta": 26611,
                "node": "12",
                "reporter": "9"
            },
            {
                "delta": 26622,
                "node": "12",
                "reporter": "21"
            },
            {
                "delta": 26629,
                "node": "12",
                "reporter": "25"
            },
            {
                "delta": 26794,
                "node": "12",
                "reporter": "13"
            },
            {
                "delta": 26819,
                "node": "12",
                "reporter": "17"
            },
            {
                "delta": 26822,
                "node": "12",
                "reporter": "27"
            },
            {
                "delta": 26827,
                "node": "12",
                "reporter": "16"
            },
            {
                "delta": 26828,
                "node": "12",
                "reporter": "22"
            },
            {
                "delta": 26866,
                "node": "12",
                "reporter": "20"
            },
            {
                "delta": 26873,
                "node": "12",
                "reporter": "30"
            },
            {
                "delta": 26883,
                "node": "12",
                "reporter": "10"
            },
            {
                "delta": 26892,
                "node": "12",
                "reporter": "5"
            },
            {
                "delta": 26906,
                "node": "12",
                "reporter": "23"
            },
            {
                "delta": 26914,
                "node": "12",
                "reporter": "28"
            },
            {
                "delta": 26931,
                "node": "12",
                "reporter": "3"
            },
            {
                "delta": 26933,
                "node": "12",
                "reporter": "29"
            },
            {
                "delta": 26950,
                "node": "12",
                "reporter": "26"
            },
            {
                "delta": 26980,
                "node": "12",
                "reporter": "15"
            },
            {
                "delta": 26989,
                "node": "12",
                "reporter": "11"
            },
            {
                "delta": 27006,
                "node": "12",
                "reporter": "19"
            },
            {
                "delta": 27011,
                "node": "12",
                "reporter": "1"
            },
            {
                "delta": 27024,
                "node": "12",
                "reporter": "6"
            },
            {
                "delta": 27026,
                "node": "12",
                "reporter": "14"
            },
            {
                "delta": 27033,
                "node": "12",
                "reporter": "18"
            },
            {
                "delta": 27048,
                "node": "12",
                "reporter": "24"
            },
            {
                "delta": 27061,
                "node": "12",
                "reporter": "4"
            }
        ]
    }
}