
{
    "id": "00459",
    "seed": 43,
    "repetition": 0,
    "settings": {
        "simulate_catastrophe": false,
        "number_of_nodes": 30,
        "duration": 120000,
        "gossip_delta": 200,
        "failure_delta": 3400,
        "miss_delta": 3400,
        "push_pull": false,
        "pick_strategy": 1,
        "enable_multicast": true,
        "multicast_parameter": 1.0,
        "multicast_max_wait": 6800,
        "expected_first_multicast": 1133
    },
    "result": {
        "start_time": 1500772676046,
        "end_time": 1500772796056,
        "expected_crashes": [
            {
                "delta": 18756,
                "node": "12"
            }
        ],
        "reported_crashes": [
            {
                "delta": 25805,
                "node": "12",
                "reporter": "23"
            },
            {
                "delta": 25947,
                "node": "12",
                "reporter": "1"
            },
            {
                "delta": 26123,
                "node": "12",
                "reporter": "10"
            },
            {
                "delta": 26276,
                "node": "12",
                "reporter": "4"
            },
            {
                "delta": 26333,
                "node": "12",
                "reporter": "17"
            },
            {
                "delta": 26401,
                "node": "12",
                "reporter": "9"
            },
            {
                "delta": 26407,
                "node": "12",
                "reporter": "7"
            },
            {
                "delta": 26436,
                "node": "12",
                "reporter": "19"
            },
            {
                "delta": 26503,
                "node": "12",
                "reporter": "26"
            },
            {
                "delta": 26524,
                "node": "12",
                "reporter": "6"
            },
            {
                "delta": 26545,
                "node": "12",
                "reporter": "11"
            },
            {
                "delta": 26577,
                "node": "12",
                "reporter": "3"
            },
            {
                "delta": 26601,
                "node": "12",
                "reporter": "27"
            },
            {
                "delta": 26620,
                "node": "12",
                "reporter": "15"
            },
            {
                "delta": 26714,
                "node": "12",
                "reporter": "20"
            },
            {
                "delta": 26726,
                "node": "12",
                "reporter": "16"
            },
            {
                "delta": 26731,
                "node": "12",
                "reporter": "2"
            },
            {
                "delta": 26803,
                "node": "12",
                "reporter": "5"
            },
            {
                "delta": 26822,
                "node": "12",
                "reporter": "24"
            },
            {
                "delta": 26930,
                "node": "12",
                "reporter": "25"
            },
            {
                "delta": 26932,
                "node": "12",
                "reporter": "8"
            },
            {
                "delta": 26936,
                "node": "12",
                "reporter": "14"
            },
            {
                "delta": 26972,
                "node": "12",
                "reporter": "30"
            },
            {
                "delta": 27013,
                "node": "12",
                "reporter": "28"
            },
            {
                "delta": 27082,
                "node": "12",
                "reporter": "21"
            },
            {
                "delta": 27087,
                "node": "12",
                "reporter": "22"
            },
            {
                "delta": 27201,
                "node": "12",
                "reporter": "18"
            },
            {
                "delta": 27213,
                "node": "12",
                "reporter": "13"
            },
            {
                "delta": 27271,
                "node": "12",
                "reporter": "29"
            }
        ]
    }
}