
{
    "id": "00450",
    "seed": 43,
    "repetition": 0,
    "settings": {
        "simulate_catastrophe": false,
        "number_of_nodes": 30,
        "duration": 120000,
        "gossip_delta": 200,
        "failure_delta": 3800,
        "miss_delta": 3800,
        "push_pull": true,
        "pick_strategy": 2,
        "enable_multicast": true,
        "multicast_parameter": 2.5,
        "multicast_max_wait": 7600,
        "expected_first_multicast": 2533
    },
    "result": {
        "start_time": 1500771550777,
        "end_time": 1500771670787,
        "expected_crashes": [
            {
                "delta": 18756,
                "node": "12"
            }
        ],
        "reported_crashes": [
            {
                "delta": 26523,
                "node": "12",
                "reporter": "6"
            },
            {
                "delta": 26683,
                "node": "12",
                "reporter": "30"
            },
            {
                "delta": 26709,
                "node": "12",
                "reporter": "25"
            },
            {
                "delta": 26716,
                "node": "12",
                "reporter": "22"
            },
            {
                "delta": 26772,
                "node": "12",
                "reporter": "4"
            },
            {
                "delta": 26865,
                "node": "12",
                "reporter": "11"
            },
            {
                "delta": 26872,
                "node": "12",
                "reporter": "10"
            },
            {
                "delta": 26879,
                "node": "12",
                "reporter": "26"
            },
            {
                "delta": 26884,
                "node": "12",
                "reporter": "19"
            },
            {
                "delta": 26889,
                "node": "12",
                "reporter": "17"
            },
            {
                "delta": 26921,
                "node": "12",
                "reporter": "21"
            },
            {
                "delta": 26960,
                "node": "12",
                "reporter": "3"
            },
            {
                "delta": 26978,
                "node": "12",
                "reporter": "15"
            },
            {
                "delta": 26980,
                "node": "12",
                "reporter": "1"
            },
            {
                "delta": 26986,
                "node": "12",
                "reporter": "16"
            },
            {
                "delta": 26988,
                "node": "12",
                "reporter": "24"
            },
            {
                "delta": 27000,
                "node": "12",
                "reporter": "9"
            },
            {
                "delta": 27015,
                "node": "12",
                "reporter": "14"
            },
            {
                "delta": 27019,
                "node": "12",
                "reporter": "8"
            },
            {
                "delta": 27029,
                "node": "12",
                "reporter": "2"
            },
            {
                "delta": 27111,
                "node": "12",
                "reporter": "5"
            },
            {
                "delta": 27115,
                "node": "12",
                "reporter": "23"
            },
            {
                "delta": 27135,
                "node": "12",
                "reporter": "7"
            },
            {
                "delta": 27190,
                "node": "12",
                "reporter": "29"
            },
            {
                "delta": 27213,
                "node": "12",
                "reporter": "20"
            },
            {
                "delta": 27220,
                "node": "12",
                "reporter": "27"
            },
            {
                "delta": 27293,
                "node": "12",
                "reporter": "28"
            },
            {
                "delta": 27347,
                "node": "12",
                "reporter": "18"
            },
            {
                "delta": 27392,
                "node": "12",
                "reporter": "13"
            }
        ]
    }
}