
{
    "id": "00453",
    "seed": 43,
    "repetition": 0,
    "settings": {
        "simulate_catastrophe": false,
        "number_of_nodes": 30,
        "duration": 120000,
        "gossip_delta": 200,
        "failure_delta": 3400,
        "miss_delta": 3400,
        "push_pull": false,
        "pick_strategy": 0,
        "enable_multicast": true,
        "multicast_parameter": 5.75,
        "multicast_max_wait": 3400,
        "expected_first_multicast": 2266
    },
    "result": {
        "start_time": 1500771925866,
        "end_time": 1500772045877,
        "expected_crashes": [
            {
                "delta": 18756,
                "node": "12"
            }
        ],
        "reported_crashes": [
            {
                "delta": 25726,
                "node": "12",
                "reporter": "14"
            },
            {
                "delta": 26025,
                "node": "12",
                "reporter": "11"
            },
            {
                "delta": 26124,
                "node": "12",
                "reporter": "18"
            },
            {
                "delta": 26125,
                "node": "12",
                "reporter": "30"
            },
            {
                "delta": 26304,
                "node": "12",
                "reporter": "20"
            },
            {
                "delta": 26334,
                "node": "12",
                "reporter": "6"
            },
            {
                "delta": 26379,
                "node": "12",
                "reporter": "25"
            },
            {
                "delta": 26406,
                "node": "12",
                "reporter": "19"
            },
            {
                "delta": 26497,
                "node": "12",
                "reporter": "7"
            },
            {
                "delta": 26502,
                "node": "12",
                "reporter": "5"
            },
            {
                "delta": 26527,
                "node": "12",
                "reporter": "16"
            },
            {
                "delta": 26542,
                "node": "12",
                "reporter": "21"
            },
            {
                "delta": 26610,
                "node": "12",
                "reporter": "17"
            },
            {
                "delta": 26622,
                "node": "12",
                "reporter": "9"
            },
            {
                "delta": 26650,
                "node": "12",
                "reporter": "8"
            },
            {
                "delta": 26700,
                "node": "12",
                "reporter": "1"
            },
            {
                "delta": 26733,
                "node": "12",
                "reporter": "10"
            },
            {
                "delta": 26747,
                "node": "12",
                "reporter": "23"
            },
            {
                "delta": 26750,
                "node": "12",
                "reporter": "24"
            },
            {
                "delta": 26771,
                "node": "12",
                "reporter": "2"
            },
            {
                "delta": 26807,
                "node": "12",
                "reporter": "28"
            },
            {
                "delta": 26822,
                "node": "12",
                "reporter": "4"
            },
            {
                "delta": 26825,
                "node": "12",
                "reporter": "15"
            },
            {
                "delta": 26890,
                "node": "12",
                "reporter": "3"
            },
            {
                "delta": 26962,
                "node": "12",
                "reporter": "13"
            },
            {
                "delta": 27170,
                "node": "12",
                "reporter": "26"
            },
            {
                "delta": 27207,
                "node": "12",
                "reporter": "22"
            },
            {
                "delta": 27431,
                "node": "12",
                "reporter": "29"
            },
            {
                "delta": 27541,
                "node": "12",
                "reporter": "27"
            }
        ]
    }
}