
{
    "id": "00468",
    "seed": 43,
    "repetition": 0,
    "settings": {
        "simulate_catastrophe": false,
        "number_of_nodes": 30,
        "duration": 120000,
        "gossip_delta": 200,
        "failure_delta": 3400,
        "miss_delta": 3400,
        "push_pull": true,
        "pick_strategy": 0,
        "enable_multicast": true,
        "multicast_parameter": 5.75,
        "multicast_max_wait": 3400,
        "expected_first_multicast": 2266
    },
    "result": {
        "start_time": 1500773801316,
        "end_time": 1500773921326,
        "expected_crashes": [
            {
                "delta": 18756,
                "node": "12"
            }
        ],
        "reported_crashes": [
            {
                "delta": 25753,
                "node": "12",
                "reporter": "25"
            },
            {
                "delta": 25964,
                "node": "12",
                "reporter": "11"
            },
            {
                "delta": 25991,
                "node": "12",
                "reporter": "27"
            },
            {
                "delta": 26007,
                "node": "12",
                "reporter": "7"
            },
            {
                "delta": 26086,
                "node": "12",
                "reporter": "19"
            },
            {
                "delta": 26093,
                "node": "12",
                "reporter": "10"
            },
            {
                "delta": 26106,
                "node": "12",
                "reporter": "16"
            },
            {
                "delta": 26118,
                "node": "12",
                "reporter": "22"
            },
            {
                "delta": 26139,
                "node": "12",
                "reporter": "14"
            },
            {
                "delta": 26161,
                "node": "12",
                "reporter": "1"
            },
            {
                "delta": 26229,
                "node": "12",
                "reporter": "30"
            },
            {
                "delta": 26235,
                "node": "12",
                "reporter": "13"
            },
            {
                "delta": 26273,
                "node": "12",
                "reporter": "8"
            },
            {
                "delta": 26299,
                "node": "12",
                "reporter": "28"
            },
            {
                "delta": 26324,
                "node": "12",
                "reporter": "29"
            },
            {
                "delta": 26342,
                "node": "12",
                "reporter": "24"
            },
            {
                "delta": 26351,
                "node": "12",
                "reporter": "9"
            },
            {
                "delta": 26352,
                "node": "12",
                "reporter": "20"
            },
            {
                "delta": 26361,
                "node": "12",
                "reporter": "26"
            },
            {
                "delta": 26362,
                "node": "12",
                "reporter": "2"
            },
            {
                "delta": 26444,
                "node": "12",
                "reporter": "23"
            },
            {
                "delta": 26449,
                "node": "12",
                "reporter": "4"
            },
            {
                "delta": 26467,
                "node": "12",
                "reporter": "15"
            },
            {
                "delta": 26525,
                "node": "12",
                "reporter": "5"
            },
            {
                "delta": 26564,
                "node": "12",
                "reporter": "6"
            },
            {
                "delta": 26567,
                "node": "12",
                "reporter": "3"
            },
            {
                "delta": 26582,
                "node": "12",
                "reporter": "18"
            },
            {
                "delta": 26653,
                "node": "12",
                "reporter": "21"
            },
            {
                "delta": 26675,
                "node": "12",
                "reporter": "17"
            }
        ]
    }
}