
{
    "id": "00461",
    "seed": 43,
    "repetition": 0,
    "settings": {
        "simulate_catastrophe": false,
        "number_of_nodes": 30,
        "duration": 120000,
        "gossip_delta": 200,
        "failure_delta": 3400,
        "miss_delta": 3400,
        "push_pull": false,
        "pick_strategy": 2,
        "enable_multicast": false,
        "multicast_parameter": null,
        "multicast_max_wait": null,
        "expected_first_multicast": null
    },
    "result": {
        "start_time": 1500772926107,
        "end_time": 1500773046117,
        "expected_crashes": [
            {
                "delta": 18756,
                "node": "12"
            }
        ],
        "reported_crashes": [
            {
                "delta": 22305,
                "node": "12",
                "reporter": "14"
            },
            {
                "delta": 22598,
                "node": "12",
                "reporter": "11"
            },
            {
                "delta": 22685,
                "node": "12",
                "reporter": "1"
            },
            {
                "delta": 22830,
                "node": "12",
                "reporter": "18"
            },
            {
                "delta": 22896,
                "node": "12",
                "reporter": "16"
            },
            {
                "delta": 22989,
                "node": "12",
                "reporter": "15"
            },
            {
                "delta": 23003,
                "node": "12",
                "reporter": "13"
            },
            {
                "delta": 23053,
                "node": "12",
                "reporter": "5"
            },
            {
                "delta": 23120,
                "node": "12",
                "reporter": "2"
            },
            {
                "delta": 23127,
                "node": "12",
                "reporter": "24"
            },
            {
                "delta": 23182,
                "node": "12",
                "reporter": "10"
            },
            {
                "delta": 23194,
                "node": "12",
                "reporter": "19"
            },
            {
                "delta": 23242,
                "node": "12",
                "reporter": "28"
            },
            {
                "delta": 23263,
                "node": "12",
                "reporter": "4"
            },
            {
                "delta": 23300,
                "node": "12",
                "reporter": "27"
            },
            {
                "delta": 23338,
                "node": "12",
                "reporter": "25"
            },
            {
                "delta": 23379,
                "node": "12",
                "reporter": "26"
            },
            {
                "delta": 23400,
                "node": "12",
                "reporter": "29"
            },
            {
                "delta": 23450,
                "node": "12",
                "reporter": "9"
            },
            {
                "delta": 23457,
                "node": "12",
                "reporter": "22"
            },
            {
                "delta": 23509,
                "node": "12",
                "reporter": "20"
            },
            {
                "delta": 23543,
                "node": "12",
                "reporter": "6"
            },
            {
                "delta": 23554,
                "node": "12",
                "reporter": "23"
            },
            {
                "delta": 23609,
                "node": "12",
                "reporter": "30"
            },
            {
                "delta": 23625,
                "node": "12",
                "reporter": "7"
            },
            {
                "delta": 23747,
                "node": "12",
                "reporter": "3"
            },
            {
                "delta": 23812,
                "node": "12",
                "reporter": "17"
            },
            {
                "delta": 23941,
                "node": "12",
                "reporter": "21"
            },
            {
                "delta": 24201,
                "node": "12",
                "reporter": "8"
            }
        ]
    }
}