
{
    "id": "00477",
    "seed": 43,
    "repetition": 0,
    "settings": {
        "simulate_catastrophe": false,
        "number_of_nodes": 30,
        "duration": 120000,
        "gossip_delta": 200,
        "failure_delta": 3400,
        "miss_delta": 3400,
        "push_pull": true,
        "pick_strategy": 2,
        "enable_multicast": true,
        "multicast_parameter": 1.0,
        "multicast_max_wait": 3400,
        "expected_first_multicast": 1133
    },
    "result": {
        "start_time": 1500774926586,
        "end_time": 1500775046596,
        "expected_crashes": [
            {
                "delta": 18756,
                "node": "12"
            }
        ],
        "reported_crashes": [
            {
                "delta": 25736,
                "node": "12",
                "reporter": "16"
            },
            {
                "delta": 26042,
                "node": "12",
                "reporter": "10"
            },
            {
                "delta": 26065,
                "node": "12",
                "reporter": "4"
            },
            {
                "delta": 26174,
                "node": "12",
                "reporter": "19"
            },
            {
                "delta": 26208,
                "node": "12",
                "reporter": "24"
            },
            {
                "delta": 26248,
                "node": "12",
                "reporter": "25"
            },
            {
                "delta": 26251,
                "node": "12",
                "reporter": "17"
            },
            {
                "delta": 26253,
                "node": "12",
                "reporter": "6"
            },
            {
                "delta": 26269,
                "node": "12",
                "reporter": "13"
            },
            {
                "delta": 26329,
                "node": "12",
                "reporter": "28"
            },
            {
                "delta": 26333,
                "node": "12",
                "reporter": "18"
            },
            {
                "delta": 26341,
                "node": "12",
                "reporter": "8"
            },
            {
                "delta": 26356,
                "node": "12",
                "reporter": "20"
            },
            {
                "delta": 26369,
                "node": "12",
                "reporter": "29"
            },
            {
                "delta": 26372,
                "node": "12",
                "reporter": "30"
            },
            {
                "delta": 26377,
                "node": "12",
                "reporter": "23"
            },
            {
                "delta": 26378,
                "node": "12",
                "reporter": "15"
            },
            {
                "delta": 26379,
                "node": "12",
                "reporter": "11"
            },
            {
                "delta": 26381,
                "node": "12",
                "reporter": "2"
            },
            {
                "delta": 26381,
                "node": "12",
                "reporter": "9"
            },
            {
                "delta": 26385,
                "node": "12",
                "reporter": "7"
            },
            {
                "delta": 26390,
                "node": "12",
                "reporter": "27"
            },
            {
                "delta": 26390,
                "node": "12",
                "reporter": "26"
            },
            {
                "delta": 26392,
                "node": "12",
                "reporter": "21"
            },
            {
                "delta": 26396,
                "node": "12",
                "reporter": "14"
            },
            {
                "delta": 26396,
                "node": "12",
                "reporter": "22"
            },
            {
                "delta": 26416,
                "node": "12",
                "reporter": "1"
            },
            {
                "delta": 26460,
                "node": "12",
                "reporter": "3"
            },
            {
                "delta": 26507,
                "node": "12",
                "reporter": "5"
            }
        ]
    }
}