
{
    "id": "00475",
    "seed": 43,
    "repetition": 0,
    "settings": {
        "simulate_catastrophe": false,
        "number_of_nodes": 30,
        "duration": 120000,
        "gossip_delta": 200,
        "failure_delta": 3400,
        "miss_delta": 3400,
        "push_pull": true,
        "pick_strategy": 1,
        "enable_multicast": true,
        "multicast_parameter": 2.75,
        "multicast_max_wait": 6800,
        "expected_first_multicast": 2266
    },
    "result": {
        "start_time": 1500774676526,
        "end_time": 1500774796536,
        "expected_crashes": [
            {
                "delta": 18756,
                "node": "12"
            }
        ],
        "reported_crashes": [
            {
                "delta": 25717,
                "node": "12",
                "reporter": "22"
            },
            {
                "delta": 25770,
                "node": "12",
                "reporter": "26"
            },
            {
                "delta": 26103,
                "node": "12",
                "reporter": "18"
            },
            {
                "delta": 26107,
                "node": "12",
                "reporter": "5"
            },
            {
                "delta": 26160,
                "node": "12",
                "reporter": "2"
            },
            {
                "delta": 26196,
                "node": "12",
                "reporter": "4"
            },
            {
                "delta": 26252,
                "node": "12",
                "reporter": "21"
            },
            {
                "delta": 26287,
                "node": "12",
                "reporter": "11"
            },
            {
                "delta": 26305,
                "node": "12",
                "reporter": "14"
            },
            {
                "delta": 26326,
                "node": "12",
                "reporter": "20"
            },
            {
                "delta": 26357,
                "node": "12",
                "reporter": "16"
            },
            {
                "delta": 26386,
                "node": "12",
                "reporter": "23"
            },
            {
                "delta": 26399,
                "node": "12",
                "reporter": "25"
            },
            {
                "delta": 26412,
                "node": "12",
                "reporter": "10"
            },
            {
                "delta": 26424,
                "node": "12",
                "reporter": "6"
            },
            {
                "delta": 26433,
                "node": "12",
                "reporter": "1"
            },
            {
                "delta": 26442,
                "node": "12",
                "reporter": "8"
            },
            {
                "delta": 26451,
                "node": "12",
                "reporter": "9"
            },
            {
                "delta": 26472,
                "node": "12",
                "reporter": "29"
            },
            {
                "delta": 26488,
                "node": "12",
                "reporter": "28"
            },
            {
                "delta": 26494,
                "node": "12",
                "reporter": "19"
            },
            {
                "delta": 26500,
                "node": "12",
                "reporter": "27"
            },
            {
                "delta": 26510,
                "node": "12",
                "reporter": "3"
            },
            {
                "delta": 26510,
                "node": "12",
                "reporter": "30"
            },
            {
                "delta": 26566,
                "node": "12",
                "reporter": "7"
            },
            {
                "delta": 26612,
                "node": "12",
                "reporter": "17"
            },
            {
                "delta": 26617,
                "node": "12",
                "reporter": "13"
            },
            {
                "delta": 26648,
                "node": "12",
                "reporter": "15"
            },
            {
                "delta": 26698,
                "node": "12",
                "reporter": "24"
            }
        ]
    }
}