
{
    "id": "00479",
    "seed": 43,
    "repetition": 0,
    "settings": {
        "simulate_catastrophe": false,
        "number_of_nodes": 30,
        "duration": 120000,
        "gossip_delta": 200,
        "failure_delta": 3400,
        "miss_delta": 3400,
        "push_pull": true,
        "pick_strategy": 2,
        "enable_multicast": true,
        "multicast_parameter": 1.0,
        "multicast_max_wait": 6800,
        "expected_first_multicast": 1133
    },
    "result": {
        "start_time": 1500775176646,
        "end_time": 1500775296657,
        "expected_crashes": [
            {
                "delta": 18756,
                "node": "12"
            }
        ],
        "reported_crashes": [
            {
                "delta": 25711,
                "node": "12",
                "reporter": "17"
            },
            {
                "delta": 25712,
                "node": "12",
                "reporter": "30"
            },
            {
                "delta": 25769,
                "node": "12",
                "reporter": "25"
            },
            {
                "delta": 25769,
                "node": "12",
                "reporter": "23"
            },
            {
                "delta": 25790,
                "node": "12",
                "reporter": "13"
            },
            {
                "delta": 25800,
                "node": "12",
                "reporter": "26"
            },
            {
                "delta": 25800,
                "node": "12",
                "reporter": "2"
            },
            {
                "delta": 25862,
                "node": "12",
                "reporter": "10"
            },
            {
                "delta": 25978,
                "node": "12",
                "reporter": "29"
            },
            {
                "delta": 25991,
                "node": "12",
                "reporter": "9"
            },
            {
                "delta": 25996,
                "node": "12",
                "reporter": "7"
            },
            {
                "delta": 26004,
                "node": "12",
                "reporter": "14"
            },
            {
                "delta": 26026,
                "node": "12",
                "reporter": "16"
            },
            {
                "delta": 26060,
                "node": "12",
                "reporter": "8"
            },
            {
                "delta": 26072,
                "node": "12",
                "reporter": "21"
            },
            {
                "delta": 26074,
                "node": "12",
                "reporter": "20"
            },
            {
                "delta": 26104,
                "node": "12",
                "reporter": "18"
            },
            {
                "delta": 26105,
                "node": "12",
                "reporter": "22"
            },
            {
                "delta": 26120,
                "node": "12",
                "reporter": "3"
            },
            {
                "delta": 26149,
                "node": "12",
                "reporter": "11"
            },
            {
                "delta": 26154,
                "node": "12",
                "reporter": "4"
            },
            {
                "delta": 26159,
                "node": "12",
                "reporter": "27"
            },
            {
                "delta": 26164,
                "node": "12",
                "reporter": "19"
            },
            {
                "delta": 26187,
                "node": "12",
                "reporter": "1"
            },
            {
                "delta": 26193,
                "node": "12",
                "reporter": "6"
            },
            {
                "delta": 26217,
                "node": "12",
                "reporter": "24"
            },
            {
                "delta": 26238,
                "node": "12",
                "reporter": "5"
            },
            {
                "delta": 26238,
                "node": "12",
                "reporter": "28"
            },
            {
                "delta": 26268,
                "node": "12",
                "reporter": "15"
            }
        ]
    }
}