
{
    "id": "00478",
    "seed": 43,
    "repetition": 0,
    "settings": {
        "simulate_catastrophe": false,
        "number_of_nodes": 30,
        "duration": 120000,
        "gossip_delta": 200,
        "failure_delta": 3400,
        "miss_delta": 3400,
        "push_pull": true,
        "pick_strategy": 2,
        "enable_multicast": true,
        "multicast_parameter": 5.75,
        "multicast_max_wait": 3400,
        "expected_first_multicast": 2266
    },
    "result": {
        "start_time": 1500775051616,
        "end_time": 1500775171627,
        "expected_crashes": [
            {
                "delta": 18756,
                "node": "12"
            }
        ],
        "reported_crashes": [
            {
                "delta": 25863,
                "node": "12",
                "reporter": "18"
            },
            {
                "delta": 26066,
                "node": "12",
                "reporter": "7"
            },
            {
                "delta": 26188,
                "node": "12",
                "reporter": "15"
            },
            {
                "delta": 26213,
                "node": "12",
                "reporter": "19"
            },
            {
                "delta": 26232,
                "node": "12",
                "reporter": "30"
            },
            {
                "delta": 26238,
                "node": "12",
                "reporter": "28"
            },
            {
                "delta": 26290,
                "node": "12",
                "reporter": "2"
            },
            {
                "delta": 26311,
                "node": "12",
                "reporter": "29"
            },
            {
                "delta": 26314,
                "node": "12",
                "reporter": "20"
            },
            {
                "delta": 26334,
                "node": "12",
                "reporter": "6"
            },
            {
                "delta": 26385,
                "node": "12",
                "reporter": "22"
            },
            {
                "delta": 26392,
                "node": "12",
                "reporter": "10"
            },
            {
                "delta": 26400,
                "node": "12",
                "reporter": "26"
            },
            {
                "delta": 26407,
                "node": "12",
                "reporter": "16"
            },
            {
                "delta": 26418,
                "node": "12",
                "reporter": "13"
            },
            {
                "delta": 26490,
                "node": "12",
                "reporter": "8"
            },
            {
                "delta": 26527,
                "node": "12",
                "reporter": "14"
            },
            {
                "delta": 26558,
                "node": "12",
                "reporter": "5"
            },
            {
                "delta": 26570,
                "node": "12",
                "reporter": "3"
            },
            {
                "delta": 26581,
                "node": "12",
                "reporter": "9"
            },
            {
                "delta": 26586,
                "node": "12",
                "reporter": "1"
            },
            {
                "delta": 26588,
                "node": "12",
                "reporter": "25"
            },
            {
                "delta": 26608,
                "node": "12",
                "reporter": "11"
            },
            {
                "delta": 26630,
                "node": "12",
                "reporter": "17"
            },
            {
                "delta": 26662,
                "node": "12",
                "reporter": "21"
            },
            {
                "delta": 26678,
                "node": "12",
                "reporter": "23"
            },
            {
                "delta": 26688,
                "node": "12",
                "reporter": "24"
            },
            {
                "delta": 26694,
                "node": "12",
                "reporter": "4"
            },
            {
                "delta": 26720,
                "node": "12",
                "reporter": "27"
            }
        ]
    }
}