
{
    "id": "00487",
    "seed": 43,
    "repetition": 0,
    "settings": {
        "simulate_catastrophe": false,
        "number_of_nodes": 30,
        "duration": 120000,
        "gossip_delta": 200,
        "failure_delta": 3000,
        "miss_delta": 3000,
        "push_pull": false,
        "pick_strategy": 1,
        "enable_multicast": true,
        "multicast_parameter": 1.0,
        "multicast_max_wait": 3000,
        "expected_first_multicast": 1000
    },
    "result": {
        "start_time": 1500776176886,
        "end_time": 1500776296897,
        "expected_crashes": [
            {
                "delta": 18756,
                "node": "12"
            }
        ],
        "reported_crashes": [
            {
                "delta": 25059,
                "node": "12",
                "reporter": "20"
            },
            {
                "delta": 25087,
                "node": "12",
                "reporter": "18"
            },
            {
                "delta": 25308,
                "node": "12",
                "reporter": "25"
            },
            {
                "delta": 25435,
                "node": "12",
                "reporter": "14"
            },
            {
                "delta": 25543,
                "node": "12",
                "reporter": "19"
            },
            {
                "delta": 25605,
                "node": "12",
                "reporter": "24"
            },
            {
                "delta": 25634,
                "node": "12",
                "reporter": "30"
            },
            {
                "delta": 25652,
                "node": "12",
                "reporter": "21"
            },
            {
                "delta": 25709,
                "node": "12",
                "reporter": "5"
            },
            {
                "delta": 25729,
                "node": "12",
                "reporter": "26"
            },
            {
                "delta": 25789,
                "node": "12",
                "reporter": "4"
            },
            {
                "delta": 25801,
                "node": "12",
                "reporter": "23"
            },
            {
                "delta": 25808,
                "node": "12",
                "reporter": "17"
            },
            {
                "delta": 25857,
                "node": "12",
                "reporter": "16"
            },
            {
                "delta": 25901,
                "node": "12",
                "reporter": "15"
            },
            {
                "delta": 25905,
                "node": "12",
                "reporter": "7"
            },
            {
                "delta": 25952,
                "node": "12",
                "reporter": "10"
            },
            {
                "delta": 26025,
                "node": "12",
                "reporter": "22"
            },
            {
                "delta": 26030,
                "node": "12",
                "reporter": "27"
            },
            {
                "delta": 26037,
                "node": "12",
                "reporter": "28"
            },
            {
                "delta": 26051,
                "node": "12",
                "reporter": "29"
            },
            {
                "delta": 26110,
                "node": "12",
                "reporter": "9"
            },
            {
                "delta": 26190,
                "node": "12",
                "reporter": "1"
            },
            {
                "delta": 26229,
                "node": "12",
                "reporter": "8"
            },
            {
                "delta": 26232,
                "node": "12",
                "reporter": "13"
            },
            {
                "delta": 26283,
                "node": "12",
                "reporter": "6"
            },
            {
                "delta": 26301,
                "node": "12",
                "reporter": "11"
            },
            {
                "delta": 26639,
                "node": "12",
                "reporter": "2"
            },
            {
                "delta": 26748,
                "node": "12",
                "reporter": "3"
            }
        ]
    }
}