
{
    "id": "00483",
    "seed": 43,
    "repetition": 0,
    "settings": {
        "simulate_catastrophe": false,
        "number_of_nodes": 30,
        "duration": 120000,
        "gossip_delta": 200,
        "failure_delta": 3000,
        "miss_delta": 3000,
        "push_pull": false,
        "pick_strategy": 0,
        "enable_multicast": true,
        "multicast_parameter": 5.75,
        "multicast_max_wait": 3000,
        "expected_first_multicast": 2000
    },
    "result": {
        "start_time": 1500775676766,
        "end_time": 1500775796777,
        "expected_crashes": [
            {
                "delta": 18756,
                "node": "12"
            }
        ],
        "reported_crashes": [
            {
                "delta": 25003,
                "node": "12",
                "reporter": "4"
            },
            {
                "delta": 25202,
                "node": "12",
                "reporter": "21"
            },
            {
                "delta": 25293,
                "node": "12",
                "reporter": "19"
            },
            {
                "delta": 25333,
                "node": "12",
                "reporter": "30"
            },
            {
                "delta": 25496,
                "node": "12",
                "reporter": "14"
            },
            {
                "delta": 25499,
                "node": "12",
                "reporter": "26"
            },
            {
                "delta": 25558,
                "node": "12",
                "reporter": "5"
            },
            {
                "delta": 25580,
                "node": "12",
                "reporter": "2"
            },
            {
                "delta": 25599,
                "node": "12",
                "reporter": "17"
            },
            {
                "delta": 25657,
                "node": "12",
                "reporter": "16"
            },
            {
                "delta": 25700,
                "node": "12",
                "reporter": "27"
            },
            {
                "delta": 25714,
                "node": "12",
                "reporter": "22"
            },
            {
                "delta": 25728,
                "node": "12",
                "reporter": "15"
            },
            {
                "delta": 25762,
                "node": "12",
                "reporter": "10"
            },
            {
                "delta": 25806,
                "node": "12",
                "reporter": "18"
            },
            {
                "delta": 25822,
                "node": "12",
                "reporter": "29"
            },
            {
                "delta": 25830,
                "node": "12",
                "reporter": "11"
            },
            {
                "delta": 25849,
                "node": "12",
                "reporter": "8"
            },
            {
                "delta": 25868,
                "node": "12",
                "reporter": "1"
            },
            {
                "delta": 25900,
                "node": "12",
                "reporter": "9"
            },
            {
                "delta": 25933,
                "node": "12",
                "reporter": "6"
            },
            {
                "delta": 25939,
                "node": "12",
                "reporter": "25"
            },
            {
                "delta": 25960,
                "node": "12",
                "reporter": "23"
            },
            {
                "delta": 25970,
                "node": "12",
                "reporter": "3"
            },
            {
                "delta": 26008,
                "node": "12",
                "reporter": "28"
            },
            {
                "delta": 26060,
                "node": "12",
                "reporter": "20"
            },
            {
                "delta": 26325,
                "node": "12",
                "reporter": "7"
            },
            {
                "delta": 26376,
                "node": "12",
                "reporter": "24"
            },
            {
                "delta": 26481,
                "node": "12",
                "reporter": "13"
            }
        ]
    }
}