
{
    "id": "00492",
    "seed": 43,
    "repetition": 0,
    "settings": {
        "simulate_catastrophe": false,
        "number_of_nodes": 30,
        "duration": 120000,
        "gossip_delta": 200,
        "failure_delta": 3000,
        "miss_delta": 3000,
        "push_pull": false,
        "pick_strategy": 2,
        "enable_multicast": true,
        "multicast_parameter": 1.0,
        "multicast_max_wait": 3000,
        "expected_first_multicast": 1000
    },
    "result": {
        "start_time": 1500776802036,
        "end_time": 1500776922047,
        "expected_crashes": [
            {
                "delta": 18756,
                "node": "12"
            }
        ],
        "reported_crashes": [
            {
                "delta": 25022,
                "node": "12",
                "reporter": "3"
            },
            {
                "delta": 25313,
                "node": "12",
                "reporter": "29"
            },
            {
                "delta": 25421,
                "node": "12",
                "reporter": "8"
            },
            {
                "delta": 25495,
                "node": "12",
                "reporter": "22"
            },
            {
                "delta": 25501,
                "node": "12",
                "reporter": "1"
            },
            {
                "delta": 25620,
                "node": "12",
                "reporter": "2"
            },
            {
                "delta": 25654,
                "node": "12",
                "reporter": "6"
            },
            {
                "delta": 25693,
                "node": "12",
                "reporter": "19"
            },
            {
                "delta": 25712,
                "node": "12",
                "reporter": "26"
            },
            {
                "delta": 25767,
                "node": "12",
                "reporter": "13"
            },
            {
                "delta": 25823,
                "node": "12",
                "reporter": "20"
            },
            {
                "delta": 25840,
                "node": "12",
                "reporter": "27"
            },
            {
                "delta": 25906,
                "node": "12",
                "reporter": "7"
            },
            {
                "delta": 25922,
                "node": "12",
                "reporter": "9"
            },
            {
                "delta": 25980,
                "node": "12",
                "reporter": "18"
            },
            {
                "delta": 26006,
                "node": "12",
                "reporter": "28"
            },
            {
                "delta": 26011,
                "node": "12",
                "reporter": "30"
            },
            {
                "delta": 26014,
                "node": "12",
                "reporter": "24"
            },
            {
                "delta": 26157,
                "node": "12",
                "reporter": "17"
            },
            {
                "delta": 26163,
                "node": "12",
                "reporter": "10"
            },
            {
                "delta": 26164,
                "node": "12",
                "reporter": "4"
            },
            {
                "delta": 26166,
                "node": "12",
                "reporter": "23"
            },
            {
                "delta": 26205,
                "node": "12",
                "reporter": "14"
            },
            {
                "delta": 26219,
                "node": "12",
                "reporter": "11"
            },
            {
                "delta": 26219,
                "node": "12",
                "reporter": "15"
            },
            {
                "delta": 26277,
                "node": "12",
                "reporter": "16"
            },
            {
                "delta": 26419,
                "node": "12",
                "reporter": "25"
            },
            {
                "delta": 26522,
                "node": "12",
                "reporter": "21"
            },
            {
                "delta": 26608,
                "node": "12",
                "reporter": "5"
            }
        ]
    }
}