
{
    "id": "00499",
    "seed": 43,
    "repetition": 0,
    "settings": {
        "simulate_catastrophe": false,
        "number_of_nodes": 30,
        "duration": 120000,
        "gossip_delta": 200,
        "failure_delta": 3000,
        "miss_delta": 3000,
        "push_pull": true,
        "pick_strategy": 0,
        "enable_multicast": true,
        "multicast_parameter": 1.0,
        "multicast_max_wait": 6000,
        "expected_first_multicast": 1000
    },
    "result": {
        "start_time": 1500777677247,
        "end_time": 1500777797256,
        "expected_crashes": [
            {
                "delta": 18756,
                "node": "12"
            }
        ],
        "reported_crashes": [
            {
                "delta": 24877,
                "node": "12",
                "reporter": "30"
            },
            {
                "delta": 24907,
                "node": "12",
                "reporter": "20"
            },
            {
                "delta": 25083,
                "node": "12",
                "reporter": "29"
            },
            {
                "delta": 25083,
                "node": "12",
                "reporter": "19"
            },
            {
                "delta": 25100,
                "node": "12",
                "reporter": "2"
            },
            {
                "delta": 25133,
                "node": "12",
                "reporter": "13"
            },
            {
                "delta": 25142,
                "node": "12",
                "reporter": "10"
            },
            {
                "delta": 25159,
                "node": "12",
                "reporter": "27"
            },
            {
                "delta": 25203,
                "node": "12",
                "reporter": "15"
            },
            {
                "delta": 25210,
                "node": "12",
                "reporter": "8"
            },
            {
                "delta": 25250,
                "node": "12",
                "reporter": "18"
            },
            {
                "delta": 25255,
                "node": "12",
                "reporter": "22"
            },
            {
                "delta": 25280,
                "node": "12",
                "reporter": "23"
            },
            {
                "delta": 25292,
                "node": "12",
                "reporter": "21"
            },
            {
                "delta": 25304,
                "node": "12",
                "reporter": "17"
            },
            {
                "delta": 25314,
                "node": "12",
                "reporter": "28"
            },
            {
                "delta": 25321,
                "node": "12",
                "reporter": "26"
            },
            {
                "delta": 25362,
                "node": "12",
                "reporter": "1"
            },
            {
                "delta": 25411,
                "node": "12",
                "reporter": "9"
            },
            {
                "delta": 25417,
                "node": "12",
                "reporter": "25"
            },
            {
                "delta": 25437,
                "node": "12",
                "reporter": "5"
            },
            {
                "delta": 25473,
                "node": "12",
                "reporter": "6"
            },
            {
                "delta": 25486,
                "node": "12",
                "reporter": "16"
            },
            {
                "delta": 25535,
                "node": "12",
                "reporter": "14"
            },
            {
                "delta": 25543,
                "node": "12",
                "reporter": "24"
            },
            {
                "delta": 25550,
                "node": "12",
                "reporter": "3"
            },
            {
                "delta": 25576,
                "node": "12",
                "reporter": "11"
            },
            {
                "delta": 25586,
                "node": "12",
                "reporter": "7"
            },
            {
                "delta": 25745,
                "node": "12",
                "reporter": "4"
            }
        ]
    }
}