
{
    "id": "00498",
    "seed": 43,
    "repetition": 0,
    "settings": {
        "simulate_catastrophe": false,
        "number_of_nodes": 30,
        "duration": 120000,
        "gossip_delta": 200,
        "failure_delta": 3000,
        "miss_delta": 3000,
        "push_pull": true,
        "pick_strategy": 0,
        "enable_multicast": true,
        "multicast_parameter": 5.75,
        "multicast_max_wait": 3000,
        "expected_first_multicast": 2000
    },
    "result": {
        "start_time": 1500777552216,
        "end_time": 1500777672227,
        "expected_crashes": [
            {
                "delta": 18756,
                "node": "12"
            }
        ],
        "reported_crashes": [
            {
                "delta": 24778,
                "node": "12",
                "reporter": "30"
            },
            {
                "delta": 25086,
                "node": "12",
                "reporter": "20"
            },
            {
                "delta": 25211,
                "node": "12",
                "reporter": "8"
            },
            {
                "delta": 25339,
                "node": "12",
                "reporter": "4"
            },
            {
                "delta": 25403,
                "node": "12",
                "reporter": "10"
            },
            {
                "delta": 25471,
                "node": "12",
                "reporter": "23"
            },
            {
                "delta": 25494,
                "node": "12",
                "reporter": "13"
            },
            {
                "delta": 25540,
                "node": "12",
                "reporter": "16"
            },
            {
                "delta": 25543,
                "node": "12",
                "reporter": "3"
            },
            {
                "delta": 25608,
                "node": "12",
                "reporter": "5"
            },
            {
                "delta": 25626,
                "node": "12",
                "reporter": "17"
            },
            {
                "delta": 25643,
                "node": "12",
                "reporter": "9"
            },
            {
                "delta": 25687,
                "node": "12",
                "reporter": "11"
            },
            {
                "delta": 25704,
                "node": "12",
                "reporter": "29"
            },
            {
                "delta": 25783,
                "node": "12",
                "reporter": "24"
            },
            {
                "delta": 25785,
                "node": "12",
                "reporter": "18"
            },
            {
                "delta": 25816,
                "node": "12",
                "reporter": "14"
            },
            {
                "delta": 25821,
                "node": "12",
                "reporter": "26"
            },
            {
                "delta": 25843,
                "node": "12",
                "reporter": "1"
            },
            {
                "delta": 25863,
                "node": "12",
                "reporter": "21"
            },
            {
                "delta": 25874,
                "node": "12",
                "reporter": "6"
            },
            {
                "delta": 25894,
                "node": "12",
                "reporter": "15"
            },
            {
                "delta": 25917,
                "node": "12",
                "reporter": "7"
            },
            {
                "delta": 25948,
                "node": "12",
                "reporter": "22"
            },
            {
                "delta": 25971,
                "node": "12",
                "reporter": "27"
            },
            {
                "delta": 26045,
                "node": "12",
                "reporter": "19"
            },
            {
                "delta": 26069,
                "node": "12",
                "reporter": "25"
            },
            {
                "delta": 26171,
                "node": "12",
                "reporter": "2"
            },
            {
                "delta": 26184,
                "node": "12",
                "reporter": "28"
            }
        ]
    }
}